forras,datum,dimenzio,csoport,nepesseg,part,szazalek,fo
Europion,2026-05-09,Teljes,Teljes népesség,7613,Fidesz,23,1751
Europion,2026-05-09,Teljes,Teljes népesség,7613,Tisza,52,3959
Europion,2026-05-09,Teljes,Teljes népesség,7613,Mi Hazánk,7,533
Europion,2026-05-09,Teljes,Teljes népesség,7613,Egyéb,18,1370
Europion,2026-05-09,Nem,Nő,4035,Fidesz,22,888
Europion,2026-05-09,Nem,Nő,4035,Tisza,51,2058
Europion,2026-05-09,Nem,Nő,4035,Mi Hazánk,5,202
Europion,2026-05-09,Nem,Nő,4035,Egyéb,22,888
Europion,2026-05-09,Nem,Férfi,3578,Fidesz,24,859
Europion,2026-05-09,Nem,Férfi,3578,Tisza,52,1861
Europion,2026-05-09,Nem,Férfi,3578,Mi Hazánk,9,322
Europion,2026-05-09,Nem,Férfi,3578,Egyéb,15,537
Europion,2026-05-09,Korcsoport,18-29,1206,Fidesz,11,133
Europion,2026-05-09,Korcsoport,18-29,1206,Tisza,64,772
Europion,2026-05-09,Korcsoport,18-29,1206,Mi Hazánk,6,72
Europion,2026-05-09,Korcsoport,18-29,1206,Egyéb,19,229
Europion,2026-05-09,Korcsoport,30-39,1196,Fidesz,14,167
Europion,2026-05-09,Korcsoport,30-39,1196,Tisza,64,765
Europion,2026-05-09,Korcsoport,30-39,1196,Mi Hazánk,5,60
Europion,2026-05-09,Korcsoport,30-39,1196,Egyéb,17,203
Europion,2026-05-09,Korcsoport,40-49,1435,Fidesz,24,344
Europion,2026-05-09,Korcsoport,40-49,1435,Tisza,50,718
Europion,2026-05-09,Korcsoport,40-49,1435,Mi Hazánk,8,115
Europion,2026-05-09,Korcsoport,40-49,1435,Egyéb,18,258
Europion,2026-05-09,Korcsoport,50-59,1334,Fidesz,28,374
Europion,2026-05-09,Korcsoport,50-59,1334,Tisza,45,600
Europion,2026-05-09,Korcsoport,50-59,1334,Mi Hazánk,8,107
Europion,2026-05-09,Korcsoport,50-59,1334,Egyéb,19,253
Europion,2026-05-09,Korcsoport,60+,2443,Fidesz,31,757
Europion,2026-05-09,Korcsoport,60+,2443,Tisza,43,1050
Europion,2026-05-09,Korcsoport,60+,2443,Mi Hazánk,8,195
Europion,2026-05-09,Korcsoport,60+,2443,Egyéb,18,440
Europion,2026-05-09,Településtípus,község,2258,Fidesz,28,632
Europion,2026-05-09,Településtípus,község,2258,Tisza,45,1016
Europion,2026-05-09,Településtípus,község,2258,Mi Hazánk,7,158
Europion,2026-05-09,Településtípus,község,2258,Egyéb,20,452
Europion,2026-05-09,Településtípus,egyéb város,2528,Fidesz,24,607
Europion,2026-05-09,Településtípus,egyéb város,2528,Tisza,51,1289
Europion,2026-05-09,Településtípus,egyéb város,2528,Mi Hazánk,8,202
Europion,2026-05-09,Településtípus,egyéb város,2528,Egyéb,17,430
Europion,2026-05-09,Településtípus,megyei jogú város,1579,Fidesz,19,300
Europion,2026-05-09,Településtípus,megyei jogú város,1579,Tisza,54,853
Europion,2026-05-09,Településtípus,megyei jogú város,1579,Mi Hazánk,8,126
Europion,2026-05-09,Településtípus,megyei jogú város,1579,Egyéb,19,300
Europion,2026-05-09,Településtípus,főváros,1249,Fidesz,18,225
Europion,2026-05-09,Településtípus,főváros,1249,Tisza,60,749
Europion,2026-05-09,Településtípus,főváros,1249,Mi Hazánk,5,62
Europion,2026-05-09,Településtípus,főváros,1249,Egyéb,17,212
Europion,2026-05-09,Iskolázottság,≤8 általános,1457,Fidesz,30,437
Europion,2026-05-09,Iskolázottság,≤8 általános,1457,Tisza,42,612
Europion,2026-05-09,Iskolázottság,≤8 általános,1457,Mi Hazánk,8,117
Europion,2026-05-09,Iskolázottság,≤8 általános,1457,Egyéb,20,291
Europion,2026-05-09,Iskolázottság,szakmunkás,1706,Fidesz,30,512
Europion,2026-05-09,Iskolázottság,szakmunkás,1706,Tisza,42,717
Europion,2026-05-09,Iskolázottság,szakmunkás,1706,Mi Hazánk,8,136
Europion,2026-05-09,Iskolázottság,szakmunkás,1706,Egyéb,20,341
Europion,2026-05-09,Iskolázottság,érettségi,2554,Fidesz,19,485
Europion,2026-05-09,Iskolázottság,érettségi,2554,Tisza,54,1379
Europion,2026-05-09,Iskolázottság,érettségi,2554,Mi Hazánk,8,204
Europion,2026-05-09,Iskolázottság,érettségi,2554,Egyéb,19,485
Europion,2026-05-09,Iskolázottság,felsőfokú,1896,Fidesz,15,284
Europion,2026-05-09,Iskolázottság,felsőfokú,1896,Tisza,68,1289
Europion,2026-05-09,Iskolázottság,felsőfokú,1896,Mi Hazánk,4,76
Europion,2026-05-09,Iskolázottság,felsőfokú,1896,Egyéb,13,246
Europion,2026-06-07,Teljes,Teljes népesség,7613,Fidesz,25,1903
Europion,2026-06-07,Teljes,Teljes népesség,7613,Tisza,52,3959
Europion,2026-06-07,Teljes,Teljes népesség,7613,Mi Hazánk,7,533
Europion,2026-06-07,Teljes,Teljes népesség,7613,Egyéb,3,228
Europion,2026-06-07,Teljes,Teljes népesség,7613,Pártnélküli,13,990
Europion,2026-06-07,Nem,Nő,4035,Fidesz,24,968
Europion,2026-06-07,Nem,Nő,4035,Tisza,51,2058
Europion,2026-06-07,Nem,Nő,4035,Mi Hazánk,5,202
Europion,2026-06-07,Nem,Nő,4035,Egyéb,3,121
Europion,2026-06-07,Nem,Nő,4035,Pártnélküli,17,686
Europion,2026-06-07,Nem,Férfi,3578,Fidesz,25,894
Europion,2026-06-07,Nem,Férfi,3578,Tisza,53,1896
Europion,2026-06-07,Nem,Férfi,3578,Mi Hazánk,9,322
Europion,2026-06-07,Nem,Férfi,3578,Egyéb,3,107
Europion,2026-06-07,Nem,Férfi,3578,Pártnélküli,10,358
Europion,2026-06-07,Korcsoport,16-29,1206,Fidesz,13,157
Europion,2026-06-07,Korcsoport,16-29,1206,Tisza,60,724
Europion,2026-06-07,Korcsoport,16-29,1206,Mi Hazánk,7,84
Europion,2026-06-07,Korcsoport,16-29,1206,Egyéb,3,36
Europion,2026-06-07,Korcsoport,16-29,1206,Pártnélküli,17,205
Europion,2026-06-07,Korcsoport,30-39,1196,Fidesz,16,191
Europion,2026-06-07,Korcsoport,30-39,1196,Tisza,62,742
Europion,2026-06-07,Korcsoport,30-39,1196,Mi Hazánk,6,72
Europion,2026-06-07,Korcsoport,30-39,1196,Egyéb,3,36
Europion,2026-06-07,Korcsoport,30-39,1196,Pártnélküli,13,155
Europion,2026-06-07,Korcsoport,40-49,1435,Fidesz,26,373
Europion,2026-06-07,Korcsoport,40-49,1435,Tisza,50,718
Europion,2026-06-07,Korcsoport,40-49,1435,Mi Hazánk,8,115
Europion,2026-06-07,Korcsoport,40-49,1435,Egyéb,3,43
Europion,2026-06-07,Korcsoport,40-49,1435,Pártnélküli,13,187
Europion,2026-06-07,Korcsoport,50-59,1334,Fidesz,29,387
Europion,2026-06-07,Korcsoport,50-59,1334,Tisza,46,614
Europion,2026-06-07,Korcsoport,50-59,1334,Mi Hazánk,8,107
Europion,2026-06-07,Korcsoport,50-59,1334,Egyéb,3,40
Europion,2026-06-07,Korcsoport,50-59,1334,Pártnélküli,14,187
Europion,2026-06-07,Korcsoport,60+,2443,Fidesz,33,806
Europion,2026-06-07,Korcsoport,60+,2443,Tisza,45,1099
Europion,2026-06-07,Korcsoport,60+,2443,Mi Hazánk,7,171
Europion,2026-06-07,Korcsoport,60+,2443,Egyéb,3,73
Europion,2026-06-07,Korcsoport,60+,2443,Pártnélküli,12,293
Europion,2026-06-07,Iskolázottság,Érettségi nélkül,3163,Fidesz,33,1044
Europion,2026-06-07,Iskolázottság,Érettségi nélkül,3163,Tisza,41,1297
Europion,2026-06-07,Iskolázottság,Érettségi nélkül,3163,Mi Hazánk,8,253
Europion,2026-06-07,Iskolázottság,Érettségi nélkül,3163,Egyéb,2,63
Europion,2026-06-07,Iskolázottság,Érettségi nélkül,3163,Pártnélküli,16,506
Europion,2026-06-07,Iskolázottság,Érettségi,2554,Fidesz,20,511
Europion,2026-06-07,Iskolázottság,Érettségi,2554,Tisza,55,1405
Europion,2026-06-07,Iskolázottság,Érettségi,2554,Mi Hazánk,7,179
Europion,2026-06-07,Iskolázottság,Érettségi,2554,Egyéb,4,102
Europion,2026-06-07,Iskolázottság,Érettségi,2554,Pártnélküli,14,358
Europion,2026-06-07,Iskolázottság,Diploma,1896,Fidesz,15,284
Europion,2026-06-07,Iskolázottság,Diploma,1896,Tisza,68,1289
Europion,2026-06-07,Iskolázottság,Diploma,1896,Mi Hazánk,5,95
Europion,2026-06-07,Iskolázottság,Diploma,1896,Egyéb,3,57
Europion,2026-06-07,Iskolázottság,Diploma,1896,Pártnélküli,9,171
Europion,2026-06-07,Településtípus,főváros,1249,Fidesz,18,225
Europion,2026-06-07,Településtípus,főváros,1249,Tisza,61,762
Europion,2026-06-07,Településtípus,főváros,1249,Mi Hazánk,6,75
Europion,2026-06-07,Településtípus,főváros,1249,Egyéb,5,62
Europion,2026-06-07,Településtípus,főváros,1249,Pártnélküli,10,125
Europion,2026-06-07,Településtípus,megyei jogú város,1579,Fidesz,22,347
Europion,2026-06-07,Településtípus,megyei jogú város,1579,Tisza,56,884
Europion,2026-06-07,Településtípus,megyei jogú város,1579,Mi Hazánk,7,111
Europion,2026-06-07,Településtípus,megyei jogú város,1579,Egyéb,2,32
Europion,2026-06-07,Településtípus,megyei jogú város,1579,Pártnélküli,13,205
Europion,2026-06-07,Településtípus,egyéb város,2528,Fidesz,24,607
Europion,2026-06-07,Településtípus,egyéb város,2528,Tisza,50,1264
Europion,2026-06-07,Településtípus,egyéb város,2528,Mi Hazánk,8,202
Europion,2026-06-07,Településtípus,egyéb város,2528,Egyéb,3,76
Europion,2026-06-07,Településtípus,egyéb város,2528,Pártnélküli,15,379
Europion,2026-06-07,Településtípus,község,2258,Fidesz,32,723
Europion,2026-06-07,Településtípus,község,2258,Tisza,45,1016
Europion,2026-06-07,Településtípus,község,2258,Mi Hazánk,6,135
Europion,2026-06-07,Településtípus,község,2258,Egyéb,3,68
Europion,2026-06-07,Településtípus,község,2258,Pártnélküli,14,316
Medián,2026-01-10,Teljes,Teljes népesség,7613,Tisza,40,3045
Medián,2026-01-10,Teljes,Teljes népesség,7613,Egyéb,27,2056
Medián,2026-01-10,Teljes,Teljes népesség,7613,Fidesz,33,2512
Medián,2026-01-10,Nem,Férfi,3578,Tisza,42,1503
Medián,2026-01-10,Nem,Férfi,3578,Egyéb,25,894
Medián,2026-01-10,Nem,Férfi,3578,Fidesz,33,1181
Medián,2026-01-10,Nem,Nő,4035,Tisza,38,1533
Medián,2026-01-10,Nem,Nő,4035,Egyéb,29,1170
Medián,2026-01-10,Nem,Nő,4035,Fidesz,33,1332
Medián,2026-01-10,Korcsoport,18-29,1206,Tisza,67,808
Medián,2026-01-10,Korcsoport,18-29,1206,Egyéb,21,253
Medián,2026-01-10,Korcsoport,18-29,1206,Fidesz,12,145
Medián,2026-01-10,Korcsoport,30-39,1196,Tisza,59,706
Medián,2026-01-10,Korcsoport,30-39,1196,Egyéb,23,275
Medián,2026-01-10,Korcsoport,30-39,1196,Fidesz,18,215
Medián,2026-01-10,Korcsoport,40-49,1435,Tisza,35,502
Medián,2026-01-10,Korcsoport,40-49,1435,Egyéb,32,459
Medián,2026-01-10,Korcsoport,40-49,1435,Fidesz,33,474
Medián,2026-01-10,Korcsoport,50-64,1854,Tisza,31,575
Medián,2026-01-10,Korcsoport,50-64,1854,Egyéb,30,556
Medián,2026-01-10,Korcsoport,50-64,1854,Fidesz,39,723
Medián,2026-01-10,Korcsoport,65+,1923,Tisza,24,462
Medián,2026-01-10,Korcsoport,65+,1923,Egyéb,27,519
Medián,2026-01-10,Korcsoport,65+,1923,Fidesz,49,942
Medián,2026-01-10,Iskolázottság,≤8 általános,1457,Tisza,14,204
Medián,2026-01-10,Iskolázottság,≤8 általános,1457,Egyéb,30,437
Medián,2026-01-10,Iskolázottság,≤8 általános,1457,Fidesz,56,816
Medián,2026-01-10,Iskolázottság,szakmunkás,1706,Tisza,33,563
Medián,2026-01-10,Iskolázottság,szakmunkás,1706,Egyéb,24,409
Medián,2026-01-10,Iskolázottság,szakmunkás,1706,Fidesz,43,734
Medián,2026-01-10,Iskolázottság,érettségi,2554,Tisza,46,1175
Medián,2026-01-10,Iskolázottság,érettségi,2554,Egyéb,29,741
Medián,2026-01-10,Iskolázottság,érettségi,2554,Fidesz,25,638
Medián,2026-01-10,Iskolázottság,felsőfokú,1896,Tisza,51,967
Medián,2026-01-10,Iskolázottság,felsőfokú,1896,Egyéb,25,474
Medián,2026-01-10,Iskolázottság,felsőfokú,1896,Fidesz,24,455
Medián,2026-01-10,Településtípus,főváros,1249,Tisza,51,637
Medián,2026-01-10,Településtípus,főváros,1249,Egyéb,24,300
Medián,2026-01-10,Településtípus,főváros,1249,Fidesz,25,312
Medián,2026-01-10,Településtípus,megyei jogú város,1579,Tisza,45,711
Medián,2026-01-10,Településtípus,megyei jogú város,1579,Egyéb,26,411
Medián,2026-01-10,Településtípus,megyei jogú város,1579,Fidesz,29,458
Medián,2026-01-10,Településtípus,egyéb város,2528,Tisza,33,834
Medián,2026-01-10,Településtípus,egyéb város,2528,Egyéb,33,834
Medián,2026-01-10,Településtípus,egyéb város,2528,Fidesz,34,860
Medián,2026-01-10,Településtípus,község,2258,Tisza,37,835
Medián,2026-01-10,Településtípus,község,2258,Egyéb,24,542
Medián,2026-01-10,Településtípus,község,2258,Fidesz,39,881
Medián,2026-02-23,Teljes,Teljes népesség,7613,Tisza,42,3197
Medián,2026-02-23,Teljes,Teljes népesség,7613,Egyéb,27,2056
Medián,2026-02-23,Teljes,Teljes népesség,7613,Fidesz,31,2360
Medián,2026-02-23,Nem,Férfi,3578,Tisza,43,1539
Medián,2026-02-23,Nem,Férfi,3578,Egyéb,28,1002
Medián,2026-02-23,Nem,Férfi,3578,Fidesz,29,1038
Medián,2026-02-23,Nem,Nő,4035,Tisza,41,1654
Medián,2026-02-23,Nem,Nő,4035,Egyéb,27,1089
Medián,2026-02-23,Nem,Nő,4035,Fidesz,32,1291
Medián,2026-02-23,Korcsoport,18-29,1206,Tisza,67,808
Medián,2026-02-23,Korcsoport,18-29,1206,Egyéb,25,302
Medián,2026-02-23,Korcsoport,18-29,1206,Fidesz,8,96
Medián,2026-02-23,Korcsoport,30-39,1196,Tisza,58,694
Medián,2026-02-23,Korcsoport,30-39,1196,Egyéb,22,263
Medián,2026-02-23,Korcsoport,30-39,1196,Fidesz,20,239
Medián,2026-02-23,Korcsoport,40-49,1435,Tisza,36,517
Medián,2026-02-23,Korcsoport,40-49,1435,Egyéb,34,488
Medián,2026-02-23,Korcsoport,40-49,1435,Fidesz,30,430
Medián,2026-02-23,Korcsoport,50-64,1854,Tisza,36,667
Medián,2026-02-23,Korcsoport,50-64,1854,Egyéb,29,538
Medián,2026-02-23,Korcsoport,50-64,1854,Fidesz,35,649
Medián,2026-02-23,Korcsoport,65+,1923,Tisza,26,500
Medián,2026-02-23,Korcsoport,65+,1923,Egyéb,26,500
Medián,2026-02-23,Korcsoport,65+,1923,Fidesz,48,923
Medián,2026-02-23,Iskolázottság,≤8 általános,1457,Tisza,20,291
Medián,2026-02-23,Iskolázottság,≤8 általános,1457,Egyéb,26,379
Medián,2026-02-23,Iskolázottság,≤8 általános,1457,Fidesz,54,787
Medián,2026-02-23,Iskolázottság,szakmunkás,1706,Tisza,29,495
Medián,2026-02-23,Iskolázottság,szakmunkás,1706,Egyéb,33,563
Medián,2026-02-23,Iskolázottság,szakmunkás,1706,Fidesz,38,648
Medián,2026-02-23,Iskolázottság,érettségi,2554,Tisza,47,1200
Medián,2026-02-23,Iskolázottság,érettségi,2554,Egyéb,27,690
Medián,2026-02-23,Iskolázottság,érettségi,2554,Fidesz,26,664
Medián,2026-02-23,Iskolázottság,felsőfokú,1896,Tisza,63,1194
Medián,2026-02-23,Iskolázottság,felsőfokú,1896,Egyéb,23,436
Medián,2026-02-23,Iskolázottság,felsőfokú,1896,Fidesz,14,265
Medián,2026-02-23,Településtípus,főváros,1249,Tisza,58,724
Medián,2026-02-23,Településtípus,főváros,1249,Egyéb,21,262
Medián,2026-02-23,Településtípus,főváros,1249,Fidesz,21,262
Medián,2026-02-23,Településtípus,megyei jogú város,1579,Tisza,45,711
Medián,2026-02-23,Településtípus,megyei jogú város,1579,Egyéb,26,411
Medián,2026-02-23,Településtípus,megyei jogú város,1579,Fidesz,29,458
Medián,2026-02-23,Településtípus,egyéb város,2528,Tisza,41,1036
Medián,2026-02-23,Településtípus,egyéb város,2528,Egyéb,29,733
Medián,2026-02-23,Településtípus,egyéb város,2528,Fidesz,30,758
Medián,2026-02-23,Településtípus,község,2258,Tisza,32,723
Medián,2026-02-23,Településtípus,község,2258,Egyéb,30,677
Medián,2026-02-23,Településtípus,község,2258,Fidesz,38,858
Medián,2026-04-08,Nem,Nő,4035,Tisza,45,1816
Medián,2026-04-08,Nem,Nő,4035,Fidesz,33,1332
Medián,2026-04-08,Nem,Nő,4035,Egyéb,22,888
Medián,2026-04-08,Nem,Férfi,3578,Tisza,50,1789
Medián,2026-04-08,Nem,Férfi,3578,Fidesz,27,966
Medián,2026-04-08,Nem,Férfi,3578,Egyéb,23,823
Medián,2026-04-12,Teljes,Teljes népesség,7613,Fidesz,32,2436
Medián,2026-04-12,Teljes,Teljes népesség,7613,Tisza,48,3654
Medián,2026-04-12,Teljes,Teljes népesség,7613,Egyéb,20,1523
Medián,2026-04-12,Korcsoport,18-29,1206,Fidesz,11,133
Medián,2026-04-12,Korcsoport,18-29,1206,Tisza,73,880
Medián,2026-04-12,Korcsoport,18-29,1206,Egyéb,16,193
Medián,2026-04-12,Korcsoport,30-39,1196,Fidesz,15,179
Medián,2026-04-12,Korcsoport,30-39,1196,Tisza,68,813
Medián,2026-04-12,Korcsoport,30-39,1196,Egyéb,17,203
Medián,2026-04-12,Korcsoport,40-49,1435,Fidesz,32,459
Medián,2026-04-12,Korcsoport,40-49,1435,Tisza,48,689
Medián,2026-04-12,Korcsoport,40-49,1435,Egyéb,20,287
Medián,2026-04-12,Korcsoport,50-64,1854,Fidesz,41,760
Medián,2026-04-12,Korcsoport,50-64,1854,Tisza,38,705
Medián,2026-04-12,Korcsoport,50-64,1854,Egyéb,21,389
Medián,2026-04-12,Korcsoport,65+,1923,Fidesz,48,923
Medián,2026-04-12,Korcsoport,65+,1923,Tisza,28,538
Medián,2026-04-12,Korcsoport,65+,1923,Egyéb,24,462
Medián,2026-04-12,Településtípus,főváros,1249,Fidesz,23,287
Medián,2026-04-12,Településtípus,főváros,1249,Tisza,58,724
Medián,2026-04-12,Településtípus,főváros,1249,Egyéb,19,237
Medián,2026-04-12,Településtípus,megyei jogú város,1579,Fidesz,29,458
Medián,2026-04-12,Településtípus,megyei jogú város,1579,Tisza,53,837
Medián,2026-04-12,Településtípus,megyei jogú város,1579,Egyéb,18,284
Medián,2026-04-12,Településtípus,egyéb város,2528,Fidesz,32,809
Medián,2026-04-12,Településtípus,egyéb város,2528,Tisza,48,1213
Medián,2026-04-12,Településtípus,egyéb város,2528,Egyéb,20,506
Medián,2026-04-12,Településtípus,község,2258,Fidesz,41,926
Medián,2026-04-12,Településtípus,község,2258,Tisza,38,858
Medián,2026-04-12,Településtípus,község,2258,Egyéb,21,474
Medián,2026-04-12,Iskolázottság,≤8 általános,1457,Fidesz,53,772
Medián,2026-04-12,Iskolázottság,≤8 általános,1457,Tisza,27,393
Medián,2026-04-12,Iskolázottság,≤8 általános,1457,Egyéb,20,291
Medián,2026-04-12,Iskolázottság,szakmunkás,1706,Fidesz,40,682
Medián,2026-04-12,Iskolázottság,szakmunkás,1706,Tisza,37,631
Medián,2026-04-12,Iskolázottság,szakmunkás,1706,Egyéb,23,392
Medián,2026-04-12,Iskolázottság,érettségi,2554,Fidesz,25,639
Medián,2026-04-12,Iskolázottság,érettségi,2554,Tisza,56,1430
Medián,2026-04-12,Iskolázottság,érettségi,2554,Egyéb,19,485
Medián,2026-04-12,Iskolázottság,felsőfokú,1896,Fidesz,19,360
Medián,2026-04-12,Iskolázottság,felsőfokú,1896,Tisza,63,1194
Medián,2026-04-12,Iskolázottság,felsőfokú,1896,Egyéb,18,341
Závecz,2026-01-20,Teljes,Teljes népesség,7613,Tisza,36,2741
Závecz,2026-01-20,Teljes,Teljes népesség,7613,Fidesz,31,2360
Závecz,2026-01-20,Teljes,Teljes népesség,7613,Mi Hazánk,3,228
Závecz,2026-01-20,Teljes,Teljes népesség,7613,Egyéb,30,2284
Závecz,2026-01-20,Nem,Férfi,3578,Tisza,39,1395
Závecz,2026-01-20,Nem,Férfi,3578,Fidesz,33,1181
Závecz,2026-01-20,Nem,Nő,4035,Tisza,32,1291
Závecz,2026-01-20,Nem,Nő,4035,Fidesz,29,1170
Závecz,2026-01-20,Korcsoport,18-39,2485,Tisza,41,1019
Závecz,2026-01-20,Korcsoport,18-39,2485,Fidesz,22,547
Závecz,2026-01-20,Korcsoport,40-59,2865,Tisza,33,945
Závecz,2026-01-20,Korcsoport,40-59,2865,Fidesz,33,945
Závecz,2026-01-20,Korcsoport,59+,2528,Tisza,35,885
Závecz,2026-01-20,Korcsoport,59+,2528,Fidesz,38,961
Závecz,2026-01-20,Iskolázottság,≤8 általános,1457,Tisza,27,393
Závecz,2026-01-20,Iskolázottság,≤8 általános,1457,Fidesz,38,554
Závecz,2026-01-20,Iskolázottság,szakmunkás,1706,Tisza,31,529
Závecz,2026-01-20,Iskolázottság,szakmunkás,1706,Fidesz,38,648
Závecz,2026-01-20,Iskolázottság,érettségi,2554,Tisza,37,945
Závecz,2026-01-20,Iskolázottság,érettségi,2554,Fidesz,27,690
Závecz,2026-01-20,Iskolázottság,felsőfokú,1896,Tisza,49,929
Závecz,2026-01-20,Iskolázottság,felsőfokú,1896,Fidesz,23,436
Závecz,2026-01-20,Településtípus,főváros,1249,Tisza,44,550
Závecz,2026-01-20,Településtípus,főváros,1249,Fidesz,21,262
Závecz,2026-01-20,Településtípus,megyei jogú város,1579,Tisza,39,616
Závecz,2026-01-20,Településtípus,megyei jogú város,1579,Fidesz,26,411
Závecz,2026-01-20,Településtípus,egyéb város,2528,Tisza,31,784
Závecz,2026-01-20,Településtípus,egyéb város,2528,Fidesz,32,809
Závecz,2026-01-20,Településtípus,község,2258,Tisza,36,813
Závecz,2026-01-20,Településtípus,község,2258,Fidesz,40,903
Závecz,2026-06-01,Teljes,Teljes népesség,7613,Tisza,57,4339
Závecz,2026-06-01,Teljes,Teljes népesség,7613,Fidesz,18,1370
Závecz,2026-06-01,Teljes,Teljes népesség,7613,Mi Hazánk,4,305
Závecz,2026-06-01,Teljes,Teljes népesség,7613,DK,1,76
Závecz,2026-06-01,Teljes,Teljes népesség,7613,MKKP,1,76
Závecz,2026-06-01,Teljes,Teljes népesség,7613,Pártnélküli,19,1446
Závecz,2026-06-01,Nem,Férfi,3578,Tisza,54,1932
Závecz,2026-06-01,Nem,Férfi,3578,Fidesz,19,680
Závecz,2026-06-01,Nem,Nő,4035,Tisza,59,2381
Závecz,2026-06-01,Nem,Nő,4035,Fidesz,16,646
Závecz,2026-06-01,Korcsoport,18-39,2485,Tisza,63,1566
Závecz,2026-06-01,Korcsoport,18-39,2485,Fidesz,9,224
Závecz,2026-06-01,Korcsoport,40-59,2865,Tisza,54,1547
Závecz,2026-06-01,Korcsoport,40-59,2865,Fidesz,18,516
Závecz,2026-06-01,Korcsoport,59+,2528,Tisza,54,1365
Závecz,2026-06-01,Korcsoport,59+,2528,Fidesz,25,632
Závecz,2026-06-01,Iskolázottság,≤8 általános,1457,Tisza,44,641
Závecz,2026-06-01,Iskolázottság,≤8 általános,1457,Fidesz,33,481
Závecz,2026-06-01,Iskolázottság,szakmunkás,1706,Tisza,50,853
Závecz,2026-06-01,Iskolázottság,szakmunkás,1706,Fidesz,20,341
Závecz,2026-06-01,Iskolázottság,érettségi,2554,Tisza,62,1583
Závecz,2026-06-01,Iskolázottság,érettségi,2554,Fidesz,10,255
Závecz,2026-06-01,Iskolázottság,felsőfokú,1896,Tisza,66,1251
Závecz,2026-06-01,Iskolázottság,felsőfokú,1896,Fidesz,12,228
Závecz,2026-06-01,Településtípus,főváros,1249,Tisza,70,874
Závecz,2026-06-01,Településtípus,főváros,1249,Fidesz,8,100
Závecz,2026-06-01,Településtípus,megyei jogú város,1579,Tisza,63,995
Závecz,2026-06-01,Településtípus,megyei jogú város,1579,Fidesz,11,174
Závecz,2026-06-01,Településtípus,egyéb város,2528,Tisza,54,1365
Závecz,2026-06-01,Településtípus,egyéb város,2528,Fidesz,20,506
Závecz,2026-06-01,Településtípus,község,2258,Tisza,48,1084
Závecz,2026-06-01,Településtípus,község,2258,Fidesz,25,564
