country,region,start_yr,end_yr,start,end,scale_for_log,scaling,change,label_color,label_txt_linear,label_txt_log,label_final,sel_var,scale_type
South Korea,Asia,1990,2023,13.8399889843663,50.414208339176405,1,0.001,36.574219354810104,black,$37k,36.57,$37k,value,linear
Poland,CEE,1990,2024,12.8214636316574,45.112599399319606,1,0.001,32.291135767662205,black,$32k,32.29,$32k,value,linear
Lithuania,CEE,1990,2024,20.586227753241,47.1690084190287,1,0.001,26.5827806657877,black,$27k,26.58,$27k,value,linear
Panama,Latin America,1990,2024,11.3359353672029,36.426007943645004,1,0.001,25.090072576442104,black,$25k,25.09,$25k,value,linear
Romania,CEE,1990,2024,16.3160306942767,40.610754138069304,1,0.001,24.294723443792602,black,$24k,24.29,$24k,value,linear
Slovenia,CEE,1990,2024,25.351411330939,48.495889687081,1,0.001,23.144478356141995,black,$23k,23.14,$23k,value,linear
Slovakia,CEE,1990,2024,17.5209907344944,40.3465748138478,1,0.001,22.8255840793534,black,$23k,22.83,$23k,value,linear
Estonia,CEE,1990,2024,19.360027121927303,41.5461201868122,1,0.001,22.1860930648849,black,$22k,22.19,$22k,value,linear
China,Asia,1990,2024,1.66692774090575,23.8456197217259,1,0.001,22.17869198082015,black,$22k,22.18,$22k,value,linear
Malaysia,Asia,1990,2024,12.013696948311201,34.0719449554711,1,0.001,22.058248007159904,black,$22k,22.06,$22k,value,linear
Israel,Asia,1990,2024,25.3352722247493,47.3388424624205,1,0.001,22.0035702376712,black,$22k,22,$22k,value,linear
Latvia,CEE,1990,2024,17.5087863191492,38.936045387045404,1,0.001,21.427259067896205,black,$21k,21.43,$21k,value,linear
Czechia,CEE,1990,2024,27.9181375190566,47.9618095131483,1,0.001,20.043671994091703,black,$20k,20.04,$20k,value,linear
Hungary,CEE,1990,2024,21.2970006409015,40.7021535135968,1,0.001,19.405152872695297,black,$19k,19.41,$19k,value,linear
Croatia,CEE,1990,2024,23.3996954608454,42.6337666808329,1,0.001,19.2340712199875,black,$19k,19.23,$19k,value,linear
Chile,Latin America,1990,2024,10.9526557541746,30.1827871224714,1,0.001,19.2301313682968,black,$19k,19.23,$19k,value,linear
Bulgaria,CEE,1990,2024,14.9550762626823,34.0851952950467,1,0.001,19.1301190323644,black,$19k,19.13,$19k,value,linear
Kazakhstan,ex-USSR/Balkans,1990,2024,16.837690749004,35.90544149389051,1,0.001,19.067750744886506,black,$19k,19.07,$19k,value,linear
Uruguay,Latin America,1990,2024,14.0608454762218,32.0387727288227,1,0.001,17.9779272526009,black,$18k,17.98,$18k,value,linear
Dominican Republic,Latin America,1990,2024,7.327726701337511,24.2294681222745,1,0.001,16.90174142093699,black,$17k,16.9,$17k,value,linear
Belarus,ex-USSR/Balkans,1990,2024,12.3516357106896,29.0375291400434,1,0.001,16.6858934293538,black,$17k,16.69,$17k,value,linear
Spain,Southern Europe,1990,2024,31.7732267420042,48.373045569918496,1,0.001,16.599818827914294,black,$17k,16.6,$17k,value,linear
Costa Rica,Latin America,1990,2024,10.9534262046456,26.9734361581028,1,0.001,16.020009953457198,black,$16k,16.02,$16k,value,linear
Portugal,Southern Europe,1990,2024,27.1905717704405,41.8838514202164,1,0.001,14.693279649775903,black,$15k,14.69,$15k,value,linear
Thailand,Asia,1990,2024,8.701954360532572,21.7371779720129,1,0.001,13.03522361148033,black,$13k,13.04,$13k,value,linear
Georgia,ex-USSR/Balkans,1990,2024,12.917094426936101,25.0006326416981,1,0.001,12.083538214762,black,$12k,12.08,$12k,value,linear
Russia,ex-USSR/Balkans,1990,2024,29.643595703125,41.7047109375,1,0.001,12.061115234375002,black,$12k,12.06,$12k,value,linear
North Macedonia,ex-USSR/Balkans,1990,2024,12.9045181514137,24.465391930675104,1,0.001,11.560873779261403,black,$12k,11.56,$12k,value,linear
Azerbaijan,ex-USSR/Balkans,1990,2024,10.776067700076501,22.0721058327346,1,0.001,11.296038132658099,black,$11k,11.3,$11k,value,linear
Greece,Southern Europe,1990,2024,26.9163125225704,37.7526321172664,1,0.001,10.836319594696,black,$11k,10.84,$11k,value,linear
Italy,Southern Europe,1990,2024,42.65674451016591,53.1151350996573,1,0.001,10.458390589491394,black,$10k,10.46,$10k,value,linear
Argentina,Latin America,1990,2024,17.0072844317191,26.5470503429365,1,0.001,9.539765911217401,black,$10k,9.54,$10k,value,linear
Egypt,Africa,1990,2024,8.00662143741369,16.798151577863997,1,0.001,8.791530140450307,black,$9k,8.79,$9k,value,linear
Colombia,Latin America,1990,2024,9.99881069684463,18.5036706011465,1,0.001,8.504859904301869,black,$9k,8.5,$9k,value,linear
Iran,Asia,1990,2024,9.04658484470857,16.224035344583502,1,0.001,7.177450499874931,black,$7k,7.18,$7k,value,linear
Brazil,Latin America,1990,2024,12.6332884560597,19.6479096329925,1,0.001,7.014621176932801,black,$7k,7.01,$7k,value,linear
Paraguay,Latin America,1990,2024,9.962480278429862,16.2962836189267,1,0.001,6.333803340496839,black,$6k,6.33,$6k,value,linear
Tunisia,Africa,1990,2024,6.74257685903794,12.713549847382101,1,0.001,5.970972988344161,black,$6k,5.97,$6k,value,linear
Mexico,Latin America,1990,2024,17.1695925839593,22.033274449661903,1,0.001,4.863681865702603,black,$5k,4.86,$5k,value,linear
Ecuador,Latin America,1990,2024,9.10481599790272,13.9355391125402,1,0.001,4.830723114637479,black,$5k,4.83,$5k,value,linear
Morocco,Africa,1990,2024,4.4186601562500005,9.065914062500001,1,0.001,4.6472539062500005,black,$5k,4.65,$5k,value,linear
Algeria,Africa,1990,2024,11.728545728679102,15.442124446054201,1,0.001,3.7135787173751,black,$4k,3.71,$4k,value,linear
South Africa,Africa,1990,2024,10.8243847590107,13.598788865698399,1,0.001,2.774404106687699,black,$3k,2.77,$3k,value,linear
Jamaica,Latin America,1990,2024,8.742165149465372,10.2599951095504,1,0.001,1.5178299600850291,black,$2k,1.52,$2k,value,linear
Moldova,ex-USSR/Balkans,1990,2024,15.9028943232278,16.4659286876097,1,0.001,0.5630343643819007,black,$1k,0.56,$1k,value,linear
Ukraine,ex-USSR/Balkans,1990,2024,22.815798828125,16.3198447265625,1,0.001,-6.4959541015625,red,$-6k,-6.5,$-6k,value,linear
South Korea,Asia,1990,2023,32.66187441598503,80.42269944378843,100,1,47.7608250278034,black,+48%,47.76,+48%,% of DE,linear
Poland,CEE,1990,2024,30.25819134967237,71.80128262246758,100,1,41.54309127279521,black,+42%,41.54,+42%,% of DE,linear
China,Asia,1990,2024,3.933889296840227,37.952725042338194,100,1,34.01883574549797,black,+34%,34.02,+34%,% of DE,linear
Panama,Latin America,1990,2024,26.75239826921417,57.975690294834806,100,1,31.223292025620637,black,+31%,31.22,+31%,% of DE,linear
Lithuania,CEE,1990,2024,48.58275438909318,75.07426638260425,100,1,26.491511993511068,black,+26%,26.49,+26%,% of DE,linear
Romania,CEE,1990,2024,38.50524347279481,64.6361387772977,100,1,26.130895304502893,black,+26%,26.13,+26%,% of DE,linear
Malaysia,Asia,1990,2024,28.351891135223298,54.228960020464626,100,1,25.87706888524133,black,+26%,25.88,+26%,% of DE,linear
Slovakia,CEE,1990,2024,41.34890567182747,64.21567055835206,100,1,22.866764886524592,black,+23%,22.87,+23%,% of DE,linear
Chile,Latin America,1990,2024,25.84787221785107,48.038970428891524,100,1,22.191098211040455,black,+22%,22.19,+22%,% of DE,linear
Dominican Republic,Latin America,1990,2024,17.293170503538853,38.56365874731082,100,1,21.270488243771965,black,+21%,21.27,+21%,% of DE,linear
Latvia,CEE,1990,2024,41.32010369216002,61.97066975215436,100,1,20.65056605999434,black,+21%,20.65,+21%,% of DE,linear
Estonia,CEE,1990,2024,45.68896516180332,66.12486881980247,100,1,20.435903657999155,black,+20%,20.44,+20%,% of DE,linear
Bulgaria,CEE,1990,2024,35.29344014109946,54.25004928132255,100,1,18.956609140223094,black,+19%,18.96,+19%,% of DE,linear
Uruguay,Latin America,1990,2024,33.183087764426844,50.992959975919746,100,1,17.809872211492902,black,+18%,17.81,+18%,% of DE,linear
Kazakhstan,ex-USSR/Balkans,1990,2024,39.73634237139838,57.14715593236664,100,1,17.410813560968258,black,+17%,17.41,+17%,% of DE,linear
Slovenia,CEE,1990,2024,59.828415621894564,77.1861326506189,100,1,17.357717028724338,black,+17%,17.36,+17%,% of DE,linear
Costa Rica,Latin America,1990,2024,25.849690453151403,42.93096249550708,100,1,17.08127204235568,black,+17%,17.08,+17%,% of DE,linear
Belarus,ex-USSR/Balkans,1990,2024,29.149414415737823,46.21617606175536,100,1,17.06676164601754,black,+17%,17.07,+17%,% of DE,linear
Israel,Asia,1990,2024,59.79032791386606,75.34457450740442,100,1,15.554246593538359,black,+16%,15.55,+16%,% of DE,linear
Hungary,CEE,1990,2024,50.26015274694435,64.7816101640311,100,1,14.521457417086744,black,+15%,14.52,+15%,% of DE,linear
Thailand,Asia,1990,2024,20.53629817324323,34.596925909060225,100,1,14.060627735816993,black,+14%,14.06,+14%,% of DE,linear
Croatia,CEE,1990,2024,55.22243662027176,67.85596865333798,100,1,12.633532033066224,black,+13%,12.63,+13%,% of DE,linear
Czechia,CEE,1990,2024,65.88579677380272,76.33608982395403,100,1,10.450293050151302,black,+10%,10.45,+10%,% of DE,linear
Azerbaijan,ex-USSR/Balkans,1990,2024,25.431130784542816,35.12999760756625,100,1,9.698866823023437,black,+10%,9.7,+10%,% of DE,linear
Georgia,ex-USSR/Balkans,1990,2024,30.483876574510482,39.79104538308044,100,1,9.307168808569955,black,+9%,9.31,+9%,% of DE,linear
North Macedonia,ex-USSR/Balkans,1990,2024,30.454197018248014,38.939155443796814,100,1,8.4849584255488,black,+8%,8.48,+8%,% of DE,linear
Egypt,Africa,1990,2024,18.895337574368266,26.73596390004194,100,1,7.840626325673675,black,+8%,7.84,+8%,% of DE,linear
Colombia,Latin America,1990,2024,23.59683231384453,29.450470601922408,100,1,5.853638288077878,black,+6%,5.85,+6%,% of DE,linear
Iran,Asia,1990,2024,21.349613675646573,25.822199619712283,100,1,4.47258594406571,black,+4%,4.47,+4%,% of DE,linear
Tunisia,Africa,1990,2024,15.912237998078693,20.23490550049039,100,1,4.322667502411699,black,+4%,4.32,+4%,% of DE,linear
Morocco,Africa,1990,2024,10.427878466766165,14.429322772351341,100,1,4.001444305585176,black,+4%,4,+4%,% of DE,linear
Portugal,Southern Europe,1990,2024,64.16876787027435,66.66240237058375,100,1,2.4936345003093976,black,+2%,2.49,+2%,% of DE,linear
Paraguay,Latin America,1990,2024,23.51109383781801,25.93719008433135,100,1,2.426096246513339,black,+2%,2.43,+2%,% of DE,linear
Argentina,Latin America,1990,2024,40.13657734072113,42.252326175973074,100,1,2.1157488352519422,black,+2%,2.12,+2%,% of DE,linear
Spain,Southern Europe,1990,2024,74.98366818140033,76.9906137647126,100,1,2.006945583312273,black,+2%,2.01,+2%,% of DE,linear
Brazil,Latin America,1990,2024,29.814104727889596,31.271643205744315,100,1,1.457538477854719,black,+1%,1.46,+1%,% of DE,linear
Ecuador,Latin America,1990,2024,21.487037095193642,22.179825495292587,100,1,0.6927884000989444,black,+1%,0.69,+1%,% of DE,linear
Algeria,Africa,1990,2024,27.6789445500989,24.577709030421687,100,1,-3.101235519677214,red,-3%,-3.1,-3%,% of DE,linear
Greece,Southern Europe,1990,2024,63.521525945336805,60.08714737095763,100,1,-3.434378574379174,red,-3%,-3.43,-3%,% of DE,linear
Russia,ex-USSR/Balkans,1990,2024,69.9578158037121,66.37728210263396,100,1,-3.5805337010781386,red,-4%,-3.58,-4%,% of DE,linear
South Africa,Africa,1990,2024,25.545157299509064,21.64385328423355,100,1,-3.901304015275514,red,-4%,-3.9,-4%,% of DE,linear
Jamaica,Latin America,1990,2024,20.631194183621158,16.329824004268623,100,1,-4.301370179352535,red,-4%,-4.3,-4%,% of DE,linear
Mexico,Latin America,1990,2024,40.51961872111156,35.06819351851466,100,1,-5.4514252025969014,red,-5%,-5.45,-5%,% of DE,linear
Moldova,ex-USSR/Balkans,1990,2024,37.53025655025335,26.207197436694194,100,1,-11.323059113559154,red,-11%,-11.32,-11%,% of DE,linear
Italy,Southern Europe,1990,2024,100.66837724796,84.53813075729263,100,1,-16.13024649066736,red,-16%,-16.13,-16%,% of DE,linear
Ukraine,ex-USSR/Balkans,1990,2024,53.844461644180875,25.974689979499924,100,1,-27.86977166468095,red,-28%,-27.87,-28%,% of DE,linear
South Korea,Asia,1990,2023,33.45961033651213,88.23753508228859,100,1,54.77792474577646,black,+55%,54.78,+55%,% of W_EUR3,linear
Poland,CEE,1990,2024,30.99721954573948,78.59595802135784,100,1,47.59873847561836,black,+48%,47.6,+48%,% of W_EUR3,linear
China,Asia,1990,2024,4.029970886019648,41.544254855558115,100,1,37.51428396953847,black,+38%,37.51,+38%,% of W_EUR3,linear
Panama,Latin America,1990,2024,27.405800728233924,63.46202678065032,100,1,36.05622605241639,black,+36%,36.06,+36%,% of W_EUR3,linear
Lithuania,CEE,1990,2024,49.76934300310602,82.17866970589526,100,1,32.40932670278924,black,+32%,32.41,+32%,% of W_EUR3,linear
Romania,CEE,1990,2024,39.4456982506093,70.75276463673515,100,1,31.307066386125854,black,+31%,31.31,+31%,% of W_EUR3,linear
Malaysia,Asia,1990,2024,29.044359720626108,59.36073715731421,100,1,30.316377436688104,black,+30%,30.32,+30%,% of W_EUR3,linear
Slovakia,CEE,1990,2024,42.35881425541935,70.29250680736837,100,1,27.933692551949022,black,+28%,27.93,+28%,% of W_EUR3,linear
Chile,Latin America,1990,2024,26.479182468902756,52.58497850339169,100,1,26.105796034488932,black,+26%,26.11,+26%,% of W_EUR3,linear
Estonia,CEE,1990,2024,46.80487566397106,72.38237569175028,100,1,25.577500027779223,black,+26%,25.58,+26%,% of W_EUR3,linear
Latvia,CEE,1990,2024,42.32930881417249,67.83505782209612,100,1,25.505749007923626,black,+26%,25.51,+26%,% of W_EUR3,linear
Dominican Republic,Latin America,1990,2024,17.71554011756569,42.21300223828016,100,1,24.49746212071447,black,+24%,24.5,+24%,% of W_EUR3,linear
Bulgaria,CEE,1990,2024,36.155449608190814,59.38382213018031,100,1,23.2283725219895,black,+23%,23.23,+23%,% of W_EUR3,linear
Slovenia,CEE,1990,2024,61.28966905768794,84.49038540908609,100,1,23.20071635139815,black,+23%,23.2,+23%,% of W_EUR3,linear
Kazakhstan,ex-USSR/Balkans,1990,2024,40.70686559539662,62.55508682646872,100,1,21.848221231072095,black,+22%,21.85,+22%,% of W_EUR3,linear
Uruguay,Latin America,1990,2024,33.993553836476,55.81850901919769,100,1,21.824955182721688,black,+22%,21.82,+22%,% of W_EUR3,linear
Israel,Asia,1990,2024,61.25065109279671,82.47455754039723,100,1,21.22390644760052,black,+21%,21.22,+21%,% of W_EUR3,linear
Belarus,ex-USSR/Balkans,1990,2024,29.861361765899204,50.58969005827731,100,1,20.72832829237811,black,+21%,20.73,+21%,% of W_EUR3,linear
Costa Rica,Latin America,1990,2024,26.481045112910092,46.993591240632384,100,1,20.512546127722292,black,+21%,20.51,+21%,% of W_EUR3,linear
Hungary,CEE,1990,2024,51.48771025655848,70.91200222396773,100,1,19.424291967409253,black,+19%,19.42,+19%,% of W_EUR3,linear
Croatia,CEE,1990,2024,56.571193300612855,74.27729239627114,100,1,17.70609909565828,black,+18%,17.71,+18%,% of W_EUR3,linear
Thailand,Asia,1990,2024,21.03787816583035,37.870890840683366,100,1,16.833012674853016,black,+17%,16.83,+17%,% of W_EUR3,linear
Czechia,CEE,1990,2024,67.49499611336321,83.5599016087869,100,1,16.064905495423687,black,+16%,16.06,+16%,% of W_EUR3,linear
Azerbaijan,ex-USSR/Balkans,1990,2024,26.052262513483743,38.45440800511133,100,1,12.40214549162759,black,+12%,12.4,+12%,% of W_EUR3,linear
Georgia,ex-USSR/Balkans,1990,2024,31.228416922400008,43.55653852311441,100,1,12.328121600714404,black,+12%,12.33,+12%,% of W_EUR3,linear
North Macedonia,ex-USSR/Balkans,1990,2024,31.198012470565587,42.62403281484171,100,1,11.426020344276125,black,+11%,11.43,+11%,% of W_EUR3,linear
Egypt,Africa,1990,2024,19.356838629744985,29.266032856225028,100,1,9.909194226480043,black,+10%,9.91,+10%,% of W_EUR3,linear
Colombia,Latin America,1990,2024,24.173163007780317,32.237417864923074,100,1,8.064254857142757,black,+8%,8.06,+8%,% of W_EUR3,linear
Spain,Southern Europe,1990,2024,76.81507457282018,84.27636424417356,100,1,7.461289671353384,black,+7%,7.46,+7%,% of W_EUR3,linear
Portugal,Southern Europe,1990,2024,65.73603037499545,72.97077694099282,100,1,7.234746565997369,black,+7%,7.23,+7%,% of W_EUR3,linear
Iran,Asia,1990,2024,21.87105814333164,28.26579753458283,100,1,6.394739391251189,black,+6%,6.39,+6%,% of W_EUR3,linear
Tunisia,Africa,1990,2024,16.300879619357815,22.149768433036794,100,1,5.848888813678979,black,+6%,5.85,+6%,% of W_EUR3,linear
Argentina,Latin America,1990,2024,41.11687593179149,46.25073443176009,100,1,5.133858499968596,black,+5%,5.13,+5%,% of W_EUR3,linear
Morocco,Africa,1990,2024,10.682569704687255,15.794793706616572,100,1,5.112224001929317,black,+5%,5.11,+5%,% of W_EUR3,linear
Paraguay,Latin America,1990,2024,24.0853304491783,28.391669739088943,100,1,4.3063392899106425,black,+4%,4.31,+4%,% of W_EUR3,linear
Brazil,Latin America,1990,2024,30.542286521037216,34.2309310765498,100,1,3.6886445555125853,black,+4%,3.69,+4%,% of W_EUR3,linear
Ecuador,Latin America,1990,2024,22.011838002153997,24.278739458110657,100,1,2.26690145595666,black,+2%,2.27,+2%,% of W_EUR3,linear
Russia,ex-USSR/Balkans,1990,2024,71.66647042277849,72.65867526547473,100,1,0.9922048426962391,black,+1%,0.99,+1%,% of W_EUR3,linear
Greece,Southern Europe,1990,2024,65.07298016770957,65.77329456943659,100,1,0.7003144017270131,black,+1%,0.7,+1%,% of W_EUR3,linear
Algeria,Africa,1990,2024,28.35497704072305,26.903538720514625,100,1,-1.4514383202084247,red,-1%,-1.45,-1%,% of W_EUR3,linear
South Africa,Africa,1990,2024,26.169074020080373,23.692047300778235,100,1,-2.4770267193021382,red,-2%,-2.48,-2%,% of W_EUR3,linear
Mexico,Latin America,1990,2024,41.509272741827324,38.38675529179995,100,1,-3.122517450027374,red,-3%,-3.12,-3%,% of W_EUR3,linear
Jamaica,Latin America,1990,2024,21.135091923047572,17.875142547022513,100,1,-3.259949376025059,red,-3%,-3.26,-3%,% of W_EUR3,linear
Moldova,ex-USSR/Balkans,1990,2024,38.44689817882081,28.687228338555073,100,1,-9.759669840265737,red,-10%,-9.76,-10%,% of W_EUR3,linear
Ukraine,ex-USSR/Balkans,1990,2024,55.15956256667982,28.43271831202283,100,1,-26.72684425465699,red,-27%,-26.73,-27%,% of W_EUR3,linear
South Korea,Asia,1990,2023,38.14163457185109,103.87406505330853,100,1,65.73243048145744,black,+66%,65.73,+66%,% of S_EUR4,linear
Poland,CEE,1990,2024,35.33467989514783,91.78842338284596,100,1,56.453743487698134,black,+56%,56.45,+56%,% of S_EUR4,linear
China,Asia,1990,2024,4.59388723669707,48.51752876109218,100,1,43.92364152439511,black,+44%,43.92,+44%,% of S_EUR4,linear
Panama,Latin America,1990,2024,31.240711592645305,74.11423601825581,100,1,42.873524425610505,black,+43%,42.87,+43%,% of S_EUR4,linear
Lithuania,CEE,1990,2024,56.73359834780024,95.97249932310775,100,1,39.238900975307516,black,+39%,39.24,+39%,% of S_EUR4,linear
Romania,CEE,1990,2024,44.96535951778449,82.62873663577872,100,1,37.66337711799423,black,+38%,37.66,+38%,% of S_EUR4,linear
Malaysia,Asia,1990,2024,33.10855517132692,69.32453794930231,100,1,36.21598277797539,black,+36%,36.22,+36%,% of S_EUR4,linear
Slovakia,CEE,1990,2024,48.28610967008463,82.09122374617559,100,1,33.80511407609096,black,+34%,33.81,+34%,% of S_EUR4,linear
Chile,Latin America,1990,2024,30.18443105980099,61.411456669763524,100,1,31.227025609962535,black,+31%,31.23,+31%,% of S_EUR4,linear
Estonia,CEE,1990,2024,53.35431123679379,84.53188068074918,100,1,31.17756944395539,black,+31%,31.18,+31%,% of S_EUR4,linear
Latvia,CEE,1990,2024,48.252475513960256,79.22128776498151,100,1,30.968812251021255,black,+31%,30.97,+31%,% of S_EUR4,linear
Dominican Republic,Latin America,1990,2024,20.194486744210973,49.29852653052939,100,1,29.104039786318413,black,+29%,29.1,+29%,% of S_EUR4,linear
Slovenia,CEE,1990,2024,69.86597084416933,98.67224044271589,100,1,28.806269598546564,black,+29%,28.81,+29%,% of S_EUR4,linear
Bulgaria,CEE,1990,2024,41.214704321638635,69.35149777416557,100,1,28.13679345252693,black,+28%,28.14,+28%,% of S_EUR4,linear
Kazakhstan,ex-USSR/Balkans,1990,2024,46.40300279919289,73.0550646487228,100,1,26.652061849529915,black,+27%,26.65,+27%,% of S_EUR4,linear
Israel,Asia,1990,2024,69.82149307100785,96.31805243437233,100,1,26.496559363364483,black,+26%,26.5,+26%,% of S_EUR4,linear
Uruguay,Latin America,1990,2024,38.750293120256664,65.18774078765036,100,1,26.43744766739369,black,+26%,26.44,+26%,% of S_EUR4,linear
Belarus,ex-USSR/Balkans,1990,2024,34.03988082461036,59.08125566220929,100,1,25.04137483759893,black,+25%,25.04,+25%,% of S_EUR4,linear
Costa Rica,Latin America,1990,2024,30.186554344751134,54.88154553575662,100,1,24.69499119100549,black,+25%,24.69,+25%,% of S_EUR4,linear
Hungary,CEE,1990,2024,58.6924178075086,82.81470252312621,100,1,24.122284715617617,black,+24%,24.12,+24%,% of S_EUR4,linear
Croatia,CEE,1990,2024,64.4872358184925,86.74486238017097,100,1,22.257626561678478,black,+22%,22.26,+22%,% of S_EUR4,linear
Czechia,CEE,1990,2024,76.93961320210538,97.58557335241167,100,1,20.645960150306294,black,+21%,20.65,+21%,% of S_EUR4,linear
Thailand,Asia,1990,2024,23.981721636865643,44.22758434251266,100,1,20.245862705647014,black,+20%,20.25,+20%,% of S_EUR4,linear
Georgia,ex-USSR/Balkans,1990,2024,35.59822886555929,50.86757766810915,100,1,15.269348802549857,black,+15%,15.27,+15%,% of S_EUR4,linear
Azerbaijan,ex-USSR/Balkans,1990,2024,29.697771927573918,44.90904585641287,100,1,15.21127392883895,black,+15%,15.21,+15%,% of S_EUR4,linear
North Macedonia,ex-USSR/Balkans,1990,2024,35.56356989973265,49.77854928913582,100,1,14.214979389403169,black,+14%,14.21,+14%,% of S_EUR4,linear
Egypt,Africa,1990,2024,22.065453185399697,34.178386295812906,100,1,12.11293311041321,black,+12%,12.11,+12%,% of S_EUR4,linear
Colombia,Latin America,1990,2024,27.555728850865535,37.64852333692771,100,1,10.092794486062175,black,+10%,10.09,+10%,% of S_EUR4,linear
Iran,Asia,1990,2024,24.93148901056872,33.01025977255808,100,1,8.078770761989361,black,+8%,8.08,+8%,% of S_EUR4,linear
Tunisia,Africa,1990,2024,18.58187191626728,25.867644773934824,100,1,7.285772857667546,black,+7%,7.29,+7%,% of S_EUR4,linear
Argentina,Latin America,1990,2024,46.870386138812655,54.01399894682045,100,1,7.143612808007795,black,+7%,7.14,+7%,% of S_EUR4,linear
Morocco,Africa,1990,2024,12.177388375616742,18.445976720503445,100,1,6.2685883448867035,black,+6%,6.27,+6%,% of S_EUR4,linear
Paraguay,Latin America,1990,2024,27.455605827315164,33.15725984088475,100,1,5.701654013569584,black,+6%,5.7,+6%,% of S_EUR4,linear
Brazil,Latin America,1990,2024,34.81608780730376,39.976651135031105,100,1,5.1605633277273455,black,+5%,5.16,+5%,% of S_EUR4,linear
Ecuador,Latin America,1990,2024,25.091968283228375,28.353967210085912,100,1,3.2619989268575367,black,+3%,3.26,+3%,% of S_EUR4,linear
Russia,ex-USSR/Balkans,1990,2024,81.69480452487939,84.85455760831623,100,1,3.15975308343684,black,+3%,3.16,+3%,% of S_EUR4,linear
Algeria,Africa,1990,2024,32.32270674115758,31.419343497337827,100,1,-0.9033632438197543,red,-1%,-0.9,-1%,% of S_EUR4,linear
South Africa,Africa,1990,2024,29.830928941465803,27.668797775316893,100,1,-2.16213116614891,red,-2%,-2.16,-2%,% of S_EUR4,linear
Mexico,Latin America,1990,2024,47.31769128029587,44.830037519995166,100,1,-2.4876537603007023,red,-2%,-2.49,-2%,% of S_EUR4,linear
Jamaica,Latin America,1990,2024,24.092538576030346,20.87551565551208,100,1,-3.217022920518268,red,-3%,-3.22,-3%,% of S_EUR4,linear
Moldova,ex-USSR/Balkans,1990,2024,43.826796726247025,33.5024284544522,100,1,-10.324368271794825,red,-10%,-10.32,-10%,% of S_EUR4,linear
Ukraine,ex-USSR/Balkans,1990,2024,62.87807471163663,33.20519848666973,100,1,-29.6728762249669,red,-30%,-29.67,-30%,% of S_EUR4,linear
South Korea,Asia,1990,2023,33.98218809298647,80.78925695333858,100,1,46.80706886035211,black,+47%,46.81,+47%,% of G7,linear
Poland,CEE,1990,2024,31.48133927350209,71.62918786735422,100,1,40.14784859385213,black,+40%,40.15,+40%,% of G7,linear
China,Asia,1990,2024,4.092911641249394,37.86175918931314,100,1,33.768847548063746,black,+34%,33.77,+34%,% of G7,linear
Panama,Latin America,1990,2024,27.8338290798766,57.836732996867326,100,1,30.002903916990725,black,+30%,30,+30%,% of G7,linear
Malaysia,Asia,1990,2024,29.497979359001754,54.09898296080896,100,1,24.601003601807207,black,+25%,24.6,+25%,% of G7,linear
Romania,CEE,1990,2024,40.06176772323772,64.48121758274412,100,1,24.4194498595064,black,+24%,24.42,+24%,% of G7,linear
Lithuania,CEE,1990,2024,50.54664887565482,74.89432687433164,100,1,24.347677998676822,black,+24%,24.35,+24%,% of G7,linear
Slovakia,CEE,1990,2024,43.02038125807973,64.06175715046369,100,1,21.04137589238396,black,+21%,21.04,+21%,% of G7,linear
Chile,Latin America,1990,2024,26.892738742532586,47.923829660511004,100,1,21.031090917978418,black,+21%,21.03,+21%,% of G7,linear
Dominican Republic,Latin America,1990,2024,17.9922243681072,38.471228596121335,100,1,20.479004228014137,black,+20%,20.48,+20%,% of G7,linear
Latvia,CEE,1990,2024,42.990414995946566,61.82213720725145,100,1,18.831722211304886,black,+19%,18.83,+19%,% of G7,linear
Estonia,CEE,1990,2024,47.5358819928119,65.96637940720686,100,1,18.430497414394956,black,+18%,18.43,+18%,% of G7,linear
Bulgaria,CEE,1990,2024,36.720131430559555,54.120021674503235,100,1,17.39989024394368,black,+17%,17.4,+17%,% of G7,linear
Uruguay,Latin America,1990,2024,34.524470811294165,50.8707390261116,100,1,16.346268214817435,black,+16%,16.35,+16%,% of G7,linear
Costa Rica,Latin America,1990,2024,26.894630477623668,42.82806470304991,100,1,15.933434225426243,black,+16%,15.93,+16%,% of G7,linear
Belarus,ex-USSR/Balkans,1990,2024,30.327741478034223,46.10540420349423,100,1,15.777662725460008,black,+16%,15.78,+16%,% of G7,linear
Kazakhstan,ex-USSR/Balkans,1990,2024,41.34263218926911,57.010184482186325,100,1,15.667552292917215,black,+16%,15.67,+16%,% of G7,linear
Slovenia,CEE,1990,2024,62.24690129766627,77.00113137889373,100,1,14.754230081227462,black,+15%,14.75,+15%,% of G7,linear
Thailand,Asia,1990,2024,21.3664512443065,34.51400330274272,100,1,13.147552058436222,black,+13%,13.15,+13%,% of G7,linear
Israel,Asia,1990,2024,62.207273943713126,75.16398711919369,100,1,12.956713175480566,black,+13%,12.96,+13%,% of G7,linear
Hungary,CEE,1990,2024,52.291853874528606,64.62634030073845,100,1,12.334486426209843,black,+12%,12.33,+12%,% of G7,linear
Croatia,CEE,1990,2024,57.454731601830034,67.69333010592126,100,1,10.238598504091229,black,+10%,10.24,+10%,% of G7,linear
Azerbaijan,ex-USSR/Balkans,1990,2024,26.459151080279774,35.04579732430397,100,1,8.586646244024195,black,+9%,8.59,+9%,% of G7,linear
Georgia,ex-USSR/Balkans,1990,2024,31.716147529224955,39.695673406970876,100,1,7.979525877745921,black,+8%,7.98,+8%,% of G7,linear
Czechia,CEE,1990,2024,68.54914418285453,76.15312595193464,100,1,7.603981769080107,black,+8%,7.6,+8%,% of G7,linear
North Macedonia,ex-USSR/Balkans,1990,2024,31.685268215607426,38.845825294589645,100,1,7.160557078982219,black,+7%,7.16,+7%,% of G7,linear
Egypt,Africa,1990,2024,19.65915695329491,26.671882605223157,100,1,7.012725651928246,black,+7%,7.01,+7%,% of G7,linear
Colombia,Latin America,1990,2024,24.55070348611965,29.379883122965243,100,1,4.829179636845591,black,+5%,4.83,+5%,% of G7,linear
Tunisia,Africa,1990,2024,16.55546946706883,20.186406072908312,100,1,3.6309366058394836,black,+4%,3.63,+4%,% of G7,linear
Iran,Asia,1990,2024,22.212643965202084,25.76030845345821,100,1,3.547664488256128,black,+4%,3.55,+4%,% of G7,linear
Morocco,Africa,1990,2024,10.849411854177697,14.394738281959766,100,1,3.5453264277820686,black,+4%,3.55,+4%,% of G7,linear
Paraguay,Latin America,1990,2024,24.461499144016333,25.875023306624026,100,1,1.4135241626076933,black,+1%,1.41,+1%,% of G7,linear
Argentina,Latin America,1990,2024,41.75904613525685,42.15105495266559,100,1,0.39200881740873683,black,+0%,0.39,+0%,% of G7,linear
Brazil,Latin America,1990,2024,31.01930102919314,31.196690703742618,100,1,0.1773896745494774,black,+0%,0.18,+0%,% of G7,linear
Ecuador,Latin America,1990,2024,22.355622547262403,22.126664444435885,100,1,-0.22895810282651752,red,0%,-0.23,0%,% of G7,linear
Portugal,Southern Europe,1990,2024,66.76270662517905,66.50262458678628,100,1,-0.2600820383927669,red,0%,-0.26,0%,% of G7,linear
Spain,Southern Europe,1990,2024,78.01478517703693,76.80608111657689,100,1,-1.208704060460036,red,-1%,-1.21,-1%,% of G7,linear
Algeria,Africa,1990,2024,28.797829785802783,24.518800684186736,100,1,-4.279029101616047,red,-4%,-4.28,-4%,% of G7,linear
South Africa,Africa,1990,2024,26.577786968404872,21.591976862328323,100,1,-4.985810106076549,red,-5%,-4.99,-5%,% of G7,linear
Jamaica,Latin America,1990,2024,21.465183302144506,16.290684354384716,100,1,-5.1744989477597905,red,-5%,-5.17,-5%,% of G7,linear
Greece,Southern Europe,1990,2024,66.08930078953203,59.943129290296916,100,1,-6.146171499235116,red,-6%,-6.15,-6%,% of G7,linear
Russia,ex-USSR/Balkans,1990,2024,72.78576927148931,66.21818770081656,100,1,-6.567581570672758,red,-7%,-6.57,-7%,% of G7,linear
Mexico,Latin America,1990,2024,42.15757146390285,34.984141368533315,100,1,-7.1734300953695325,red,-7%,-7.17,-7%,% of G7,linear
Moldova,ex-USSR/Balkans,1990,2024,39.04736822589011,26.144383499946162,100,1,-12.902984725943949,red,-13%,-12.9,-13%,% of G7,linear
Ukraine,ex-USSR/Balkans,1990,2024,56.02105378442861,25.912433321291306,100,1,-30.108620463137303,red,-30%,-30.11,-30%,% of G7,linear
South Korea,Asia,1990,2023,123.3652874401266,242.54763231818094,100,1,119.18234487805435,black,+119%,119.18,+119%,% of World,linear
Poland,CEE,1990,2024,114.286474368532,212.11805424213065,100,1,97.83157987359866,black,+98%,97.83,+98%,% of World,linear
China,Asia,1990,2024,14.858467021256413,112.12137019190614,100,1,97.26290317064972,black,+97%,97.26,+97%,% of World,linear
Panama,Latin America,1990,2024,101.0449449459381,171.27396850758524,100,1,70.22902356164714,black,+70%,70.23,+70%,% of World,linear
Malaysia,Asia,1990,2024,107.08629746173483,160.20523677269,100,1,53.11893931095517,black,+53%,53.12,+53%,% of World,linear
Dominican Republic,Latin America,1990,2024,65.31703976168909,113.92621356011051,100,1,48.60917379842142,black,+49%,48.61,+49%,% of World,linear
Romania,CEE,1990,2024,145.4359406467068,190.9505163473852,100,1,45.51457570067839,black,+46%,45.51,+46%,% of World,linear
Chile,Latin America,1990,2024,97.62851161751651,141.9185363129315,100,1,44.290024695415,black,+44%,44.29,+44%,% of World,linear
Lithuania,CEE,1990,2024,183.49912756110265,221.78722617624095,100,1,38.288098615138296,black,+38%,38.29,+38%,% of World,linear
Slovakia,CEE,1990,2024,156.17657359686586,189.70835329380353,100,1,33.53177969693766,black,+34%,33.53,+34%,% of World,linear
Costa Rica,Latin America,1990,2024,97.6353791695009,126.82826683153603,100,1,29.192887662035133,black,+29%,29.19,+29%,% of World,linear
Latvia,CEE,1990,2024,156.06778729589408,183.0760873315565,100,1,27.008300035662415,black,+27%,27.01,+27%,% of World,linear
Bulgaria,CEE,1990,2024,133.30482299652576,160.267539461656,100,1,26.962716465130256,black,+27%,26.96,+27%,% of World,linear
Belarus,ex-USSR/Balkans,1990,2024,110.09857677821874,136.5335685196201,100,1,26.43499174140136,black,+26%,26.43,+26%,% of World,linear
Uruguay,Latin America,1990,2024,125.33393240303435,150.64532352454535,100,1,25.311391121510994,black,+25%,25.31,+25%,% of World,linear
Thailand,Asia,1990,2024,77.56647076747059,102.2075419623863,100,1,24.64107119491571,black,+25%,24.64,+25%,% of World,linear
Estonia,CEE,1990,2024,172.56916269536796,195.34857872697148,100,1,22.779416031603517,black,+23%,22.78,+23%,% of World,linear
Kazakhstan,ex-USSR/Balkans,1990,2024,150.08585349491506,168.826281078886,100,1,18.740427583970956,black,+19%,18.74,+19%,% of World,linear
Azerbaijan,ex-USSR/Balkans,1990,2024,96.05446151697721,103.78236245762997,100,1,7.727900940652759,black,+8%,7.73,+8%,% of World,linear
Egypt,Africa,1990,2024,71.36849286271637,78.98439183299709,100,1,7.615898970280725,black,+8%,7.62,+8%,% of World,linear
Morocco,Africa,1990,2024,39.38654003928567,42.62764895992391,100,1,3.24110892063824,black,+3%,3.24,+3%,% of World,linear
Georgia,ex-USSR/Balkans,1990,2024,115.13889705188899,117.55220540138689,100,1,2.413308349497896,black,+2%,2.41,+2%,% of World,linear
Slovenia,CEE,1990,2024,225.97446785448955,228.02618106993367,100,1,2.051713215444124,black,+2%,2.05,+2%,% of World,linear
Hungary,CEE,1990,2024,189.83473242971456,191.38027339871866,100,1,1.5455409690040938,black,+2%,1.55,+2%,% of World,linear
North Macedonia,ex-USSR/Balkans,1990,2024,115.02679610683047,115.03552004773631,100,1,0.00872394090583839,black,+0%,0.01,+0%,% of World,linear
Tunisia,Africa,1990,2024,60.101199014100764,59.77872018116744,100,1,-0.3224788329333279,red,0%,-0.32,0%,% of World,linear
Colombia,Latin America,1990,2024,89.1262382556101,87.00368980094083,100,1,-2.1225484546692712,red,-2%,-2.12,-2%,% of World,linear
Israel,Asia,1990,2024,225.83060896295657,222.58578062240497,100,1,-3.2448283405516065,red,-3%,-3.24,-3%,% of World,linear
Iran,Asia,1990,2024,80.63839797702455,76.28491496990777,100,1,-4.353483007116779,red,-4%,-4.35,-4%,% of World,linear
Croatia,CEE,1990,2024,208.57748946183816,200.46265907452127,100,1,-8.114830387316886,red,-8%,-8.11,-8%,% of World,linear
Paraguay,Latin America,1990,2024,88.80240038871433,76.62462413276,100,1,-12.177776255954328,red,-12%,-12.18,-12%,% of World,linear
Ecuador,Latin America,1990,2024,81.1574520716399,65.52447610482224,100,1,-15.632975966817654,red,-16%,-15.63,-16%,% of World,linear
Brazil,Latin America,1990,2024,112.60914032925426,92.38386651996922,100,1,-20.225273809285042,red,-20%,-20.23,-20%,% of World,linear
Czechia,CEE,1990,2024,248.85345383741998,225.51495252597152,100,1,-23.338501311448454,red,-23%,-23.34,-23%,% of World,linear
Argentina,Latin America,1990,2024,151.59755797963766,124.82341384869319,100,1,-26.774144130944464,red,-27%,-26.77,-27%,% of World,linear
Jamaica,Latin America,1990,2024,77.92489703070625,48.24218130078381,100,1,-29.682715729922435,red,-30%,-29.68,-30%,% of World,linear
Algeria,Africa,1990,2024,104.54454961688079,72.60839398474697,100,1,-31.93615563213382,red,-32%,-31.94,-32%,% of World,linear
South Africa,Africa,1990,2024,96.48514450887932,63.94108680611743,100,1,-32.54405770276188,red,-33%,-32.54,-33%,% of World,linear
Portugal,Southern Europe,1990,2024,242.3681627139223,196.93658059430732,100,1,-45.43158211961497,red,-45%,-45.43,-45%,% of World,linear
Mexico,Latin America,1990,2024,153.0443215484242,103.59977848927996,100,1,-49.44454305914424,red,-49%,-49.44,-49%,% of World,linear
Spain,Southern Europe,1990,2024,283.21650070353286,227.44857181100025,100,1,-55.76792889253261,red,-56%,-55.77,-56%,% of World,linear
Greece,Southern Europe,1990,2024,239.92350246275976,177.51171455117478,100,1,-62.41178791158498,red,-62%,-62.41,-62%,% of World,linear
Moldova,ex-USSR/Balkans,1990,2024,141.75337361403137,77.42229002565806,100,1,-64.33108358837332,red,-64%,-64.33,-64%,% of World,linear
Russia,ex-USSR/Balkans,1990,2024,264.23364272947515,196.09426755680207,100,1,-68.13937517267308,red,-68%,-68.14,-68%,% of World,linear
Ukraine,ex-USSR/Balkans,1990,2024,203.3728194283401,76.73540773587845,100,1,-126.63741169246165,red,-127%,-126.64,-127%,% of World,linear
Italy,Southern Europe,1990,2024,380.22873816597973,249.74573086376247,100,1,-130.48300730221726,red,-130%,-130.48,-130%,% of World,linear
South Korea,Asia,1990,2023,102.20014204132066,240.34373035143057,100,1,138.14358831010992,black,+138%,138.14,+138%,% of LAT_AM,linear
Poland,CEE,1990,2024,94.67893405212932,212.1678168656436,100,1,117.48888281351428,black,+117%,117.49,+117%,% of LAT_AM,linear
China,Asia,1990,2024,12.309276552577096,112.14767372157291,100,1,99.83839716899581,black,+100%,99.84,+100%,% of LAT_AM,linear
Malaysia,Asia,1990,2024,88.71405432083176,160.2428207157957,100,1,71.52876639496392,black,+72%,71.53,+72%,% of LAT_AM,linear
Romania,CEE,1990,2024,120.48424723381217,190.9953130936525,100,1,70.51106585984033,black,+71%,70.51,+71%,% of LAT_AM,linear
Lithuania,CEE,1990,2024,152.01712969951046,221.83925717509027,100,1,69.8221274755798,black,+70%,69.82,+70%,% of LAT_AM,linear
Slovakia,CEE,1990,2024,129.38216524541406,189.75285863021136,100,1,60.370693384797306,black,+60%,60.37,+60%,% of LAT_AM,linear
Latvia,CEE,1990,2024,129.29204284840782,183.11903674687454,100,1,53.826993898466725,black,+54%,53.83,+54%,% of LAT_AM,linear
Estonia,CEE,1990,2024,142.96236247151796,195.3944072530331,100,1,52.432044781515145,black,+52%,52.43,+52%,% of LAT_AM,linear
Bulgaria,CEE,1990,2024,110.43440280273431,160.30513802089263,100,1,49.870735218158316,black,+50%,49.87,+50%,% of LAT_AM,linear
Belarus,ex-USSR/Balkans,1990,2024,91.20953242817376,136.56559911970928,100,1,45.35606669153552,black,+45%,45.36,+45%,% of LAT_AM,linear
Kazakhstan,ex-USSR/Balkans,1990,2024,124.33639854337149,168.8658875079306,100,1,44.52948896455912,black,+45%,44.53,+45%,% of LAT_AM,linear
Slovenia,CEE,1990,2024,187.20519517006997,228.07967571960046,100,1,40.87448054953049,black,+41%,40.87,+41%,% of LAT_AM,linear
Thailand,Asia,1990,2024,64.25879187390402,102.23151972066354,100,1,37.972727846759526,black,+38%,37.97,+38%,% of LAT_AM,linear
Israel,Asia,1990,2024,187.08601740577618,222.6379989611033,100,1,35.55198155532713,black,+36%,35.55,+36%,% of LAT_AM,linear
Hungary,CEE,1990,2024,157.26576755320224,191.4251709654391,100,1,34.159403412236856,black,+34%,34.16,+34%,% of LAT_AM,linear
Croatia,CEE,1990,2024,172.79292653508892,200.50968735727434,100,1,27.71676082218542,black,+28%,27.72,+28%,% of LAT_AM,linear
Azerbaijan,ex-USSR/Balkans,1990,2024,79.57489350885727,103.80670966677592,100,1,24.231816157918644,black,+24%,24.23,+24%,% of LAT_AM,linear
Georgia,ex-USSR/Balkans,1990,2024,95.38511097698438,117.5797829980295,100,1,22.194672021045122,black,+22%,22.19,+22%,% of LAT_AM,linear
Egypt,Africa,1990,2024,59.1241690364849,79.00292147003448,100,1,19.87875243354958,black,+20%,19.88,+20%,% of LAT_AM,linear
North Macedonia,ex-USSR/Balkans,1990,2024,95.292242612263,115.06250723322228,100,1,19.77026462095928,black,+20%,19.77,+20%,% of LAT_AM,linear
Czechia,CEE,1990,2024,206.15895165810718,225.56785804464218,100,1,19.408906386534994,black,+19%,19.41,+19%,% of LAT_AM,linear
Morocco,Africa,1990,2024,32.629194727769594,42.63764935170581,100,1,10.008454623936217,black,+10%,10.01,+10%,% of LAT_AM,linear
Tunisia,Africa,1990,2024,49.78994661748649,59.79274419226394,100,1,10.002797574777446,black,+10%,10,+10%,% of LAT_AM,linear
Iran,Asia,1990,2024,66.80368439327974,76.3028113131348,100,1,9.499126919855058,black,+9%,9.5,+9%,% of LAT_AM,linear
Portugal,Southern Europe,1990,2024,200.78630844741102,196.98278166357065,100,1,-3.8035267838403684,red,-4%,-3.8,-4%,% of LAT_AM,linear
Spain,Southern Europe,1990,2024,234.626507998814,227.5019309542756,100,1,-7.124577044538398,red,-7%,-7.12,-7%,% of LAT_AM,linear
Algeria,Africa,1990,2024,86.60838103000937,72.62542782086551,100,1,-13.982953209143858,red,-14%,-13.98,-14%,% of LAT_AM,linear
South Africa,Africa,1990,2024,79.93168644356784,63.95608730308649,100,1,-15.97559914048135,red,-16%,-15.98,-16%,% of LAT_AM,linear
Greece,Southern Europe,1990,2024,198.7610659331191,177.5533585717741,100,1,-21.207707361345,red,-21%,-21.21,-21%,% of LAT_AM,linear
Russia,ex-USSR/Balkans,1990,2024,218.9004409538968,196.14027102050693,100,1,-22.760169933389875,red,-23%,-22.76,-23%,% of LAT_AM,linear
Moldova,ex-USSR/Balkans,1990,2024,117.43347921287457,77.44045319561464,100,1,-39.993026017259936,red,-40%,-39.99,-40%,% of LAT_AM,linear
Italy,Southern Europe,1990,2024,314.9948567794248,249.80432089195855,100,1,-65.19053588746627,red,-65%,-65.19,-65%,% of LAT_AM,linear
Ukraine,ex-USSR/Balkans,1990,2024,168.48119486616332,76.75340976413067,100,1,-91.72778510203266,red,-92%,-91.73,-92%,% of LAT_AM,linear
China,Asia,1990,2024,7.4187375350241025,10.079355819982602,1,1,2.6606182849585,black,$3k,2.66,2.66,value,logratio
South Korea,Asia,1990,2023,9.535317433244053,10.828028325821478,1,1,1.2927108925774249,black,$1k,1.29,1.29,value,logratio
Poland,CEE,1990,2024,9.458875891794,10.716916852313972,1,1,1.2580409605199723,black,$1k,1.26,1.26,value,logratio
Dominican Republic,Latin America,1990,2024,8.89942061053533,10.09532486236347,1,1,1.1959042518281393,black,$1k,1.2,1.2,value,logratio
Panama,Latin America,1990,2024,9.335733079801942,10.503038302434701,1,1,1.1673052226327592,black,$1k,1.17,1.17,value,logratio
Malaysia,Asia,1990,2024,9.39380269021358,10.436229596066147,1,1,1.042426905852567,black,$1k,1.04,1.04,value,logratio
Chile,Latin America,1990,2024,9.301337240465696,10.315027078040329,1,1,1.013689837574633,black,$1k,1.01,1.01,value,logratio
Thailand,Asia,1990,2024,9.071302918556755,9.986779344154318,1,1,0.9154764255975625,black,$1k,0.92,0.92,value,logratio
Romania,CEE,1990,2024,9.699903381673526,10.611788190763257,1,1,0.9118848090897309,black,$1k,0.91,0.91,value,logratio
Costa Rica,Latin America,1990,2024,9.301407581704515,10.202607814696128,1,1,0.9012002329916129,black,$1k,0.9,0.9,value,logratio
Belarus,ex-USSR/Balkans,1990,2024,9.421543779495583,10.276344380609574,1,1,0.8548006011139915,black,$1k,0.85,0.85,value,logratio
Slovakia,CEE,1990,2024,9.771154911664071,10.605261783201511,1,1,0.8341068715374398,black,$1k,0.83,0.83,value,logratio
Lithuania,CEE,1990,2024,9.932377575526761,10.761492354624847,1,1,0.8291147790980862,black,$1k,0.83,0.83,value,logratio
Bulgaria,CEE,1990,2024,9.612806070528299,10.436618413428313,1,1,0.8238123429000144,black,$1k,0.82,0.82,value,logratio
Uruguay,Latin America,1990,2024,9.551149297000654,10.374702096104805,1,1,0.8235527991041511,black,$1k,0.82,0.82,value,logratio
Latvia,CEE,1990,2024,9.770458109293887,10.569675717195922,1,1,0.799217607902035,black,$1k,0.8,0.8,value,logratio
Estonia,CEE,1990,2024,9.870965761755583,10.634559418951664,1,1,0.7635936571960809,black,$1k,0.76,0.76,value,logratio
Kazakhstan,ex-USSR/Balkans,1990,2024,9.731375149474285,10.488644136636221,1,1,0.757268987161936,black,$1k,0.76,0.76,value,logratio
Egypt,Africa,1990,2024,8.988024158000744,9.729024134210999,1,1,0.7409999762102544,black,$1k,0.74,0.74,value,logratio
Morocco,Africa,1990,2024,8.393591797047796,9.11227695235814,1,1,0.7186851553103448,black,$1k,0.72,0.72,value,logratio
Azerbaijan,ex-USSR/Balkans,1990,2024,9.28508300055715,10.002069910772116,1,1,0.7169869102149669,black,$1k,0.72,0.72,value,logratio
Georgia,ex-USSR/Balkans,1990,2024,9.466306862489116,10.126656409198079,1,1,0.6603495467089626,black,$1k,0.66,0.66,value,logratio
Slovenia,CEE,1990,2024,10.1405896812739,10.789234324614219,1,1,0.6486446433403188,black,$1k,0.65,0.65,value,logratio
Hungary,CEE,1990,2024,9.966321526801005,10.614036281912888,1,1,0.6477147551118829,black,$1k,0.65,0.65,value,logratio
North Macedonia,ex-USSR/Balkans,1990,2024,9.465332773324183,10.10501482365111,1,1,0.6396820503269272,black,$1k,0.64,0.64,value,logratio
Tunisia,Africa,1990,2024,8.8161974541388215,9.45042362081182,1,1,0.6342261666729989,black,$1k,0.63,0.63,value,logratio
Israel,Asia,1990,2024,10.139952862859163,10.765086431193629,1,1,0.6251335683344657,black,$1k,0.63,0.63,value,logratio
Colombia,Latin America,1990,2024,9.210221434587876,9.825724402258366,1,1,0.6155029676704906,black,$1k,0.62,0.62,value,logratio
Croatia,CEE,1990,2024,10.060478286767317,10.66040186337022,1,1,0.5999235766029027,black,$1k,0.6,0.6,value,logratio
Iran,Asia,1990,2024,9.110142600248224,9.694249084925488,1,1,0.5841064846772639,black,$1k,0.58,0.58,value,logratio
Czechia,CEE,1990,2024,10.237031846881067,10.778160338061655,1,1,0.5411284911805883,black,$1k,0.54,0.54,value,logratio
Paraguay,Latin America,1990,2024,9.20658134351607,9.698692361960314,1,1,0.492111018444243,black,$0k,0.49,0.49,value,logratio
Argentina,Latin America,1990,2024,9.741397027243643,10.186673922303742,1,1,0.4452768950600987,black,$0k,0.45,0.45,value,logratio
Brazil,Latin America,1990,2024,9.44409055010531,9.885726231638271,1,1,0.4416356815329614,black,$0k,0.44,0.44,value,logratio
Portugal,Southern Europe,1990,2024,10.210625566108634,10.642655623989553,1,1,0.43203005788091886,black,$0k,0.43,0.43,value,logratio
Ecuador,Latin America,1990,2024,9.11655878305061,9.542197626827564,1,1,0.4256388437769534,black,$0k,0.43,0.43,value,logratio
Spain,Southern Europe,1990,2024,10.366379287797152,10.786698027860483,1,1,0.4203187400633315,black,$0k,0.42,0.42,value,logratio
Russia,ex-USSR/Balkans,1990,2024,10.29700138457334,10.638369373528326,1,1,0.34136798895498544,black,$0k,0.34,0.34,value,logratio
Greece,Southern Europe,1990,2024,10.20048779527403,10.538810477207198,1,1,0.3383226819331675,black,$0k,0.34,0.34,value,logratio
Algeria,Africa,1990,2024,9.36978095516178,9.644854407769989,1,1,0.2750734526082095,black,$0k,0.28,0.28,value,logratio
Mexico,Latin America,1990,2024,9.750895225244204,10.00030906468679,1,1,0.2494138394425871,black,$0k,0.25,0.25,value,logratio
South Africa,Africa,1990,2024,9.289556716060194,9.517736013765836,1,1,0.22817929770564227,black,$0k,0.23,0.23,value,logratio
Italy,Southern Europe,1990,2024,10.660940676646588,10.880217196742034,1,1,0.21927652009544651,black,$0k,0.22,0.22,value,logratio
Jamaica,Latin America,1990,2024,9.075913166741657,9.23600764207264,1,1,0.16009447533098253,black,$0k,0.16,0.16,value,logratio
Moldova,ex-USSR/Balkans,1990,2024,9.674256404549752,9.709048596961692,1,1,0.03479219241194009,black,$0k,0.03,0.03,value,logratio
Ukraine,ex-USSR/Balkans,1990,2024,10.035208506034767,9.700137114169069,1,1,-0.33507139186569823,red,$0k,-0.34,-0.34,value,logratio
China,Asia,1990,2024,-3.235541606518784,-0.9688288786021702,100,1,2.266712727916614,black,+2%,2.27,2.27,% of DE,logratio
South Korea,Asia,1990,2023,-1.1189617082988328,-0.2178737182607742,100,1,0.9010879900380586,black,+1%,0.9,0.9,% of DE,logratio
Poland,CEE,1990,2024,-1.1954032497488862,-0.33126784627080086,100,1,0.8641354034780854,black,+1%,0.86,0.86,% of DE,logratio
Dominican Republic,Latin America,1990,2024,-1.754858531007557,-0.9528598362213029,100,1,0.8019986947862542,black,+1%,0.8,0.8,% of DE,logratio
Panama,Latin America,1990,2024,-1.3185460617409441,-0.5451463961500709,100,1,0.7733996655908733,black,+1%,0.77,0.77,% of DE,logratio
Malaysia,Asia,1990,2024,-1.2604764513293074,-0.6119551025186266,100,1,0.6485213488106808,black,+1%,0.65,0.65,% of DE,logratio
Chile,Latin America,1990,2024,-1.3529419010771904,-0.7331576205444451,100,1,0.6197842805327453,black,+1%,0.62,0.62,% of DE,logratio
Thailand,Asia,1990,2024,-1.5829762229861306,-1.0614053544304551,100,1,0.5215708685556755,black,+1%,0.52,0.52,% of DE,logratio
Romania,CEE,1990,2024,-0.9543757598693606,-0.4363965078215159,100,1,0.5179792520478448,black,+1%,0.52,0.52,% of DE,logratio
Costa Rica,Latin America,1990,2024,-1.352871559838372,-0.8455768838886449,100,1,0.5072946759497271,black,+1%,0.51,0.51,% of DE,logratio
Belarus,ex-USSR/Balkans,1990,2024,-1.2327353620473036,-0.7718403179751991,100,1,0.46089504407210447,black,+0%,0.46,0.46,% of DE,logratio
Slovakia,CEE,1990,2024,-0.883124229878814,-0.44292291538326123,100,1,0.4402013144955528,black,+0%,0.44,0.44,% of DE,logratio
Lithuania,CEE,1990,2024,-0.7219015660161244,-0.2866923439599249,100,1,0.43520922205619955,black,+0%,0.44,0.44,% of DE,logratio
Bulgaria,CEE,1990,2024,-1.0414730710145887,-0.6115662851564594,100,1,0.42990678585812936,black,+0%,0.43,0.43,% of DE,logratio
Uruguay,Latin America,1990,2024,-1.103129844542233,-0.6734826024799683,100,1,0.4296472420622648,black,+0%,0.43,0.43,% of DE,logratio
Latvia,CEE,1990,2024,-0.8838210322489984,-0.4785089813888509,100,1,0.40531205086014754,black,+0%,0.41,0.41,% of DE,logratio
Estonia,CEE,1990,2024,-0.7833133797873026,-0.41362527963310836,100,1,0.3696881001541943,black,+0%,0.37,0.37,% of DE,logratio
Kazakhstan,ex-USSR/Balkans,1990,2024,-0.922903992068601,-0.5595405619485521,100,1,0.3633634301200489,black,+0%,0.36,0.36,% of DE,logratio
Egypt,Africa,1990,2024,-1.6662549835421414,-1.3191605643737738,100,1,0.3470944191683676,black,+0%,0.35,0.35,% of DE,logratio
Morocco,Africa,1990,2024,-2.2606873444950915,-1.935907746226633,100,1,0.3247795982684585,black,+0%,0.32,0.32,% of DE,logratio
Azerbaijan,ex-USSR/Balkans,1990,2024,-1.3691961409857378,-1.0461147878126564,100,1,0.3230813531730814,black,+0%,0.32,0.32,% of DE,logratio
Georgia,ex-USSR/Balkans,1990,2024,-1.187972279053771,-0.9215282893866942,100,1,0.26644398966707683,black,+0%,0.27,0.27,% of DE,logratio
Slovenia,CEE,1990,2024,-0.5136894602689862,-0.2589503739705536,100,1,0.2547390862984326,black,+0%,0.25,0.25,% of DE,logratio
Hungary,CEE,1990,2024,-0.6879576147418803,-0.43414841667188564,100,1,0.2538091980699947,black,+0%,0.25,0.25,% of DE,logratio
North Macedonia,ex-USSR/Balkans,1990,2024,-1.1889463682187027,-0.9431698749336619,100,1,0.2457764932850408,black,+0%,0.25,0.25,% of DE,logratio
Tunisia,Africa,1990,2024,-1.8380816874040657,-1.5977610777729518,100,1,0.2403206096311139,black,+0%,0.24,0.24,% of DE,logratio
Israel,Asia,1990,2024,-0.5143262786837237,-0.283098267391144,100,1,0.2312280112925797,black,+0%,0.23,0.23,% of DE,logratio
Colombia,Latin America,1990,2024,-1.4440577069550113,-1.222460296326407,100,1,0.22159741062860427,black,+0%,0.22,0.22,% of DE,logratio
Croatia,CEE,1990,2024,-0.5938008547755693,-0.3877828352145522,100,1,0.20601801956101712,black,+0%,0.21,0.21,% of DE,logratio
Iran,Asia,1990,2024,-1.5441365412946617,-1.3539356136592848,100,1,0.19020092763537688,black,+0%,0.19,0.19,% of DE,logratio
Czechia,CEE,1990,2024,-0.4172472946618189,-0.27002436052311746,100,1,0.14722293413870147,black,+0%,0.15,0.15,% of DE,logratio
Paraguay,Latin America,1990,2024,-1.447697798026816,-1.3494923366244587,100,1,0.09820546140235731,black,+0%,0.1,0.1,% of DE,logratio
Argentina,Latin America,1990,2024,-0.9128821142992439,-0.8615107762810316,100,1,0.051371338018212365,black,+0%,0.05,0.05,% of DE,logratio
Brazil,Latin America,1990,2024,-1.210188591437577,-1.1624584669465008,100,1,0.047730124491076165,black,+0%,0.05,0.05,% of DE,logratio
Portugal,Southern Europe,1990,2024,-0.44365357543425216,-0.40552907459522025,100,1,0.038124500839031905,black,+0%,0.04,0.04,% of DE,logratio
Ecuador,Latin America,1990,2024,-1.5377203584922758,-1.5059870717572088,100,1,0.031733286735067034,black,+0%,0.03,0.03,% of DE,logratio
Spain,Southern Europe,1990,2024,-0.2878998537457344,-0.2614866707242905,100,1,0.02641318302144391,black,+0%,0.03,0.03,% of DE,logratio
Russia,ex-USSR/Balkans,1990,2024,-0.35727775696954567,-0.4098153250564475,100,1,-0.052537568086901854,red,0%,-0.05,-0.05,% of DE,logratio
Greece,Southern Europe,1990,2024,-0.4537913462688559,-0.5093742213775749,100,1,-0.05558287510871901,red,0%,-0.06,-0.06,% of DE,logratio
Algeria,Africa,1990,2024,-1.2844981863811076,-1.4033302908147844,100,1,-0.11883210443367687,red,0%,-0.12,-0.12,% of DE,logratio
Mexico,Latin America,1990,2024,-0.9033839162986823,-1.0478756338979816,100,1,-0.14449171759929924,red,0%,-0.14,-0.14,% of DE,logratio
South Africa,Africa,1990,2024,-1.364722425482693,-1.5304486848189367,100,1,-0.16572625933624363,red,0%,-0.17,-0.17,% of DE,logratio
Italy,Southern Europe,1990,2024,0.006661535103701218,-0.1679675018427388,100,1,-0.17462903694644,red,0%,-0.17,-0.17,% of DE,logratio
Jamaica,Latin America,1990,2024,-1.5783659748012293,-1.8121770565121338,100,1,-0.23381108171090448,red,0%,-0.23,-0.23,% of DE,logratio
Moldova,ex-USSR/Balkans,1990,2024,-0.9800227369931341,-1.339136101623081,100,1,-0.3591133646299468,red,0%,-0.36,-0.36,% of DE,logratio
Ukraine,ex-USSR/Balkans,1990,2024,-0.6190706355081191,-1.3480475844157045,100,1,-0.7289769489075854,red,-1%,-0.73,-0.73,% of DE,logratio
China,Asia,1990,2024,-3.2114110343683375,-0.8784109448712516,100,1,2.333000089497086,black,+2%,2.33,2.33,% of W_EUR3,logratio
South Korea,Asia,1990,2023,-1.0948311361483862,-0.12513774567724892,100,1,0.9696933904711373,black,+1%,0.97,0.97,% of W_EUR3,logratio
Poland,CEE,1990,2024,-1.1712726775984397,-0.24084991253988233,100,1,0.9304227650585574,black,+1%,0.93,0.93,% of W_EUR3,logratio
Dominican Republic,Latin America,1990,2024,-1.7307279588571103,-0.8624419024903844,100,1,0.8682860563667258,black,+1%,0.87,0.87,% of W_EUR3,logratio
Panama,Latin America,1990,2024,-1.2944154895904976,-0.45472846241915243,100,1,0.8396870271713451,black,+1%,0.84,0.84,% of W_EUR3,logratio
Malaysia,Asia,1990,2024,-1.2363458791788609,-0.5215371687877082,100,1,0.7148087103911527,black,+1%,0.71,0.71,% of W_EUR3,logratio
Chile,Latin America,1990,2024,-1.3288113289267438,-0.6427396868135268,100,1,0.686071642113217,black,+1%,0.69,0.69,% of W_EUR3,logratio
Thailand,Asia,1990,2024,-1.558845650835684,-0.9709874206995367,100,1,0.5878582301361474,black,+1%,0.59,0.59,% of W_EUR3,logratio
Romania,CEE,1990,2024,-0.9302451877189141,-0.3459785740905974,100,1,0.5842666136283167,black,+1%,0.58,0.58,% of W_EUR3,logratio
Costa Rica,Latin America,1990,2024,-1.3287409876879255,-0.7551589501577265,100,1,0.573582037530199,black,+1%,0.57,0.57,% of W_EUR3,logratio
Belarus,ex-USSR/Balkans,1990,2024,-1.2086047898968573,-0.6814223842442807,100,1,0.5271824056525766,black,+1%,0.53,0.53,% of W_EUR3,logratio
Slovakia,CEE,1990,2024,-0.8589936577283676,-0.3525049816523429,100,1,0.5064886760760247,black,+1%,0.51,0.51,% of W_EUR3,logratio
Lithuania,CEE,1990,2024,-0.6977709938656778,-0.19627441022900644,100,1,0.5014965836366714,black,+1%,0.5,0.5,% of W_EUR3,logratio
Bulgaria,CEE,1990,2024,-1.017342498864142,-0.5211483514255412,100,1,0.4961941474386008,black,+0%,0.5,0.5,% of W_EUR3,logratio
Uruguay,Latin America,1990,2024,-1.0789992723917867,-0.5830646687490498,100,1,0.4959346036427369,black,+0%,0.5,0.5,% of W_EUR3,logratio
Latvia,CEE,1990,2024,-0.8596904600985519,-0.3880910476579326,100,1,0.47159941244061926,black,+0%,0.47,0.47,% of W_EUR3,logratio
Estonia,CEE,1990,2024,-0.7591828076368561,-0.32320734590219,100,1,0.43597546173466606,black,+0%,0.44,0.44,% of W_EUR3,logratio
Kazakhstan,ex-USSR/Balkans,1990,2024,-0.8987734199181543,-0.4691226282176336,100,1,0.4296507917005207,black,+0%,0.43,0.43,% of W_EUR3,logratio
Egypt,Africa,1990,2024,-1.6421244113916948,-1.2287426306428555,100,1,0.41338178074883936,black,+0%,0.41,0.41,% of W_EUR3,logratio
Morocco,Africa,1990,2024,-2.2365567723446445,-1.8454898124957146,100,1,0.3910669598489298,black,+0%,0.39,0.39,% of W_EUR3,logratio
Azerbaijan,ex-USSR/Balkans,1990,2024,-1.3450655688352913,-0.9556968540817381,100,1,0.38936871475355317,black,+0%,0.39,0.39,% of W_EUR3,logratio
Georgia,ex-USSR/Balkans,1990,2024,-1.1638417069033244,-0.8311103556557758,100,1,0.3327313512475486,black,+0%,0.33,0.33,% of W_EUR3,logratio
Slovenia,CEE,1990,2024,-0.4895588881185396,-0.16853244023963512,100,1,0.32102644787890444,black,+0%,0.32,0.32,% of W_EUR3,logratio
Hungary,CEE,1990,2024,-0.6638270425914338,-0.34373048294096714,100,1,0.32009655965046663,black,+0%,0.32,0.32,% of W_EUR3,logratio
North Macedonia,ex-USSR/Balkans,1990,2024,-1.164815796068256,-0.8527519412027434,100,1,0.31206385486551247,black,+0%,0.31,0.31,% of W_EUR3,logratio
Tunisia,Africa,1990,2024,-1.8139511152536194,-1.5073431440420335,100,1,0.3066079712115859,black,+0%,0.31,0.31,% of W_EUR3,logratio
Israel,Asia,1990,2024,-0.49019570653327715,-0.19268033366022552,100,1,0.29751537287305163,black,+0%,0.3,0.3,% of W_EUR3,logratio
Colombia,Latin America,1990,2024,-1.419927134804565,-1.1320423625954885,100,1,0.2878847722090765,black,+0%,0.29,0.29,% of W_EUR3,logratio
Croatia,CEE,1990,2024,-0.5696702826251226,-0.29736490148363376,100,1,0.2723053811414889,black,+0%,0.27,0.27,% of W_EUR3,logratio
Iran,Asia,1990,2024,-1.520005969144215,-1.2635176799283663,100,1,0.25648828921584865,black,+0%,0.26,0.26,% of W_EUR3,logratio
Czechia,CEE,1990,2024,-0.39311672251137236,-0.17960642679219913,100,1,0.21351029571917324,black,+0%,0.21,0.21,% of W_EUR3,logratio
Paraguay,Latin America,1990,2024,-1.4235672258763694,-1.2590744028935403,100,1,0.16449282298282908,black,+0%,0.16,0.16,% of W_EUR3,logratio
Argentina,Latin America,1990,2024,-0.8887515421487974,-0.7710928425501132,100,1,0.11765869959868414,black,+0%,0.12,0.12,% of W_EUR3,logratio
Brazil,Latin America,1990,2024,-1.1860580192871302,-1.0720405332155822,100,1,0.11401748607154794,black,+0%,0.11,0.11,% of W_EUR3,logratio
Portugal,Southern Europe,1990,2024,-0.41952300328380565,-0.31511114086430186,100,1,0.10441186241950379,black,+0%,0.1,0.1,% of W_EUR3,logratio
Ecuador,Latin America,1990,2024,-1.5135897863418293,-1.4155691380262905,100,1,0.0980206483155388,black,+0%,0.1,0.1,% of W_EUR3,logratio
Spain,Southern Europe,1990,2024,-0.26376928159528806,-0.17106873699337205,100,1,0.09270054460191601,black,+0%,0.09,0.09,% of W_EUR3,logratio
Russia,ex-USSR/Balkans,1990,2024,-0.3331471848190992,-0.31939739132552925,100,1,0.013749793493569973,black,+0%,0.01,0.01,% of W_EUR3,logratio
Greece,Southern Europe,1990,2024,-0.4296607741184095,-0.4189562876466563,100,1,0.010704486471753205,black,+0%,0.01,0.01,% of W_EUR3,logratio
Algeria,Africa,1990,2024,-1.260367614230661,-1.3129123570838661,100,1,-0.052544742853205095,red,0%,-0.05,-0.05,% of W_EUR3,logratio
Mexico,Latin America,1990,2024,-0.8792533441482357,-0.9574577001670632,100,1,-0.07820435601882747,red,0%,-0.08,-0.08,% of W_EUR3,logratio
South Africa,Africa,1990,2024,-1.3405918533322465,-1.4400307510880181,100,1,-0.09943889775577164,red,0%,-0.1,-0.1,% of W_EUR3,logratio
Jamaica,Latin America,1990,2024,-1.5542354026507825,-1.7217591227812152,100,1,-0.1675237201304327,red,0%,-0.17,-0.17,% of W_EUR3,logratio
Moldova,ex-USSR/Balkans,1990,2024,-0.9558921648426877,-1.2487181678921626,100,1,-0.2928260030494749,red,0%,-0.29,-0.29,% of W_EUR3,logratio
Ukraine,ex-USSR/Balkans,1990,2024,-0.5949400633576725,-1.257629650684786,100,1,-0.6626895873271135,red,-1%,-0.66,-0.66,% of W_EUR3,logratio
China,Asia,1990,2024,-3.0804436278001757,-0.7232450355858403,100,1,2.3571985922143353,black,+2%,2.36,2.36,% of S_EUR4,logratio
South Korea,Asia,1990,2023,-0.9638637295802247,0.03800906645684373,100,1,1.0018727960370684,black,+1%,1,1,% of S_EUR4,logratio
Poland,CEE,1990,2024,-1.0403052710302778,-0.08568400325447117,100,1,0.9546212677758066,black,+1%,0.95,0.95,% of S_EUR4,logratio
Dominican Republic,Latin America,1990,2024,-1.5997605522889486,-0.7072759932049733,100,1,0.8924845590839754,black,+1%,0.89,0.89,% of S_EUR4,logratio
Panama,Latin America,1990,2024,-1.1634480830223357,-0.2995625531337411,100,1,0.8638855298885946,black,+1%,0.86,0.86,% of S_EUR4,logratio
Malaysia,Asia,1990,2024,-1.105378472610699,-0.36637125950229693,100,1,0.739007213108402,black,+1%,0.74,0.74,% of S_EUR4,logratio
Chile,Latin America,1990,2024,-1.1978439223585822,-0.4875737775281156,100,1,0.7102701448304666,black,+1%,0.71,0.71,% of S_EUR4,logratio
Thailand,Asia,1990,2024,-1.4278782442675222,-0.8158215114141254,100,1,0.6120567328533968,black,+1%,0.61,0.61,% of S_EUR4,logratio
Romania,CEE,1990,2024,-0.7992777811507522,-0.19081266480518627,100,1,0.6084651163455659,black,+1%,0.61,0.61,% of S_EUR4,logratio
Costa Rica,Latin America,1990,2024,-1.1977735811197636,-0.5999930408723152,100,1,0.5977805402474484,black,+1%,0.6,0.6,% of S_EUR4,logratio
Belarus,ex-USSR/Balkans,1990,2024,-1.0776373833286954,-0.5262564749588695,100,1,0.5513809083698259,black,+1%,0.55,0.55,% of S_EUR4,logratio
Slovakia,CEE,1990,2024,-0.7280262511602057,-0.19733907236693154,100,1,0.5306871787932741,black,+1%,0.53,0.53,% of S_EUR4,logratio
Lithuania,CEE,1990,2024,-0.5668035872975159,-0.04110850094359528,100,1,0.5256950863539206,black,+1%,0.53,0.53,% of S_EUR4,logratio
Bulgaria,CEE,1990,2024,-0.8863750922959801,-0.3659824421401298,100,1,0.5203926501558502,black,+1%,0.52,0.52,% of S_EUR4,logratio
Uruguay,Latin America,1990,2024,-0.948031865823625,-0.4278987594636387,100,1,0.5201331063599863,black,+1%,0.52,0.52,% of S_EUR4,logratio
Latvia,CEE,1990,2024,-0.72872305353039,-0.23292513837252132,100,1,0.4957979151578687,black,+0%,0.5,0.5,% of S_EUR4,logratio
Estonia,CEE,1990,2024,-0.6282154010686942,-0.16804143661677876,100,1,0.4601739644519155,black,+0%,0.46,0.46,% of S_EUR4,logratio
Kazakhstan,ex-USSR/Balkans,1990,2024,-0.7678060133499927,-0.31395671893222243,100,1,0.4538492944177702,black,+0%,0.45,0.45,% of S_EUR4,logratio
Egypt,Africa,1990,2024,-1.511157004823533,-1.0735767213574443,100,1,0.4375802834660887,black,+0%,0.44,0.44,% of S_EUR4,logratio
Morocco,Africa,1990,2024,-2.105589365776483,-1.6903239032103035,100,1,0.4152654625661796,black,+0%,0.42,0.42,% of S_EUR4,logratio
Azerbaijan,ex-USSR/Balkans,1990,2024,-1.2140981622671294,-0.800530944796327,100,1,0.4135672174708024,black,+0%,0.41,0.41,% of S_EUR4,logratio
Georgia,ex-USSR/Balkans,1990,2024,-1.0328743003351626,-0.6759444463703644,100,1,0.35692985396479815,black,+0%,0.36,0.36,% of S_EUR4,logratio
Slovenia,CEE,1990,2024,-0.3585914815503777,-0.013366530954223821,100,1,0.3452249505961539,black,+0%,0.35,0.35,% of S_EUR4,logratio
Hungary,CEE,1990,2024,-0.532859636023272,-0.18856457365555576,100,1,0.34429506236771623,black,+0%,0.34,0.34,% of S_EUR4,logratio
North Macedonia,ex-USSR/Balkans,1990,2024,-1.0338483895000943,-0.69758603191733215,100,1,0.33626235758276213,black,+0%,0.34,0.34,% of S_EUR4,logratio
Tunisia,Africa,1990,2024,-1.6829837086854573,-1.3521772347566223,100,1,0.330806473928835,black,+0%,0.33,0.33,% of S_EUR4,logratio
Israel,Asia,1990,2024,-0.35922829996511535,-0.03751442437481434,100,1,0.321713875590301,black,+0%,0.32,0.32,% of S_EUR4,logratio
Colombia,Latin America,1990,2024,-1.288959728236403,-0.9768764533100772,100,1,0.3120832749263257,black,+0%,0.31,0.31,% of S_EUR4,logratio
Croatia,CEE,1990,2024,-0.43870287605696073,-0.1421989921982224,100,1,0.2965038838587383,black,+0%,0.3,0.3,% of S_EUR4,logratio
Iran,Asia,1990,2024,-1.3890385625760533,-1.108351770642955,100,1,0.2806867919330982,black,+0%,0.28,0.28,% of S_EUR4,logratio
Czechia,CEE,1990,2024,-0.26214931594321056,-0.024440517506787825,100,1,0.23770879843642273,black,+0%,0.24,0.24,% of S_EUR4,logratio
Paraguay,Latin America,1990,2024,-1.2925998193082073,-1.103908493608129,100,1,0.1886913257000784,black,+0%,0.19,0.19,% of S_EUR4,logratio
Argentina,Latin America,1990,2024,-0.7577841355806356,-0.6159269332647019,100,1,0.14185720231593368,black,+0%,0.14,0.14,% of S_EUR4,logratio
Brazil,Latin America,1990,2024,-1.0550906127189685,-0.9168746239301712,100,1,0.13821598878879737,black,+0%,0.14,0.14,% of S_EUR4,logratio
Ecuador,Latin America,1990,2024,-1.3826223797736674,-1.2604032287408793,100,1,0.12221915103278813,black,+0%,0.12,0.12,% of S_EUR4,logratio
Russia,ex-USSR/Balkans,1990,2024,-0.20217977825093741,-0.16423148204011787,100,1,0.03794829621081955,black,+0%,0.04,0.04,% of S_EUR4,logratio
Algeria,Africa,1990,2024,-1.1294002076624992,-1.157746447798455,100,1,-0.02834624013595577,red,0%,-0.03,-0.03,% of S_EUR4,logratio
Mexico,Latin America,1990,2024,-0.7482859375800739,-0.8022917908816519,100,1,-0.05400585330157803,red,0%,-0.05,-0.05,% of S_EUR4,logratio
South Africa,Africa,1990,2024,-1.2096244467640849,-1.2848648418026067,100,1,-0.07524039503852187,red,0%,-0.08,-0.08,% of S_EUR4,logratio
Jamaica,Latin America,1990,2024,-1.423267996082621,-1.5665932134958043,100,1,-0.14332521741318338,red,0%,-0.14,-0.14,% of S_EUR4,logratio
Moldova,ex-USSR/Balkans,1990,2024,-0.8249247582745258,-1.0935522586067514,100,1,-0.2686275003322256,red,0%,-0.27,-0.27,% of S_EUR4,logratio
Ukraine,ex-USSR/Balkans,1990,2024,-0.46397265678951055,-1.1024637413993748,100,1,-0.6384910846098641,red,-1%,-0.64,-0.64,% of S_EUR4,logratio
China,Asia,1990,2024,-3.1959135764827984,-0.9712285756415825,100,1,2.224685000841216,black,+2%,2.22,2.22,% of G7,logratio
South Korea,Asia,1990,2023,-1.079333678262847,-0.2133261877990912,100,1,0.8660074904637559,black,+1%,0.87,0.87,% of G7,logratio
Poland,CEE,1990,2024,-1.1557752197129003,-0.3336675433102133,100,1,0.822107676402687,black,+1%,0.82,0.82,% of G7,logratio
Dominican Republic,Latin America,1990,2024,-1.7152305009715711,-0.9552595332607152,100,1,0.7599709677108559,black,+1%,0.76,0.76,% of G7,logratio
Panama,Latin America,1990,2024,-1.2789180317049582,-0.5475460931894833,100,1,0.7313719385154749,black,+1%,0.73,0.73,% of G7,logratio
Malaysia,Asia,1990,2024,-1.2208484212933215,-0.614354799558039,100,1,0.6064936217352825,black,+1%,0.61,0.61,% of G7,logratio
Chile,Latin America,1990,2024,-1.3133138710412045,-0.7355573175838576,100,1,0.5777565534573469,black,+1%,0.58,0.58,% of G7,logratio
Thailand,Asia,1990,2024,-1.5433481929501447,-1.0638050514698676,100,1,0.4795431414802771,black,+0%,0.48,0.48,% of G7,logratio
Romania,CEE,1990,2024,-0.9147477298333746,-0.4387962048609283,100,1,0.4759515249724463,black,+0%,0.48,0.48,% of G7,logratio
Costa Rica,Latin America,1990,2024,-1.3132435298023863,-0.8479765809280574,100,1,0.46526694887432896,black,+0%,0.47,0.47,% of G7,logratio
Belarus,ex-USSR/Balkans,1990,2024,-1.193107332011318,-0.7742400150146115,100,1,0.41886731699670643,black,+0%,0.42,0.42,% of G7,logratio
Slovakia,CEE,1990,2024,-0.8434961998428281,-0.4453226124226736,100,1,0.39817358742015446,black,+0%,0.4,0.4,% of G7,logratio
Lithuania,CEE,1990,2024,-0.6822735359801385,-0.28909204099933733,100,1,0.3931814949808012,black,+0%,0.39,0.39,% of G7,logratio
Bulgaria,CEE,1990,2024,-1.0018450409786028,-0.6139659821958718,100,1,0.387879058782731,black,+0%,0.39,0.39,% of G7,logratio
Uruguay,Latin America,1990,2024,-1.0635018145062474,-0.6758822995193807,100,1,0.38761951498686664,black,+0%,0.39,0.39,% of G7,logratio
Latvia,CEE,1990,2024,-0.8441930022130127,-0.48090867842826346,100,1,0.3632843237847493,black,+0%,0.36,0.36,% of G7,logratio
Estonia,CEE,1990,2024,-0.7436853497513167,-0.4160249766725208,100,1,0.3276603730787959,black,+0%,0.33,0.33,% of G7,logratio
Kazakhstan,ex-USSR/Balkans,1990,2024,-0.883275962032615,-0.5619402589879646,100,1,0.3213357030446504,black,+0%,0.32,0.32,% of G7,logratio
Egypt,Africa,1990,2024,-1.6266269535061555,-1.3215602614131863,100,1,0.3050666920929692,black,+0%,0.31,0.31,% of G7,logratio
Morocco,Africa,1990,2024,-2.2210593144591053,-1.9383074432660456,100,1,0.28275187119305967,black,+0%,0.28,0.28,% of G7,logratio
Azerbaijan,ex-USSR/Balkans,1990,2024,-1.329568110949752,-1.048514484852069,100,1,0.2810536260976828,black,+0%,0.28,0.28,% of G7,logratio
Georgia,ex-USSR/Balkans,1990,2024,-1.1483442490177853,-0.9239279864261066,100,1,0.22441626259167868,black,+0%,0.22,0.22,% of G7,logratio
Slovenia,CEE,1990,2024,-0.4740614302330003,-0.26135007100996593,100,1,0.21271135922303436,black,+0%,0.21,0.21,% of G7,logratio
Hungary,CEE,1990,2024,-0.6483295847058946,-0.4365481137112978,100,1,0.21178147099459682,black,+0%,0.21,0.21,% of G7,logratio
North Macedonia,ex-USSR/Balkans,1990,2024,-1.1493183381827168,-0.9455695719730742,100,1,0.20374876620964255,black,+0%,0.2,0.2,% of G7,logratio
Tunisia,Africa,1990,2024,-1.7984536573680798,-1.6001607748123643,100,1,0.19829288255571553,black,+0%,0.2,0.2,% of G7,logratio
Israel,Asia,1990,2024,-0.4746982486477378,-0.2854979644305564,100,1,0.18920028421718138,black,+0%,0.19,0.19,% of G7,logratio
Colombia,Latin America,1990,2024,-1.4044296769190256,-1.2248599933658193,100,1,0.17956968355320635,black,+0%,0.18,0.18,% of G7,logratio
Croatia,CEE,1990,2024,-0.5541728247395834,-0.3901825322539645,100,1,0.16399029248561892,black,+0%,0.16,0.16,% of G7,logratio
Iran,Asia,1990,2024,-1.5045085112586758,-1.356335310698697,100,1,0.14817320055997873,black,+0%,0.15,0.15,% of G7,logratio
Czechia,CEE,1990,2024,-0.37761926462583306,-0.2724240575625299,100,1,0.10519520706330315,black,+0%,0.11,0.11,% of G7,logratio
Paraguay,Latin America,1990,2024,-1.40806976799083,-1.351892033663871,100,1,0.05617773432695916,black,+0%,0.06,0.06,% of G7,logratio
Argentina,Latin America,1990,2024,-0.8732540842632581,-0.8639104733204439,100,1,0.009343610942814218,black,+0%,0.01,0.01,% of G7,logratio
Brazil,Latin America,1990,2024,-1.1705605614015908,-1.1648581639859132,100,1,0.005702397415677574,black,+0%,0.01,0.01,% of G7,logratio
Portugal,Southern Europe,1990,2024,-0.4040255453982663,-0.4079287716346326,100,1,-0.0039032262363662973,red,0%,0,0,% of G7,logratio
Ecuador,Latin America,1990,2024,-1.49809232845629,-1.5083867687966215,100,1,-0.010294440340331557,red,0%,-0.01,-0.01,% of G7,logratio
Spain,Southern Europe,1990,2024,-0.2482718237097487,-0.2638863677637027,100,1,-0.015614544053954016,red,0%,-0.02,-0.02,% of G7,logratio
Russia,ex-USSR/Balkans,1990,2024,-0.3176497269335597,-0.41221502209586014,100,1,-0.09456529516230044,red,0%,-0.09,-0.09,% of G7,logratio
Greece,Southern Europe,1990,2024,-0.41416331623287017,-0.5117739184169874,100,1,-0.09761060218411721,red,0%,-0.1,-0.1,% of G7,logratio
Algeria,Africa,1990,2024,-1.2448701563451219,-1.405729987854197,100,1,-0.160859831509075,red,0%,-0.16,-0.16,% of G7,logratio
Mexico,Latin America,1990,2024,-0.8637558862626964,-1.050275330937394,100,1,-0.1865194446746976,red,0%,-0.19,-0.19,% of G7,logratio
South Africa,Africa,1990,2024,-1.3250943954467074,-1.532848381858349,100,1,-0.20775398641164156,red,0%,-0.21,-0.21,% of G7,logratio
Jamaica,Latin America,1990,2024,-1.5387379447652434,-1.8145767535515462,100,1,-0.27583880878630285,red,0%,-0.28,-0.28,% of G7,logratio
Moldova,ex-USSR/Balkans,1990,2024,-0.9403947069571482,-1.3415357986624936,100,1,-0.4011410917053454,red,0%,-0.4,-0.4,% of G7,logratio
Ukraine,ex-USSR/Balkans,1990,2024,-0.5794426054721332,-1.350447281455117,100,1,-0.7710046759829837,red,-1%,-0.77,-0.77,% of G7,logratio
China,Asia,1990,2024,-1.9066003134428362,0.11441176099645377,100,1,2.02101207443929,black,+2%,2.02,2.02,% of World,logratio
South Korea,Asia,1990,2023,0.20997958477711492,0.8860279270318279,100,1,0.676048342254713,black,+1%,0.68,0.68,% of World,logratio
Poland,CEE,1990,2024,0.13353804332706154,0.7519727933278229,100,1,0.6184347500007613,black,+1%,0.62,0.62,% of World,logratio
Dominican Republic,Latin America,1990,2024,-0.42591723793160907,0.13038080337732083,100,1,0.5562980413089299,black,+1%,0.56,0.56,% of World,logratio
Panama,Latin America,1990,2024,0.010395231335003719,0.5380942434485531,100,1,0.5276990121135493,black,+1%,0.53,0.53,% of World,logratio
Malaysia,Asia,1990,2024,0.0684648417466405,0.4712855370799972,100,1,0.40282069533335674,black,+0%,0.4,0.4,% of World,logratio
Chile,Latin America,1990,2024,-0.024000608001242586,0.3500830190541786,100,1,0.3740836270554212,black,+0%,0.37,0.37,% of World,logratio
Thailand,Asia,1990,2024,-0.25403492991018267,0.021835285168168805,100,1,0.27587021507835147,black,+0%,0.28,0.28,% of World,logratio
Romania,CEE,1990,2024,0.3745655332065872,0.6468441317771079,100,1,0.27227859857052067,black,+0%,0.27,0.27,% of World,logratio
Costa Rica,Latin America,1990,2024,-0.023930266762424372,0.237663755709979,100,1,0.2615940224724034,black,+0%,0.26,0.26,% of World,logratio
Belarus,ex-USSR/Balkans,1990,2024,0.0962059310286441,0.3114003216234247,100,1,0.21519439059478057,black,+0%,0.22,0.22,% of World,logratio
Slovakia,CEE,1990,2024,0.44581706319713377,0.6403177242153626,100,1,0.19450066101822883,black,+0%,0.19,0.19,% of World,logratio
Lithuania,CEE,1990,2024,0.6070397270598233,0.7965482956386989,100,1,0.18950856857887555,black,+0%,0.19,0.19,% of World,logratio
Bulgaria,CEE,1990,2024,0.2874682220613592,0.4716743544421644,100,1,0.1842061323808052,black,+0%,0.18,0.18,% of World,logratio
Uruguay,Latin America,1990,2024,0.2258114485337144,0.40975803711865555,100,1,0.18394658858494115,black,+0%,0.18,0.18,% of World,logratio
Latvia,CEE,1990,2024,0.4451202608269493,0.6047316582097728,100,1,0.15961139738282354,black,+0%,0.16,0.16,% of World,logratio
Estonia,CEE,1990,2024,0.5456279132886452,0.6696153599655156,100,1,0.12398744667687034,black,+0%,0.12,0.12,% of World,logratio
Kazakhstan,ex-USSR/Balkans,1990,2024,0.4060373010073469,0.5237000776500718,100,1,0.11766277664272484,black,+0%,0.12,0.12,% of World,logratio
Egypt,Africa,1990,2024,-0.3373136904661934,-0.23591992477515009,100,1,0.10139376569104333,black,+0%,0.1,0.1,% of World,logratio
Morocco,Africa,1990,2024,-0.9317460514191434,-0.8526671066280093,100,1,0.07907894479113409,black,+0%,0.08,0.08,% of World,logratio
Azerbaijan,ex-USSR/Balkans,1990,2024,-0.040254847909790024,0.03712585178596721,100,1,0.07738069969575723,black,+0%,0.08,0.08,% of World,logratio
Georgia,ex-USSR/Balkans,1990,2024,0.14096901402217674,0.16171235021192973,100,1,0.020743336189752992,black,+0%,0.02,0.02,% of World,logratio
Slovenia,CEE,1990,2024,0.8152518328069617,0.8242902656280704,100,1,0.009038432821108722,black,+0%,0.01,0.01,% of World,logratio
Hungary,CEE,1990,2024,0.6409836783340673,0.6490922229267383,100,1,0.008108544592670963,black,+0%,0.01,0.01,% of World,logratio
North Macedonia,ex-USSR/Balkans,1990,2024,0.13999492485724507,0.140070764664962,100,1,7.583980771691534e-5,black,+0%,0,0,% of World,logratio
Tunisia,Africa,1990,2024,-0.5091403943281181,-0.514520438174328,100,1,-0.0053800438462099365,red,0%,-0.01,-0.01,% of World,logratio
Israel,Asia,1990,2024,0.8146150143922241,0.8001423722074799,100,1,-0.0144726421847442,red,0%,-0.01,-0.01,% of World,logratio
Colombia,Latin America,1990,2024,-0.11511641387906364,-0.13921965672778308,100,1,-0.02410324284871944,red,0%,-0.02,-0.02,% of World,logratio
Croatia,CEE,1990,2024,0.7351404383003786,0.6954578043840718,100,1,-0.039682633916306775,red,0%,-0.04,-0.04,% of World,logratio
Iran,Asia,1990,2024,-0.21519524821871386,-0.270694974060661,100,1,-0.05549972584194715,red,0%,-0.06,-0.06,% of World,logratio
Czechia,CEE,1990,2024,0.9116939984141289,0.8132162790755064,100,1,-0.09847771933862248,red,0%,-0.1,-0.1,% of World,logratio
Paraguay,Latin America,1990,2024,-0.11875650495086815,-0.26625169702583495,100,1,-0.1474951920749668,red,0%,-0.15,-0.15,% of World,logratio
Argentina,Latin America,1990,2024,0.41605917877670384,0.22172986331759223,100,1,-0.1943293154591116,red,0%,-0.19,-0.19,% of World,logratio
Brazil,Latin America,1990,2024,0.11875270163837112,-0.07921782734787693,100,1,-0.19797052898624806,red,0%,-0.2,-0.2,% of World,logratio
Portugal,Southern Europe,1990,2024,0.8852877176416958,0.6777115650034036,100,1,-0.2075761526382922,red,0%,-0.21,-0.21,% of World,logratio
Ecuador,Latin America,1990,2024,-0.20877906541632807,-0.42274643215858526,100,1,-0.2139673667422572,red,0%,-0.21,-0.21,% of World,logratio
Spain,Southern Europe,1990,2024,1.0410414393302134,0.8217539688743334,100,1,-0.21928747045588004,red,0%,-0.22,-0.22,% of World,logratio
Russia,ex-USSR/Balkans,1990,2024,0.971663536106402,0.6734253145421762,100,1,-0.29823822156422575,red,0%,-0.3,-0.3,% of World,logratio
Greece,Southern Europe,1990,2024,0.8751499468070918,0.573866418221049,100,1,-0.3012835285860428,red,0%,-0.3,-0.3,% of World,logratio
Algeria,Africa,1990,2024,0.04444310669484016,-0.32008965121616073,100,1,-0.36453275791100087,red,0%,-0.36,-0.36,% of World,logratio
Mexico,Latin America,1990,2024,0.4255573767772656,0.03536500570064206,100,1,-0.3901923710766235,red,0%,-0.39,-0.39,% of World,logratio
South Africa,Africa,1990,2024,-0.03578113240674529,-0.44720804522031277,100,1,-0.41142691281356747,red,0%,-0.41,-0.41,% of World,logratio
Italy,Southern Europe,1990,2024,1.3356028281796488,0.9152731377558849,100,1,-0.4203296904237639,red,0%,-0.42,-0.42,% of World,logratio
Jamaica,Latin America,1990,2024,-0.24942468172528126,-0.72893641691351,100,1,-0.4795117351882287,red,0%,-0.48,-0.48,% of World,logratio
Moldova,ex-USSR/Balkans,1990,2024,0.3489185560828137,-0.2558954620244573,100,1,-0.604814018107271,red,-1%,-0.6,-0.6,% of World,logratio
Ukraine,ex-USSR/Balkans,1990,2024,0.7098706575678286,-0.2648069448170806,100,1,-0.9746776023849093,red,-1%,-0.97,-0.97,% of World,logratio
China,Asia,1990,2024,-2.094817016602607,0.11464633220011511,100,1,2.209463348802722,black,+2%,2.21,2.21,% of LAT_AM,logratio
South Korea,Asia,1990,2023,0.021762881617343962,0.8768999225172858,100,1,0.8551370408999418,black,+1%,0.86,0.86,% of LAT_AM,logratio
Poland,CEE,1990,2024,-0.054678659832709184,0.7522073645314843,100,1,0.8068860243641934,black,+1%,0.81,0.81,% of LAT_AM,logratio
Malaysia,Asia,1990,2024,-0.11975186141313057,0.47152010828365865,100,1,0.5912719696967892,black,+1%,0.59,0.59,% of LAT_AM,logratio
Thailand,Asia,1990,2024,-0.4422516330699536,0.022069856371829937,100,1,0.46432148944178353,black,+0%,0.46,0.46,% of LAT_AM,logratio
Romania,CEE,1990,2024,0.1863488300468163,0.6470787029807693,100,1,0.460729872933953,black,+0%,0.46,0.46,% of LAT_AM,logratio
Belarus,ex-USSR/Balkans,1990,2024,-0.09201077213112693,0.311634892827086,100,1,0.40364566495821297,black,+0%,0.4,0.4,% of LAT_AM,logratio
Slovakia,CEE,1990,2024,0.2576003600373629,0.6405522954190239,100,1,0.382951935381661,black,+0%,0.38,0.38,% of LAT_AM,logratio
Lithuania,CEE,1990,2024,0.41882302390005266,0.7967828668423604,100,1,0.3779598429423078,black,+0%,0.38,0.38,% of LAT_AM,logratio
Bulgaria,CEE,1990,2024,0.09925151890158827,0.47190892564582576,100,1,0.3726574067442375,black,+0%,0.37,0.37,% of LAT_AM,logratio
Latvia,CEE,1990,2024,0.25690355766717826,0.6049662294134341,100,1,0.3480626717462559,black,+0%,0.35,0.35,% of LAT_AM,logratio
Estonia,CEE,1990,2024,0.3574112101288744,0.6698499311691767,100,1,0.3124387210403023,black,+0%,0.31,0.31,% of LAT_AM,logratio
Kazakhstan,ex-USSR/Balkans,1990,2024,0.21782059784757596,0.5239346488537331,100,1,0.30611405100615713,black,+0%,0.31,0.31,% of LAT_AM,logratio
Egypt,Africa,1990,2024,-0.5255303936259644,-0.23568535357148876,100,1,0.28984504005447564,black,+0%,0.29,0.29,% of LAT_AM,logratio
Morocco,Africa,1990,2024,-1.1199627545789144,-0.8524325354243479,100,1,0.26753021915456643,black,+0%,0.27,0.27,% of LAT_AM,logratio
Azerbaijan,ex-USSR/Balkans,1990,2024,-0.22847155106956082,0.0373604229896286,100,1,0.2658319740591894,black,+0%,0.27,0.27,% of LAT_AM,logratio
Georgia,ex-USSR/Balkans,1990,2024,-0.047247689137594175,0.16194692141559094,100,1,0.2091946105531851,black,+0%,0.21,0.21,% of LAT_AM,logratio
Slovenia,CEE,1990,2024,0.6270351296471908,0.8245248368317317,100,1,0.19748970718454095,black,+0%,0.2,0.2,% of LAT_AM,logratio
Hungary,CEE,1990,2024,0.4527669751742963,0.6493267941303996,100,1,0.1965598189561033,black,+0%,0.2,0.2,% of LAT_AM,logratio
North Macedonia,ex-USSR/Balkans,1990,2024,-0.04822177830252572,0.1403053358686233,100,1,0.188527114171149,black,+0%,0.19,0.19,% of LAT_AM,logratio
Tunisia,Africa,1990,2024,-0.6973570974878889,-0.5142858669706668,100,1,0.18307123051722207,black,+0%,0.18,0.18,% of LAT_AM,logratio
Israel,Asia,1990,2024,0.6263983112324532,0.8003769434111413,100,1,0.17397863217868814,black,+0%,0.17,0.17,% of LAT_AM,logratio
Croatia,CEE,1990,2024,0.5469237351406078,0.6956923755877331,100,1,0.14876864044712534,black,+0%,0.15,0.15,% of LAT_AM,logratio
Iran,Asia,1990,2024,-0.4034119513784848,-0.2704604028569995,100,1,0.13295154852148527,black,+0%,0.13,0.13,% of LAT_AM,logratio
Czechia,CEE,1990,2024,0.723477295254358,0.8134508502791677,100,1,0.08997355502480975,black,+0%,0.09,0.09,% of LAT_AM,logratio
Portugal,Southern Europe,1990,2024,0.697071014481925,0.6779461362070649,100,1,-0.01912487827486009,red,0%,-0.02,-0.02,% of LAT_AM,logratio
Spain,Southern Europe,1990,2024,0.8528247361704424,0.8219885400779947,100,1,-0.0308361960924477,red,0%,-0.03,-0.03,% of LAT_AM,logratio
Russia,ex-USSR/Balkans,1990,2024,0.7834468329466313,0.6736598857458376,100,1,-0.10978694720079374,red,0%,-0.11,-0.11,% of LAT_AM,logratio
Greece,Southern Europe,1990,2024,0.6869332436473208,0.5741009894247104,100,1,-0.11283225422261034,red,0%,-0.11,-0.11,% of LAT_AM,logratio
Algeria,Africa,1990,2024,-0.1437735964649305,-0.3198550800124993,100,1,-0.1760814835475688,red,0%,-0.18,-0.18,% of LAT_AM,logratio
South Africa,Africa,1990,2024,-0.22399783556651615,-0.44697347401665133,100,1,-0.22297563845013518,red,0%,-0.22,-0.22,% of LAT_AM,logratio
Italy,Southern Europe,1990,2024,1.147386125019878,0.9155077089595464,100,1,-0.23187841606033166,red,0%,-0.23,-0.23,% of LAT_AM,logratio
Moldova,ex-USSR/Balkans,1990,2024,0.1607018529230428,-0.2556608908207959,100,1,-0.4163627437438387,red,0%,-0.42,-0.42,% of LAT_AM,logratio
Ukraine,ex-USSR/Balkans,1990,2024,0.521653954408058,-0.26457237361341945,100,1,-0.7862263280214774,red,-1%,-0.79,-0.79,% of LAT_AM,logratio
