country,year,rel_val-2004,rel_val-2010,value-2004,% of DE-2004,% of EU8-2004,var_name
Bulgaria,2004,100,NA,16.750152,32.602618926121515,32.10087011411409,GNI_per_cap
Bulgaria,2005,106.98708883358194,NA,17.9205,34.72690531446351,34.010380161336634,GNI_per_cap
Bulgaria,2006,112.17534025959885,NA,18.789540000000002,34.94659883897079,34.53334730929862,GNI_per_cap
Bulgaria,2007,114.78469568514961,NA,19.226611000000002,34.71992899778041,34.417862979778896,GNI_per_cap
Bulgaria,2008,125.88643971708437,NA,21.08617,38.086386728140965,37.87715522926796,GNI_per_cap
Bulgaria,2009,124.26856783150386,NA,20.815174,38.71842291611479,38.60204247286555,GNI_per_cap
Bulgaria,2010,128.44701349575814,100,21.51507,38.746338604475056,38.95814585118749,GNI_per_cap
Bulgaria,2011,130.51667829641187,101.61129849914501,21.861742,37.364082103711176,38.560782396659604,GNI_per_cap
Bulgaria,2012,134.75062196450517,104.90755549482293,22.570934,38.5642526563084,39.96761310413087,GNI_per_cap
Bulgaria,2013,133.58574895320356,104.0006655799865,22.375816,38.08574073528143,39.490339763558296,GNI_per_cap
Bulgaria,2014,137.46151079703634,107.01806687126744,23.025012,38.461226994184756,40.12391121626993,GNI_per_cap
Bulgaria,2015,139.82274907117264,108.85636439946514,23.420523,38.42358759227362,40.12093089676542,GNI_per_cap
Bulgaria,2016,145.0015737170624,112.88824066108081,24.287984,38.9884099779767,40.96743290887171,GNI_per_cap
Bulgaria,2017,151.44381973369556,117.90372980427207,25.36707,39.98158144552081,42.00900979045444,GNI_per_cap
Bulgaria,2018,154.90296446265089,120.59678169766588,25.946482,40.39328812584401,42.415576348374024,GNI_per_cap
Bulgaria,2019,162.935637837794,126.85046806726635,27.291967,41.889047609326916,43.997595532322535,GNI_per_cap
Bulgaria,2020,156.23411059195166,121.63312041280832,26.169451000000002,41.88598341709212,44.5930346208859,GNI_per_cap
Bulgaria,2021,168.5769538091356,131.24240822827906,28.236896,43.896837186797626,45.64842215463092,GNI_per_cap
Bulgaria,2022,187.83025968958373,146.23170642716943,31.461854,49.45390217730059,50.996025679471195,GNI_per_cap
Bulgaria,2023,192.08739120695742,149.54601588560948,32.17493,50.23155509286395,52.060102644619384,GNI_per_cap
Croatia,2004,100,NA,26.09069,50.78311071980538,50.001567202352284,GNI_per_cap
Croatia,2005,103.45317046042095,NA,26.991646,52.30525570846336,51.226033963350424,GNI_per_cap
Croatia,2006,108.45173891529892,NA,28.295807,52.62727113351055,52.00494160729231,GNI_per_cap
Croatia,2007,114.29130084332765,NA,29.819388999999997,53.84865116567834,53.38016381268264,GNI_per_cap
Croatia,2008,115.42725010338938,NA,30.115766,54.395877036474566,54.09704766822568,GNI_per_cap
Croatia,2009,106.71295009829177,NA,27.842145000000002,51.78933142724586,51.63366224205866,GNI_per_cap
Croatia,2010,105.9618354286529,100,27.646174,49.787800779743435,50.0599662896429,GNI_per_cap
Croatia,2011,106.49440470911271,100.50260480889689,27.785125,47.487784448370036,49.00872762056138,GNI_per_cap
Croatia,2012,104.27647179894439,98.40946164919602,27.206451,46.484405574243155,48.17598188468826,GNI_per_cap
Croatia,2013,105.81181639887637,99.85842163910276,27.607032999999998,46.989763470899064,48.72274213524843,GNI_per_cap
Croatia,2014,106.35153765576916,100.36777602571698,27.74785,46.350306243079906,48.354036464449,GNI_per_cap
Croatia,2015,112.17817160067442,105.86658030872555,29.268059,48.01702458319705,50.13815330347034,GNI_per_cap
Croatia,2016,114.40744955384469,107.97043019406591,29.849693,47.91637166760079,50.348571348199066,GNI_per_cap
Croatia,2017,121.42950224773665,114.59739420000757,31.681794999999997,49.93435454440714,52.46647864077998,GNI_per_cap
Croatia,2018,125.86544855655409,118.78375647928715,32.839164,51.12376364795211,53.68327266327572,GNI_per_cap
Croatia,2019,131.30677647850632,123.91893359276405,34.258843999999996,52.58215164031613,55.228952963226675,GNI_per_cap
Croatia,2020,123.4072996919591,116.46391287271794,32.197815999999996,51.534790968392244,54.86543541188212,GNI_per_cap
Croatia,2021,142.73296720017757,134.70224125768726,37.240016000000004,57.893010591027384,60.203075133088646,GNI_per_cap
Croatia,2022,154.03135754554594,145.36493910513622,40.187844,63.170012355044825,65.13984600610576,GNI_per_cap
Croatia,2023,158.60021333280187,149.67673284556483,41.379889999999996,64.60235420159889,66.95403287040746,GNI_per_cap
Czechia,2004,100,NA,33.00036,64.23214317725734,63.24362131633231,GNI_per_cap
Czechia,2005,105.08656572231332,NA,34.678945,67.20194410984557,65.81535688424343,GNI_per_cap
Czechia,2006,108.50441631545837,NA,35.806847999999995,66.59702966352576,65.80950454536219,GNI_per_cap
Czechia,2007,114.37231896864155,NA,37.743277,68.15782030351362,67.56484209275573,GNI_per_cap
Czechia,2008,115.78428235328343,NA,38.209230000000005,69.01450146539109,68.63536317409954,GNI_per_cap
Czechia,2009,110.00927565638678,NA,36.303457,67.52826574704531,67.32528822607239,GNI_per_cap
Czechia,2010,110.25008818085621,100,36.382926,65.52175615592046,65.87993148992597,GNI_per_cap
Czechia,2011,110.09531411172485,99.8596154690802,36.331849999999996,62.095062066861786,64.0838484837154,GNI_per_cap
Czechia,2012,110.64956261083212,100.36233479407346,36.514754,62.388388488440384,64.65871374505437,GNI_per_cap
Czechia,2013,111.56474050586117,101.192427458968,36.816766,62.66559416593007,64.9766961944727,GNI_per_cap
Czechia,2014,114.76818434707984,104.09804313155023,37.873914,63.264992153412656,65.99994661234673,GNI_per_cap
Czechia,2015,120.92132631280386,109.67911981570695,39.904472999999996,65.46706978486421,68.35904576959453,GNI_per_cap
Czechia,2016,124.54517162843074,112.96605171337788,41.100355,65.97655412571027,69.3254753458875,GNI_per_cap
Czechia,2017,130.8716420063296,118.70434225108778,43.188112999999994,68.0697083812934,71.5214591928927,GNI_per_cap
Czechia,2018,134.6223495743683,122.10634185936557,44.42586,69.16184487817686,72.62442964993002,GNI_per_cap
Czechia,2019,137.6161714599477,124.82182439092448,45.413832,69.7033735520043,73.21199721181131,GNI_per_cap
Czechia,2020,132.3166080612454,120.01496800999459,43.664957,69.88872883921182,74.40557080163792,GNI_per_cap
Czechia,2021,140.7319980751725,127.64796872027279,46.442066,72.19843887304431,75.07932297166201,GNI_per_cap
Czechia,2022,137.1655036490511,124.41305572839303,45.26511,71.15080764104846,73.36950683021058,GNI_per_cap
Czechia,2023,139.0561072667086,126.12788757012014,45.889016000000005,71.64200933339453,74.24994811863093,GNI_per_cap
Estonia,2004,100.00000000000001,NA,22.471822,43.739319454631456,43.06617869793013,GNI_per_cap
Estonia,2005,112.55371727312543,NA,25.292870999999998,49.01331638893669,48.002017693794635,GNI_per_cap
Estonia,2006,125.45743731861174,NA,28.192572,52.43526472296824,51.815205716500124,GNI_per_cap
Estonia,2007,136.25092793988844,NA,30.618066,55.290923479408534,54.809888247795044,GNI_per_cap
Estonia,2008,134.13997761285222,NA,30.143697,54.44632673254094,54.1472202136765,GNI_per_cap
Estonia,2009,118.78131644154178,NA,26.692326,49.65054660041789,49.501306208229316,GNI_per_cap
Estonia,2010,118.6588208112364,100,26.664799,48.020449427971556,48.28295369406645,GNI_per_cap
Estonia,2011,129.18689014179625,108.87255516158214,29.030648,49.61651799732788,51.20564044539642,GNI_per_cap
Estonia,2012,135.46941142556219,114.16716473279998,30.442445,52.013361097762825,53.90613714540051,GNI_per_cap
Estonia,2013,141.84055925683285,119.53646453513488,31.874157999999998,54.252811059198756,56.25365032932608,GNI_per_cap
Estonia,2014,147.5807435640955,124.37401834530988,33.164082,55.39763826641033,57.7924859164936,GNI_per_cap
Estonia,2015,151.63490081044608,127.79066888897232,34.075125,55.90347193165466,58.37298063000744,GNI_per_cap
Estonia,2016,157.63201132511642,132.84474786402856,35.422785000000005,56.862605975931295,59.74890991087969,GNI_per_cap
Estonia,2017,165.98471632607271,139.8840096263242,37.29979,58.78899659226796,61.770131248579155,GNI_per_cap
Estonia,2018,173.68487521839575,146.3733366225637,39.030156000000005,60.761853452989854,63.803893017440615,GNI_per_cap
Estonia,2019,181.12464578973615,152.64322074957326,40.702008,62.47143530941558,65.61602853093572,GNI_per_cap
Estonia,2020,179.85762347174165,151.57543471450884,40.41728500000001,64.69060926321634,68.87150170965423,GNI_per_cap
Estonia,2021,195.52700266137742,164.7808408381402,43.938480000000006,68.3063854750665,71.03196767352925,GNI_per_cap
Estonia,2022,191.47571567628117,161.36660921389284,43.028082000000005,67.63449344418382,69.7435432320801,GNI_per_cap
Estonia,2023,181.92085181165996,153.3142252450506,40.88093,63.823377006337374,66.14669906065063,GNI_per_cap
Hungary,2004,100,NA,26.44314,51.46912198946499,50.677020874158934,GNI_per_cap
Hungary,2005,103.23835595923933,NA,27.299463,52.901753117195376,51.810223756610775,GNI_per_cap
Hungary,2006,106.50235183869995,NA,28.162565999999998,52.37945666993649,51.760057606468536,GNI_per_cap
Hungary,2007,105.73971926178207,NA,27.960901999999997,50.492545574147,50.05325659457226,GNI_per_cap
Hungary,2008,107.3619509634635,NA,28.389871,51.27852075877384,50.996816909182314,GNI_per_cap
Hungary,2009,103.33783355531907,NA,27.325768,50.82881564822068,50.67603359643643,GNI_per_cap
Hungary,2010,104.29525389193569,100,27.57894,49.666719540884664,49.938223158983384,GNI_per_cap
Hungary,2011,105.25967415367464,100.92470196461502,27.833963,47.57125387371505,49.09487041241612,GNI_per_cap
Hungary,2012,104.30475730189382,100.00911202533528,27.581453,47.12512659511987,48.840018864694294,GNI_per_cap
Hungary,2013,108.22500656124802,103.76791131203738,28.61809,48.71067745993935,50.50712329258026,GNI_per_cap
Hungary,2014,111.66348625768346,107.06478204020894,29.527331999999998,49.32277206129819,51.455002395713244,GNI_per_cap
Hungary,2015,116.18653079777968,111.40155132865874,30.723367,50.40459527970697,52.631193774919666,GNI_per_cap
Hungary,2016,122.09562858268724,117.06729120118469,32.285918,51.827134252860915,54.45784135753439,GNI_per_cap
Hungary,2017,125.15909986484208,120.00459771115207,33.095996,52.163306980058444,54.808459155465776,GNI_per_cap
Hungary,2018,131.04570788491836,125.6487740282984,34.6526,53.946907180311456,56.64775675444809,GNI_per_cap
Hungary,2019,139.51552274049152,133.7697714270382,36.892285,56.62408586313538,59.47434399628175,GNI_per_cap
Hungary,2020,136.01929649807096,130.41753236346287,35.967773,57.568863153748765,61.28948393396427,GNI_per_cap
Hungary,2021,141.50920427755554,135.6813459835657,37.419477,58.17199912781201,60.49319595544433,GNI_per_cap
Hungary,2022,142.19245520766444,136.33645818149645,37.60015,59.10249726388753,60.94549338865945,GNI_per_cap
Hungary,2023,140.81562930877345,135.0163349280284,37.236074,58.13302165919114,60.24920130432741,GNI_per_cap
Latvia,2004,100,NA,19.15491,37.283257566507714,36.70947451447278,GNI_per_cap
Latvia,2005,112.72751477297466,NA,21.592854,41.84330773845789,40.97994884675307,GNI_per_cap
Latvia,2006,125.93616467005066,NA,24.122958999999998,44.866205930636944,44.335652776756156,GNI_per_cap
Latvia,2007,143.9332943877053,NA,27.570293000000003,49.787173382142186,49.35402119418536,GNI_per_cap
Latvia,2008,142.57639425087353,NA,27.310380000000002,49.328716138231194,49.05772374168922,GNI_per_cap
Latvia,2009,134.60438080888923,NA,25.783348,47.95975148021163,47.81559330653076,GNI_per_cap
Latvia,2010,123.96049368021046,100,23.744521,42.76134126763561,42.99509656648034,GNI_per_cap
Latvia,2011,130.3031703098579,105.11669197285555,24.959455000000002,42.65840873448624,44.02467621263748,GNI_per_cap
Latvia,2012,137.87047289702744,111.22130027386108,26.408965,45.12183672379732,46.76382889607198,GNI_per_cap
Latvia,2013,143.36513718936814,115.6538933760761,27.461463,46.7419896565794,48.46583044275949,GNI_per_cap
Latvia,2014,147.2851503870287,118.81620185136603,28.212338,47.12619198003738,49.16346385032931,GNI_per_cap
Latvia,2015,153.91534598700804,124.16483785880541,29.482346,48.368582715113476,50.50524134497459,GNI_per_cap
Latvia,2016,162.47471274989024,131.06975289162497,31.121885,49.95856435295097,52.49442422784537,GNI_per_cap
Latvia,2017,169.62663880957936,136.8392733633161,32.49183,51.21106802870874,53.80793306360496,GNI_per_cap
Latvia,2018,177.36289546648877,143.08017837041228,33.973703,52.890005434295524,55.53794126824144,GNI_per_cap
Latvia,2019,180.92232226619703,145.95159868670336,34.655508000000005,53.1909709746245,55.86841813018343,GNI_per_cap
Latvia,2020,180.33588254917407,145.4785127061523,34.543176,55.28869891499422,58.86195485275388,GNI_per_cap
Latvia,2021,188.43724141747467,152.01394881791884,36.094984,56.11295363017469,58.3519897972018,GNI_per_cap
Latvia,2022,196.41488265932858,158.4495808527786,37.623093999999995,59.13856221834177,60.982682958390136,GNI_per_cap
Latvia,2023,198.37119568820737,160.0277554556691,37.997824,59.322267046577814,61.481738039901934,GNI_per_cap
Lithuania,2004,100,NA,22.641854,44.070270988757606,43.39203694370861,GNI_per_cap
Lithuania,2005,110.81092564239661,NA,25.089648,48.619504504295016,47.61633138551488,GNI_per_cap
Lithuania,2006,118.52887577139222,NA,26.837135,49.914292251556056,49.324044321549856,GNI_per_cap
Lithuania,2007,131.78421696385817,NA,29.83839,53.882963680290864,53.414177805813246,GNI_per_cap
Lithuania,2008,140.3460158342157,NA,31.77694,57.39633256665064,57.08101988607387,GNI_per_cap
Lithuania,2009,124.8943748157726,NA,28.278402,52.60081554100419,52.4427071841324,GNI_per_cap
Lithuania,2010,126.25261164567178,100,28.585932,51.48020436821721,51.761621419225115,GNI_per_cap
Lithuania,2011,132.85287503399678,105.22782325236064,30.080354,51.410579109601464,53.057161913652145,GNI_per_cap
Lithuania,2012,138.6095546769271,109.7874751818482,31.383773,53.62169555235197,55.572999194976546,GNI_per_cap
Lithuania,2013,145.95800326245367,115.60790811368332,33.047598,56.25011616791116,58.32461588839887,GNI_per_cap
Lithuania,2014,154.9006852530716,122.69107405698719,35.072387,58.5852914054896,61.1179417465954,GNI_per_cap
Lithuania,2015,158.63837828827977,125.65156175422231,35.91867,58.927982220677585,61.53109719085782,GNI_per_cap
Lithuania,2016,166.6790625891325,132.0202888609684,37.739230000000006,60.58109110633299,63.656142603580385,GNI_per_cap
Lithuania,2017,176.18036049521388,139.54591370328595,39.8905,62.872270019854405,66.0604636265096,GNI_per_cap
Lithuania,2018,183.8784050104731,145.6432485741588,41.633480000000006,64.81468868579424,68.059633270842,GNI_per_cap
Lithuania,2019,193.34002418706527,153.1374453699813,43.775766000000004,67.1891896289027,70.57125807698642,GNI_per_cap
Lithuania,2020,195.89090186695844,155.1579007464231,44.353332,70.99051977226351,75.57856943302504,GNI_per_cap
Lithuania,2021,197.15945081175772,156.162671204843,44.640555,69.39782526957937,72.16695843116113,GNI_per_cap
Lithuania,2022,186.93190937455918,148.0618158610326,42.32485,66.52910510515117,68.60368551324936,GNI_per_cap
Lithuania,2023,185.12823640678894,146.6331935582859,41.916464999999995,65.44005599843118,67.82222899628984,GNI_per_cap
Poland,2004,100,NA,20.430883,39.76682078903968,39.15481611746937,GNI_per_cap
Poland,2005,104.76972042764866,NA,21.405379,41.48001282069169,40.62414984445142,GNI_per_cap
Poland,2006,110.58932205720134,NA,22.594375,42.023197967713465,41.526264033687575,GNI_per_cap
Poland,2007,117.45199167358551,NA,23.996479,43.33348436064622,42.95647975710028,GNI_per_cap
Poland,2008,124.03985672082796,NA,25.342437999999998,45.77416829618348,45.5227031753087,GNI_per_cap
Poland,2009,126.12472500576699,NA,25.768395,47.93193732031728,47.78786275087474,GNI_per_cap
Poland,2010,129.9335324860898,100,26.546568,47.80752804962857,48.068868378883565,GNI_per_cap
Poland,2011,136.13287296491296,104.77116288629101,27.813148,47.53567878692697,49.05815592344327,GNI_per_cap
Poland,2012,137.91285476990885,106.14108008236695,28.176814,48.142348657162685,49.894257829962115,GNI_per_cap
Poland,2013,139.38756342542806,107.27605165383338,28.47811,48.472418350724084,50.260077206748,GNI_per_cap
Poland,2014,144.52813909217727,111.23236344524837,29.528375,49.324514299684644,51.456819951308816,GNI_per_cap
Poland,2015,151.0024260821228,116.2151318392645,30.851129,50.61420094897251,52.85005867273739,GNI_per_cap
Poland,2016,155.2943844864659,119.51832719016635,31.728013999999998,50.93155601629944,53.51680423030344,GNI_per_cap
Poland,2017,162.63690609945738,125.16931002154404,33.228156000000006,52.371607182006876,55.02732206450125,GNI_per_cap
Poland,2018,172.3830291622736,132.67016286248378,35.219375,54.82925823960054,57.5742826813483,GNI_per_cap
Poland,2019,180.12114307541182,138.6256031288112,36.80034,56.48296417401565,59.32611873566863,GNI_per_cap
Poland,2020,177.40221996278865,136.5330539149166,36.244839999999996,58.01232770206593,61.76160917355392,GNI_per_cap
Poland,2021,189.07270429770458,145.51494189380713,38.629222999999996,60.05265991996776,62.4488994473535,GNI_per_cap
Poland,2022,206.20489089972273,158.70028848926913,42.12948,66.222009125734985,68.2870133445654,GNI_per_cap
Poland,2023,206.63637983732764,159.0323728475937,42.217637,65.9102462338234,68.30953526964258,GNI_per_cap
Romania,2004,100,NA,18.901797,36.79059656353608,36.22439548132766,GNI_per_cap
Romania,2005,106.5894634250913,NA,20.147324,39.04211449947368,38.23655302439226,GNI_per_cap
Romania,2006,115.23558315645863,NA,21.781596,40.511513186833255,40.03245527132807,GNI_per_cap
Romania,2007,125.29869514522879,NA,23.683705000000003,42.76866869592237,42.396578031536826,GNI_per_cap
Romania,2008,140.86668055952563,NA,26.626334,48.093174525134174,47.82896970404465,GNI_per_cap
Romania,2009,135.60073150716835,NA,25.630975,47.67632160088431,47.53301536518288,GNI_per_cap
Romania,2010,131.24465361679634,100,24.807598000000002,44.67582917795286,44.92005004406805,GNI_per_cap
Romania,2011,137.7583782113415,104.96303995251776,26.038809,44.50314148611092,45.928492236217124,GNI_per_cap
Romania,2012,140.35049683371375,106.9380679258024,26.528766,45.326526349511454,46.97596721597881,GNI_per_cap
Romania,2013,141.53868544879623,107.84339136743509,26.753355,45.53672332347322,47.21611398507617,GNI_per_cap
Romania,2014,149.58042878145395,113.97068349785415,28.273388999999998,47.22817222522561,49.26985271577983,GNI_per_cap
Romania,2015,154.00621962028268,117.34285197623727,29.109942999999998,47.757620300220964,49.86728996238812,GNI_per_cap
Romania,2016,158.77700411236032,120.97788346941125,30.011706999999998,48.17644546599311,50.62184630075577,GNI_per_cap
Romania,2017,172.61997364589197,131.52533751957765,32.628277,51.42612506302515,54.033895437614966,GNI_per_cap
Romania,2018,183.2486773612054,139.62372737578218,34.637293,53.92307735778128,56.622733892883865,GNI_per_cap
Romania,2019,192.1921656443565,146.438091265426,36.327773,55.75764519786429,58.564289742986546,GNI_per_cap
Romania,2020,185.91319121668698,141.65391586883985,35.140934,56.24545118600801,59.880541111552795,GNI_per_cap
Romania,2021,196.850310052531,149.98729824628728,37.208246,57.84362122055887,60.15171501291634,GNI_per_cap
Romania,2022,203.3814985950807,154.9636446059792,38.442758000000005,60.426966368785514,62.31126347982216,GNI_per_cap
Romania,2023,208.30958030075132,158.71852647725103,39.374254,61.47115188879723,63.70884737885414,GNI_per_cap
Slovakia,2004,99.99999999999999,NA,23.479303,45.70028787559311,44.99696814529978,GNI_per_cap
Slovakia,2005,108.07380014645238,NA,25.374975,49.172420087713995,48.15783858343311,GNI_per_cap
Slovakia,2006,115.63549394971392,NA,27.150408,50.49694759373478,49.8998096309521,GNI_per_cap
Slovakia,2007,126.91432109377354,NA,29.798598000000002,53.81110622113285,53.342945512004874,GNI_per_cap
Slovakia,2008,133.56004222101484,NA,31.358967,56.64137890176407,56.3302136371134,GNI_per_cap
Slovakia,2009,126.59656038341512,NA,29.72399,55.28976195800078,55.12357112378839,GNI_per_cap
Slovakia,2010,132.0405081871468,100,31.002191,55.83162824785647,56.136832400934416,GNI_per_cap
Slovakia,2011,132.0513815933974,100.00823490184936,31.004744,52.99046162106142,54.687645048968996,GNI_per_cap
Slovakia,2012,134.5048019525963,101.86631648066422,31.58079,53.95831491270223,55.92186819751478,GNI_per_cap
Slovakia,2013,135.71223558041737,102.78075830188907,31.864287,54.2360096899527,56.236229326945384,GNI_per_cap
Slovakia,2014,138.53198282759928,104.91627511100748,32.526344,54.33235387130046,56.68114912799413,GNI_per_cap
Slovakia,2015,143.2110229166513,108.45991497826716,33.62495,55.164917180150944,57.60180058136157,GNI_per_cap
Slovakia,2016,144.940916687348,109.7700385111491,34.031117,54.6286238332705,57.40153248254212,GNI_per_cap
Slovakia,2017,149.5007752146646,113.2234170159135,35.10174,55.32460298684459,58.13006150580207,GNI_per_cap
Slovakia,2018,154.78562545063625,117.2258631656066,36.342586000000004,56.577864680701786,59.410433028275236,GNI_per_cap
Slovakia,2019,156.7556455998715,118.71784481296824,36.805133000000005,56.490320705158744,59.33384556882019,GNI_per_cap
Slovakia,2020,153.17558617476848,116.0065106366192,35.96456,57.56372052906324,61.284008946344656,GNI_per_cap
Slovakia,2021,156.29135157887782,118.36621482655856,36.69612,57.04747451799193,59.32380022212764,GNI_per_cap
Slovakia,2022,155.29463544978316,117.61135850043631,36.462098,57.31362899564493,59.10084275184149,GNI_per_cap
Slovakia,2023,156.7039277102902,118.67867661353354,36.792989999999996,57.44127816956221,59.53227671365422,GNI_per_cap
Slovenia,2004,100,NA,35.3639,68.8325547995904,67.77323337892811,GNI_per_cap
Slovenia,2005,102.7752482050905,NA,36.345336,70.43112870145151,68.97791325306292,GNI_per_cap
Slovenia,2006,107.61437511134235,NA,38.05664,70.78140982903943,69.94440345771883,GNI_per_cap
Slovenia,2007,114.01556389425375,NA,40.32035,72.81156773628256,72.17810156957604,GNI_per_cap
Slovenia,2008,116.49175288924582,NA,41.196027,74.40933161332461,74.00055626546282,GNI_per_cap
Slovenia,2009,109.91884379268122,NA,38.87159,72.30526446917132,72.08792817046908,GNI_per_cap
Slovenia,2010,108.57077415104104,100,38.39486,69.14503397996917,69.52301599836414,GNI_per_cap
Slovenia,2011,108.2699023580544,99.72287957294283,38.28846,65.43912022494189,67.53501044716407,GNI_per_cap
Slovenia,2012,104.19894298988515,95.97328913297248,36.84881,62.9591499813124,65.25024535660016,GNI_per_cap
Slovenia,2013,103.72651206456301,95.53815276315632,36.68174,62.43576723007565,64.7383932598707,GNI_per_cap
Slovenia,2014,107.721405161761,99.21768174177481,38.09449,63.63344466954899,66.38432738228684,GNI_per_cap
Slovenia,2015,108.54190290098094,99.9734078988698,38.38465,62.97365611663605,65.75548676460072,GNI_per_cap
Slovenia,2016,113.04008607647913,104.11649632268487,39.975383,64.17068709492894,67.42794383671163,GNI_per_cap
Slovenia,2017,118.85698409960439,109.47419784835783,42.032464999999995,66.24826685752446,69.60765408468278,GNI_per_cap
Slovenia,2018,124.0736740008879,114.27907277171997,43.87729,68.30783522603234,71.72766404149695,GNI_per_cap
Slovenia,2019,127.79047277025441,117.70246069395748,45.191695,69.36242680497088,72.85388839983877,GNI_per_cap
Slovenia,2020,123.16261781081838,113.43993701240218,43.555105000000005,69.71290325348079,74.21838177580877,GNI_per_cap
Slovenia,2021,129.91257186000414,119.65703742636384,45.942152,71.42127684130398,74.27115038381773,GNI_per_cap
Slovenia,2022,128.57647487975026,118.4264143690067,45.469656,71.4723270872565,73.70105223337194,GNI_per_cap
Slovenia,2023,131.09642884410374,120.74743858943619,46.36081,72.37857492354445,75.01332644042107,GNI_per_cap
