STRUCTURE,STRUCTURE_ID,STRUCTURE_NAME,freq,Time frequency,unit,Unit of measure,coicop,Classification of individual consumption by purpose (COICOP),geo,Geopolitical entity (reporting),TIME_PERIOD,Time,OBS_VALUE,Observation value,OBS_FLAG,Observation status (Flag) V2 structure,CONF_STATUS,Confidentiality status (flag)
dataflow,ESTAT:PRC_HICP_AIND(1.0),HICP - annual data (average index and rate of change),A,Annual,INX_A_AVG,Annual average index,CP00,All-items HICP,AT,Austria,2004,,80.60,,,,,
dataflow,ESTAT:PRC_HICP_AIND(1.0),HICP - annual data (average index and rate of change),A,Annual,INX_A_AVG,Annual average index,CP00,All-items HICP,AT,Austria,2005,,82.30,,,,,
dataflow,ESTAT:PRC_HICP_AIND(1.0),HICP - annual data (average index and rate of change),A,Annual,INX_A_AVG,Annual average index,CP00,All-items HICP,AT,Austria,2006,,83.69,,,,,
dataflow,ESTAT:PRC_HICP_AIND(1.0),HICP - annual data (average index and rate of change),A,Annual,INX_A_AVG,Annual average index,CP00,All-items HICP,AT,Austria,2007,,85.53,,,,,
dataflow,ESTAT:PRC_HICP_AIND(1.0),HICP - annual data (average index and rate of change),A,Annual,INX_A_AVG,Annual average index,CP00,All-items HICP,AT,Austria,2008,,88.29,,,,,
dataflow,ESTAT:PRC_HICP_AIND(1.0),HICP - annual data (average index and rate of change),A,Annual,INX_A_AVG,Annual average index,CP00,All-items HICP,AT,Austria,2009,,88.64,,,,,
dataflow,ESTAT:PRC_HICP_AIND(1.0),HICP - annual data (average index and rate of change),A,Annual,INX_A_AVG,Annual average index,CP00,All-items HICP,AT,Austria,2010,,90.14,,,,,
dataflow,ESTAT:PRC_HICP_AIND(1.0),HICP - annual data (average index and rate of change),A,Annual,INX_A_AVG,Annual average index,CP00,All-items HICP,AT,Austria,2011,,93.35,,,,,
dataflow,ESTAT:PRC_HICP_AIND(1.0),HICP - annual data (average index and rate of change),A,Annual,INX_A_AVG,Annual average index,CP00,All-items HICP,AT,Austria,2012,,95.75,,,,,
dataflow,ESTAT:PRC_HICP_AIND(1.0),HICP - annual data (average index and rate of change),A,Annual,INX_A_AVG,Annual average index,CP00,All-items HICP,AT,Austria,2013,,97.77,,,,,
dataflow,ESTAT:PRC_HICP_AIND(1.0),HICP - annual data (average index and rate of change),A,Annual,INX_A_AVG,Annual average index,CP00,All-items HICP,AT,Austria,2014,,99.20,,,,,
dataflow,ESTAT:PRC_HICP_AIND(1.0),HICP - annual data (average index and rate of change),A,Annual,INX_A_AVG,Annual average index,CP00,All-items HICP,AT,Austria,2015,,100.00,,,,,
dataflow,ESTAT:PRC_HICP_AIND(1.0),HICP - annual data (average index and rate of change),A,Annual,INX_A_AVG,Annual average index,CP00,All-items HICP,AT,Austria,2016,,100.97,,,,,
dataflow,ESTAT:PRC_HICP_AIND(1.0),HICP - annual data (average index and rate of change),A,Annual,INX_A_AVG,Annual average index,CP00,All-items HICP,AT,Austria,2017,,103.22,,,,,
dataflow,ESTAT:PRC_HICP_AIND(1.0),HICP - annual data (average index and rate of change),A,Annual,INX_A_AVG,Annual average index,CP00,All-items HICP,AT,Austria,2018,,105.41,,,,,
dataflow,ESTAT:PRC_HICP_AIND(1.0),HICP - annual data (average index and rate of change),A,Annual,INX_A_AVG,Annual average index,CP00,All-items HICP,AT,Austria,2019,,106.98,,,,,
dataflow,ESTAT:PRC_HICP_AIND(1.0),HICP - annual data (average index and rate of change),A,Annual,INX_A_AVG,Annual average index,CP00,All-items HICP,AT,Austria,2020,,108.47,,,,,
dataflow,ESTAT:PRC_HICP_AIND(1.0),HICP - annual data (average index and rate of change),A,Annual,INX_A_AVG,Annual average index,CP00,All-items HICP,AT,Austria,2021,,111.46,,,,,
dataflow,ESTAT:PRC_HICP_AIND(1.0),HICP - annual data (average index and rate of change),A,Annual,INX_A_AVG,Annual average index,CP00,All-items HICP,AT,Austria,2022,,121.07,,,,,
dataflow,ESTAT:PRC_HICP_AIND(1.0),HICP - annual data (average index and rate of change),A,Annual,INX_A_AVG,Annual average index,CP00,All-items HICP,AT,Austria,2023,,130.40,,,,,
dataflow,ESTAT:PRC_HICP_AIND(1.0),HICP - annual data (average index and rate of change),A,Annual,INX_A_AVG,Annual average index,CP00,All-items HICP,AT,Austria,2024,,134.21,,,,,
dataflow,ESTAT:PRC_HICP_AIND(1.0),HICP - annual data (average index and rate of change),A,Annual,INX_A_AVG,Annual average index,CP00,All-items HICP,AT,Austria,2025,,139.01,,,,,
dataflow,ESTAT:PRC_HICP_AIND(1.0),HICP - annual data (average index and rate of change),A,Annual,INX_A_AVG,Annual average index,CP00,All-items HICP,BE,Belgium,2004,,80.63,,,,,
dataflow,ESTAT:PRC_HICP_AIND(1.0),HICP - annual data (average index and rate of change),A,Annual,INX_A_AVG,Annual average index,CP00,All-items HICP,BE,Belgium,2005,,82.67,,,,,
dataflow,ESTAT:PRC_HICP_AIND(1.0),HICP - annual data (average index and rate of change),A,Annual,INX_A_AVG,Annual average index,CP00,All-items HICP,BE,Belgium,2006,,84.60,,,,,
dataflow,ESTAT:PRC_HICP_AIND(1.0),HICP - annual data (average index and rate of change),A,Annual,INX_A_AVG,Annual average index,CP00,All-items HICP,BE,Belgium,2007,,86.13,,,,,
dataflow,ESTAT:PRC_HICP_AIND(1.0),HICP - annual data (average index and rate of change),A,Annual,INX_A_AVG,Annual average index,CP00,All-items HICP,BE,Belgium,2008,,90.00,,,,,
dataflow,ESTAT:PRC_HICP_AIND(1.0),HICP - annual data (average index and rate of change),A,Annual,INX_A_AVG,Annual average index,CP00,All-items HICP,BE,Belgium,2009,,89.99,,,,,
dataflow,ESTAT:PRC_HICP_AIND(1.0),HICP - annual data (average index and rate of change),A,Annual,INX_A_AVG,Annual average index,CP00,All-items HICP,BE,Belgium,2010,,92.09,,,,,
dataflow,ESTAT:PRC_HICP_AIND(1.0),HICP - annual data (average index and rate of change),A,Annual,INX_A_AVG,Annual average index,CP00,All-items HICP,BE,Belgium,2011,,95.18,,,,,
dataflow,ESTAT:PRC_HICP_AIND(1.0),HICP - annual data (average index and rate of change),A,Annual,INX_A_AVG,Annual average index,CP00,All-items HICP,BE,Belgium,2012,,97.68,,,,,
dataflow,ESTAT:PRC_HICP_AIND(1.0),HICP - annual data (average index and rate of change),A,Annual,INX_A_AVG,Annual average index,CP00,All-items HICP,BE,Belgium,2013,,98.90,,,,,
dataflow,ESTAT:PRC_HICP_AIND(1.0),HICP - annual data (average index and rate of change),A,Annual,INX_A_AVG,Annual average index,CP00,All-items HICP,BE,Belgium,2014,,99.38,,,,,
dataflow,ESTAT:PRC_HICP_AIND(1.0),HICP - annual data (average index and rate of change),A,Annual,INX_A_AVG,Annual average index,CP00,All-items HICP,BE,Belgium,2015,,100.00,,,,,
dataflow,ESTAT:PRC_HICP_AIND(1.0),HICP - annual data (average index and rate of change),A,Annual,INX_A_AVG,Annual average index,CP00,All-items HICP,BE,Belgium,2016,,101.77,,,,,
dataflow,ESTAT:PRC_HICP_AIND(1.0),HICP - annual data (average index and rate of change),A,Annual,INX_A_AVG,Annual average index,CP00,All-items HICP,BE,Belgium,2017,,104.03,,,,,
dataflow,ESTAT:PRC_HICP_AIND(1.0),HICP - annual data (average index and rate of change),A,Annual,INX_A_AVG,Annual average index,CP00,All-items HICP,BE,Belgium,2018,,106.44,,,,,
dataflow,ESTAT:PRC_HICP_AIND(1.0),HICP - annual data (average index and rate of change),A,Annual,INX_A_AVG,Annual average index,CP00,All-items HICP,BE,Belgium,2019,,107.77,,,,,
dataflow,ESTAT:PRC_HICP_AIND(1.0),HICP - annual data (average index and rate of change),A,Annual,INX_A_AVG,Annual average index,CP00,All-items HICP,BE,Belgium,2020,,108.23,,,,,
dataflow,ESTAT:PRC_HICP_AIND(1.0),HICP - annual data (average index and rate of change),A,Annual,INX_A_AVG,Annual average index,CP00,All-items HICP,BE,Belgium,2021,,111.71,,,,,
dataflow,ESTAT:PRC_HICP_AIND(1.0),HICP - annual data (average index and rate of change),A,Annual,INX_A_AVG,Annual average index,CP00,All-items HICP,BE,Belgium,2022,,123.26,,,,,
dataflow,ESTAT:PRC_HICP_AIND(1.0),HICP - annual data (average index and rate of change),A,Annual,INX_A_AVG,Annual average index,CP00,All-items HICP,BE,Belgium,2023,,126.07,,,,,
dataflow,ESTAT:PRC_HICP_AIND(1.0),HICP - annual data (average index and rate of change),A,Annual,INX_A_AVG,Annual average index,CP00,All-items HICP,BE,Belgium,2024,,131.52,,,,,
dataflow,ESTAT:PRC_HICP_AIND(1.0),HICP - annual data (average index and rate of change),A,Annual,INX_A_AVG,Annual average index,CP00,All-items HICP,BE,Belgium,2025,,135.49,,,,,
dataflow,ESTAT:PRC_HICP_AIND(1.0),HICP - annual data (average index and rate of change),A,Annual,INX_A_AVG,Annual average index,CP00,All-items HICP,BG,Bulgaria,2004,,66.75,,,,,
dataflow,ESTAT:PRC_HICP_AIND(1.0),HICP - annual data (average index and rate of change),A,Annual,INX_A_AVG,Annual average index,CP00,All-items HICP,BG,Bulgaria,2005,,70.78,,,,,
dataflow,ESTAT:PRC_HICP_AIND(1.0),HICP - annual data (average index and rate of change),A,Annual,INX_A_AVG,Annual average index,CP00,All-items HICP,BG,Bulgaria,2006,,76.02,,,,,
dataflow,ESTAT:PRC_HICP_AIND(1.0),HICP - annual data (average index and rate of change),A,Annual,INX_A_AVG,Annual average index,CP00,All-items HICP,BG,Bulgaria,2007,,81.78,,,,,
dataflow,ESTAT:PRC_HICP_AIND(1.0),HICP - annual data (average index and rate of change),A,Annual,INX_A_AVG,Annual average index,CP00,All-items HICP,BG,Bulgaria,2008,,91.55,,,,,
dataflow,ESTAT:PRC_HICP_AIND(1.0),HICP - annual data (average index and rate of change),A,Annual,INX_A_AVG,Annual average index,CP00,All-items HICP,BG,Bulgaria,2009,,93.81,,,,,
dataflow,ESTAT:PRC_HICP_AIND(1.0),HICP - annual data (average index and rate of change),A,Annual,INX_A_AVG,Annual average index,CP00,All-items HICP,BG,Bulgaria,2010,,96.66,,,,,
dataflow,ESTAT:PRC_HICP_AIND(1.0),HICP - annual data (average index and rate of change),A,Annual,INX_A_AVG,Annual average index,CP00,All-items HICP,BG,Bulgaria,2011,,99.94,,,,,
dataflow,ESTAT:PRC_HICP_AIND(1.0),HICP - annual data (average index and rate of change),A,Annual,INX_A_AVG,Annual average index,CP00,All-items HICP,BG,Bulgaria,2012,,102.33,,,,,
dataflow,ESTAT:PRC_HICP_AIND(1.0),HICP - annual data (average index and rate of change),A,Annual,INX_A_AVG,Annual average index,CP00,All-items HICP,BG,Bulgaria,2013,,102.72,,,,,
dataflow,ESTAT:PRC_HICP_AIND(1.0),HICP - annual data (average index and rate of change),A,Annual,INX_A_AVG,Annual average index,CP00,All-items HICP,BG,Bulgaria,2014,,101.08,,,,,
dataflow,ESTAT:PRC_HICP_AIND(1.0),HICP - annual data (average index and rate of change),A,Annual,INX_A_AVG,Annual average index,CP00,All-items HICP,BG,Bulgaria,2015,,100.00,,,,,
dataflow,ESTAT:PRC_HICP_AIND(1.0),HICP - annual data (average index and rate of change),A,Annual,INX_A_AVG,Annual average index,CP00,All-items HICP,BG,Bulgaria,2016,,98.68,,,,,
dataflow,ESTAT:PRC_HICP_AIND(1.0),HICP - annual data (average index and rate of change),A,Annual,INX_A_AVG,Annual average index,CP00,All-items HICP,BG,Bulgaria,2017,,99.85,,,,,
dataflow,ESTAT:PRC_HICP_AIND(1.0),HICP - annual data (average index and rate of change),A,Annual,INX_A_AVG,Annual average index,CP00,All-items HICP,BG,Bulgaria,2018,,102.48,,,,,
dataflow,ESTAT:PRC_HICP_AIND(1.0),HICP - annual data (average index and rate of change),A,Annual,INX_A_AVG,Annual average index,CP00,All-items HICP,BG,Bulgaria,2019,,104.99,,,,,
dataflow,ESTAT:PRC_HICP_AIND(1.0),HICP - annual data (average index and rate of change),A,Annual,INX_A_AVG,Annual average index,CP00,All-items HICP,BG,Bulgaria,2020,,106.27,,,,,
dataflow,ESTAT:PRC_HICP_AIND(1.0),HICP - annual data (average index and rate of change),A,Annual,INX_A_AVG,Annual average index,CP00,All-items HICP,BG,Bulgaria,2021,,109.30,,,,,
dataflow,ESTAT:PRC_HICP_AIND(1.0),HICP - annual data (average index and rate of change),A,Annual,INX_A_AVG,Annual average index,CP00,All-items HICP,BG,Bulgaria,2022,,123.52,,,,,
dataflow,ESTAT:PRC_HICP_AIND(1.0),HICP - annual data (average index and rate of change),A,Annual,INX_A_AVG,Annual average index,CP00,All-items HICP,BG,Bulgaria,2023,,134.15,,,,,
dataflow,ESTAT:PRC_HICP_AIND(1.0),HICP - annual data (average index and rate of change),A,Annual,INX_A_AVG,Annual average index,CP00,All-items HICP,BG,Bulgaria,2024,,137.63,,,,,
dataflow,ESTAT:PRC_HICP_AIND(1.0),HICP - annual data (average index and rate of change),A,Annual,INX_A_AVG,Annual average index,CP00,All-items HICP,BG,Bulgaria,2025,,142.50,,,,,
dataflow,ESTAT:PRC_HICP_AIND(1.0),HICP - annual data (average index and rate of change),A,Annual,INX_A_AVG,Annual average index,CP00,All-items HICP,CZ,Czechia,2004,,80.2,,,,,
dataflow,ESTAT:PRC_HICP_AIND(1.0),HICP - annual data (average index and rate of change),A,Annual,INX_A_AVG,Annual average index,CP00,All-items HICP,CZ,Czechia,2005,,81.5,,,,,
dataflow,ESTAT:PRC_HICP_AIND(1.0),HICP - annual data (average index and rate of change),A,Annual,INX_A_AVG,Annual average index,CP00,All-items HICP,CZ,Czechia,2006,,83.2,,,,,
dataflow,ESTAT:PRC_HICP_AIND(1.0),HICP - annual data (average index and rate of change),A,Annual,INX_A_AVG,Annual average index,CP00,All-items HICP,CZ,Czechia,2007,,85.6,,,,,
dataflow,ESTAT:PRC_HICP_AIND(1.0),HICP - annual data (average index and rate of change),A,Annual,INX_A_AVG,Annual average index,CP00,All-items HICP,CZ,Czechia,2008,,91.0,,,,,
dataflow,ESTAT:PRC_HICP_AIND(1.0),HICP - annual data (average index and rate of change),A,Annual,INX_A_AVG,Annual average index,CP00,All-items HICP,CZ,Czechia,2009,,91.5,,,,,
dataflow,ESTAT:PRC_HICP_AIND(1.0),HICP - annual data (average index and rate of change),A,Annual,INX_A_AVG,Annual average index,CP00,All-items HICP,CZ,Czechia,2010,,92.6,,,,,
dataflow,ESTAT:PRC_HICP_AIND(1.0),HICP - annual data (average index and rate of change),A,Annual,INX_A_AVG,Annual average index,CP00,All-items HICP,CZ,Czechia,2011,,94.6,,,,,
dataflow,ESTAT:PRC_HICP_AIND(1.0),HICP - annual data (average index and rate of change),A,Annual,INX_A_AVG,Annual average index,CP00,All-items HICP,CZ,Czechia,2012,,98.0,,,,,
dataflow,ESTAT:PRC_HICP_AIND(1.0),HICP - annual data (average index and rate of change),A,Annual,INX_A_AVG,Annual average index,CP00,All-items HICP,CZ,Czechia,2013,,99.3,,,,,
dataflow,ESTAT:PRC_HICP_AIND(1.0),HICP - annual data (average index and rate of change),A,Annual,INX_A_AVG,Annual average index,CP00,All-items HICP,CZ,Czechia,2014,,99.8,,,,,
dataflow,ESTAT:PRC_HICP_AIND(1.0),HICP - annual data (average index and rate of change),A,Annual,INX_A_AVG,Annual average index,CP00,All-items HICP,CZ,Czechia,2015,,100.0,,,,,
dataflow,ESTAT:PRC_HICP_AIND(1.0),HICP - annual data (average index and rate of change),A,Annual,INX_A_AVG,Annual average index,CP00,All-items HICP,CZ,Czechia,2016,,100.7,,,,,
dataflow,ESTAT:PRC_HICP_AIND(1.0),HICP - annual data (average index and rate of change),A,Annual,INX_A_AVG,Annual average index,CP00,All-items HICP,CZ,Czechia,2017,,103.1,,,,,
dataflow,ESTAT:PRC_HICP_AIND(1.0),HICP - annual data (average index and rate of change),A,Annual,INX_A_AVG,Annual average index,CP00,All-items HICP,CZ,Czechia,2018,,105.1,,,,,
dataflow,ESTAT:PRC_HICP_AIND(1.0),HICP - annual data (average index and rate of change),A,Annual,INX_A_AVG,Annual average index,CP00,All-items HICP,CZ,Czechia,2019,,107.8,,,,,
dataflow,ESTAT:PRC_HICP_AIND(1.0),HICP - annual data (average index and rate of change),A,Annual,INX_A_AVG,Annual average index,CP00,All-items HICP,CZ,Czechia,2020,,111.4,,,,,
dataflow,ESTAT:PRC_HICP_AIND(1.0),HICP - annual data (average index and rate of change),A,Annual,INX_A_AVG,Annual average index,CP00,All-items HICP,CZ,Czechia,2021,,115.1,,,,,
dataflow,ESTAT:PRC_HICP_AIND(1.0),HICP - annual data (average index and rate of change),A,Annual,INX_A_AVG,Annual average index,CP00,All-items HICP,CZ,Czechia,2022,,132.1,,,,,
dataflow,ESTAT:PRC_HICP_AIND(1.0),HICP - annual data (average index and rate of change),A,Annual,INX_A_AVG,Annual average index,CP00,All-items HICP,CZ,Czechia,2023,,147.9,,,,,
dataflow,ESTAT:PRC_HICP_AIND(1.0),HICP - annual data (average index and rate of change),A,Annual,INX_A_AVG,Annual average index,CP00,All-items HICP,CZ,Czechia,2024,,151.9,,,,,
dataflow,ESTAT:PRC_HICP_AIND(1.0),HICP - annual data (average index and rate of change),A,Annual,INX_A_AVG,Annual average index,CP00,All-items HICP,CZ,Czechia,2025,,155.4,,,,,
dataflow,ESTAT:PRC_HICP_AIND(1.0),HICP - annual data (average index and rate of change),A,Annual,INX_A_AVG,Annual average index,CP00,All-items HICP,DE,Germany,2004,,83.8,,,,,
dataflow,ESTAT:PRC_HICP_AIND(1.0),HICP - annual data (average index and rate of change),A,Annual,INX_A_AVG,Annual average index,CP00,All-items HICP,DE,Germany,2005,,85.5,,,,,
dataflow,ESTAT:PRC_HICP_AIND(1.0),HICP - annual data (average index and rate of change),A,Annual,INX_A_AVG,Annual average index,CP00,All-items HICP,DE,Germany,2006,,87.0,,,,,
dataflow,ESTAT:PRC_HICP_AIND(1.0),HICP - annual data (average index and rate of change),A,Annual,INX_A_AVG,Annual average index,CP00,All-items HICP,DE,Germany,2007,,89.0,,,,,
dataflow,ESTAT:PRC_HICP_AIND(1.0),HICP - annual data (average index and rate of change),A,Annual,INX_A_AVG,Annual average index,CP00,All-items HICP,DE,Germany,2008,,91.4,,,,,
dataflow,ESTAT:PRC_HICP_AIND(1.0),HICP - annual data (average index and rate of change),A,Annual,INX_A_AVG,Annual average index,CP00,All-items HICP,DE,Germany,2009,,91.6,,,,,
dataflow,ESTAT:PRC_HICP_AIND(1.0),HICP - annual data (average index and rate of change),A,Annual,INX_A_AVG,Annual average index,CP00,All-items HICP,DE,Germany,2010,,92.7,,,,,
dataflow,ESTAT:PRC_HICP_AIND(1.0),HICP - annual data (average index and rate of change),A,Annual,INX_A_AVG,Annual average index,CP00,All-items HICP,DE,Germany,2011,,95.0,,,,,
dataflow,ESTAT:PRC_HICP_AIND(1.0),HICP - annual data (average index and rate of change),A,Annual,INX_A_AVG,Annual average index,CP00,All-items HICP,DE,Germany,2012,,97.0,,,,,
dataflow,ESTAT:PRC_HICP_AIND(1.0),HICP - annual data (average index and rate of change),A,Annual,INX_A_AVG,Annual average index,CP00,All-items HICP,DE,Germany,2013,,98.6,,,,,
dataflow,ESTAT:PRC_HICP_AIND(1.0),HICP - annual data (average index and rate of change),A,Annual,INX_A_AVG,Annual average index,CP00,All-items HICP,DE,Germany,2014,,99.3,,,,,
dataflow,ESTAT:PRC_HICP_AIND(1.0),HICP - annual data (average index and rate of change),A,Annual,INX_A_AVG,Annual average index,CP00,All-items HICP,DE,Germany,2015,,100.0,,,,,
dataflow,ESTAT:PRC_HICP_AIND(1.0),HICP - annual data (average index and rate of change),A,Annual,INX_A_AVG,Annual average index,CP00,All-items HICP,DE,Germany,2016,,100.4,,,,,
dataflow,ESTAT:PRC_HICP_AIND(1.0),HICP - annual data (average index and rate of change),A,Annual,INX_A_AVG,Annual average index,CP00,All-items HICP,DE,Germany,2017,,102.1,,,,,
dataflow,ESTAT:PRC_HICP_AIND(1.0),HICP - annual data (average index and rate of change),A,Annual,INX_A_AVG,Annual average index,CP00,All-items HICP,DE,Germany,2018,,104.0,,,,,
dataflow,ESTAT:PRC_HICP_AIND(1.0),HICP - annual data (average index and rate of change),A,Annual,INX_A_AVG,Annual average index,CP00,All-items HICP,DE,Germany,2019,,105.5,,,,,
dataflow,ESTAT:PRC_HICP_AIND(1.0),HICP - annual data (average index and rate of change),A,Annual,INX_A_AVG,Annual average index,CP00,All-items HICP,DE,Germany,2020,,105.8,,,,,
dataflow,ESTAT:PRC_HICP_AIND(1.0),HICP - annual data (average index and rate of change),A,Annual,INX_A_AVG,Annual average index,CP00,All-items HICP,DE,Germany,2021,,109.2,,,,,
dataflow,ESTAT:PRC_HICP_AIND(1.0),HICP - annual data (average index and rate of change),A,Annual,INX_A_AVG,Annual average index,CP00,All-items HICP,DE,Germany,2022,,118.7,,,,,
dataflow,ESTAT:PRC_HICP_AIND(1.0),HICP - annual data (average index and rate of change),A,Annual,INX_A_AVG,Annual average index,CP00,All-items HICP,DE,Germany,2023,,125.9,,,,,
dataflow,ESTAT:PRC_HICP_AIND(1.0),HICP - annual data (average index and rate of change),A,Annual,INX_A_AVG,Annual average index,CP00,All-items HICP,DE,Germany,2024,,129.0,,,,,
dataflow,ESTAT:PRC_HICP_AIND(1.0),HICP - annual data (average index and rate of change),A,Annual,INX_A_AVG,Annual average index,CP00,All-items HICP,DE,Germany,2025,,131.9,,,,,
dataflow,ESTAT:PRC_HICP_AIND(1.0),HICP - annual data (average index and rate of change),A,Annual,INX_A_AVG,Annual average index,CP00,All-items HICP,DK,Denmark,2004,,83.5,,,,,
dataflow,ESTAT:PRC_HICP_AIND(1.0),HICP - annual data (average index and rate of change),A,Annual,INX_A_AVG,Annual average index,CP00,All-items HICP,DK,Denmark,2005,,85.0,,,,,
dataflow,ESTAT:PRC_HICP_AIND(1.0),HICP - annual data (average index and rate of change),A,Annual,INX_A_AVG,Annual average index,CP00,All-items HICP,DK,Denmark,2006,,86.5,,,,,
dataflow,ESTAT:PRC_HICP_AIND(1.0),HICP - annual data (average index and rate of change),A,Annual,INX_A_AVG,Annual average index,CP00,All-items HICP,DK,Denmark,2007,,88.0,,,,,
dataflow,ESTAT:PRC_HICP_AIND(1.0),HICP - annual data (average index and rate of change),A,Annual,INX_A_AVG,Annual average index,CP00,All-items HICP,DK,Denmark,2008,,91.2,,,,,
dataflow,ESTAT:PRC_HICP_AIND(1.0),HICP - annual data (average index and rate of change),A,Annual,INX_A_AVG,Annual average index,CP00,All-items HICP,DK,Denmark,2009,,92.1,,,,,
dataflow,ESTAT:PRC_HICP_AIND(1.0),HICP - annual data (average index and rate of change),A,Annual,INX_A_AVG,Annual average index,CP00,All-items HICP,DK,Denmark,2010,,94.1,,,,,
dataflow,ESTAT:PRC_HICP_AIND(1.0),HICP - annual data (average index and rate of change),A,Annual,INX_A_AVG,Annual average index,CP00,All-items HICP,DK,Denmark,2011,,96.6,,,,,
dataflow,ESTAT:PRC_HICP_AIND(1.0),HICP - annual data (average index and rate of change),A,Annual,INX_A_AVG,Annual average index,CP00,All-items HICP,DK,Denmark,2012,,98.9,,,,,
dataflow,ESTAT:PRC_HICP_AIND(1.0),HICP - annual data (average index and rate of change),A,Annual,INX_A_AVG,Annual average index,CP00,All-items HICP,DK,Denmark,2013,,99.4,,,,,
dataflow,ESTAT:PRC_HICP_AIND(1.0),HICP - annual data (average index and rate of change),A,Annual,INX_A_AVG,Annual average index,CP00,All-items HICP,DK,Denmark,2014,,99.8,,,,,
dataflow,ESTAT:PRC_HICP_AIND(1.0),HICP - annual data (average index and rate of change),A,Annual,INX_A_AVG,Annual average index,CP00,All-items HICP,DK,Denmark,2015,,100.0,,,,,
dataflow,ESTAT:PRC_HICP_AIND(1.0),HICP - annual data (average index and rate of change),A,Annual,INX_A_AVG,Annual average index,CP00,All-items HICP,DK,Denmark,2016,,100.0,,,,,
dataflow,ESTAT:PRC_HICP_AIND(1.0),HICP - annual data (average index and rate of change),A,Annual,INX_A_AVG,Annual average index,CP00,All-items HICP,DK,Denmark,2017,,101.1,,,,,
dataflow,ESTAT:PRC_HICP_AIND(1.0),HICP - annual data (average index and rate of change),A,Annual,INX_A_AVG,Annual average index,CP00,All-items HICP,DK,Denmark,2018,,101.8,,,,,
dataflow,ESTAT:PRC_HICP_AIND(1.0),HICP - annual data (average index and rate of change),A,Annual,INX_A_AVG,Annual average index,CP00,All-items HICP,DK,Denmark,2019,,102.5,,,,,
dataflow,ESTAT:PRC_HICP_AIND(1.0),HICP - annual data (average index and rate of change),A,Annual,INX_A_AVG,Annual average index,CP00,All-items HICP,DK,Denmark,2020,,102.9,,,,,
dataflow,ESTAT:PRC_HICP_AIND(1.0),HICP - annual data (average index and rate of change),A,Annual,INX_A_AVG,Annual average index,CP00,All-items HICP,DK,Denmark,2021,,104.9,,,,,
dataflow,ESTAT:PRC_HICP_AIND(1.0),HICP - annual data (average index and rate of change),A,Annual,INX_A_AVG,Annual average index,CP00,All-items HICP,DK,Denmark,2022,,113.8,,,,,
dataflow,ESTAT:PRC_HICP_AIND(1.0),HICP - annual data (average index and rate of change),A,Annual,INX_A_AVG,Annual average index,CP00,All-items HICP,DK,Denmark,2023,,117.6,,,,,
dataflow,ESTAT:PRC_HICP_AIND(1.0),HICP - annual data (average index and rate of change),A,Annual,INX_A_AVG,Annual average index,CP00,All-items HICP,DK,Denmark,2024,,119.1,,,,,
dataflow,ESTAT:PRC_HICP_AIND(1.0),HICP - annual data (average index and rate of change),A,Annual,INX_A_AVG,Annual average index,CP00,All-items HICP,DK,Denmark,2025,,121.3,,,,,
dataflow,ESTAT:PRC_HICP_AIND(1.0),HICP - annual data (average index and rate of change),A,Annual,INX_A_AVG,Annual average index,CP00,All-items HICP,EE,Estonia,2004,,66.55,,,,,
dataflow,ESTAT:PRC_HICP_AIND(1.0),HICP - annual data (average index and rate of change),A,Annual,INX_A_AVG,Annual average index,CP00,All-items HICP,EE,Estonia,2005,,69.29,,,,,
dataflow,ESTAT:PRC_HICP_AIND(1.0),HICP - annual data (average index and rate of change),A,Annual,INX_A_AVG,Annual average index,CP00,All-items HICP,EE,Estonia,2006,,72.37,,,,,
dataflow,ESTAT:PRC_HICP_AIND(1.0),HICP - annual data (average index and rate of change),A,Annual,INX_A_AVG,Annual average index,CP00,All-items HICP,EE,Estonia,2007,,77.25,,,,,
dataflow,ESTAT:PRC_HICP_AIND(1.0),HICP - annual data (average index and rate of change),A,Annual,INX_A_AVG,Annual average index,CP00,All-items HICP,EE,Estonia,2008,,85.45,,,,,
dataflow,ESTAT:PRC_HICP_AIND(1.0),HICP - annual data (average index and rate of change),A,Annual,INX_A_AVG,Annual average index,CP00,All-items HICP,EE,Estonia,2009,,85.62,,,,,
dataflow,ESTAT:PRC_HICP_AIND(1.0),HICP - annual data (average index and rate of change),A,Annual,INX_A_AVG,Annual average index,CP00,All-items HICP,EE,Estonia,2010,,87.96,,,,,
dataflow,ESTAT:PRC_HICP_AIND(1.0),HICP - annual data (average index and rate of change),A,Annual,INX_A_AVG,Annual average index,CP00,All-items HICP,EE,Estonia,2011,,92.43,,,,,
dataflow,ESTAT:PRC_HICP_AIND(1.0),HICP - annual data (average index and rate of change),A,Annual,INX_A_AVG,Annual average index,CP00,All-items HICP,EE,Estonia,2012,,96.33,,,,,
dataflow,ESTAT:PRC_HICP_AIND(1.0),HICP - annual data (average index and rate of change),A,Annual,INX_A_AVG,Annual average index,CP00,All-items HICP,EE,Estonia,2013,,99.46,,,,,
dataflow,ESTAT:PRC_HICP_AIND(1.0),HICP - annual data (average index and rate of change),A,Annual,INX_A_AVG,Annual average index,CP00,All-items HICP,EE,Estonia,2014,,99.93,,,,,
dataflow,ESTAT:PRC_HICP_AIND(1.0),HICP - annual data (average index and rate of change),A,Annual,INX_A_AVG,Annual average index,CP00,All-items HICP,EE,Estonia,2015,,100.00,,,,,
dataflow,ESTAT:PRC_HICP_AIND(1.0),HICP - annual data (average index and rate of change),A,Annual,INX_A_AVG,Annual average index,CP00,All-items HICP,EE,Estonia,2016,,100.80,,,,,
dataflow,ESTAT:PRC_HICP_AIND(1.0),HICP - annual data (average index and rate of change),A,Annual,INX_A_AVG,Annual average index,CP00,All-items HICP,EE,Estonia,2017,,104.48,,,,,
dataflow,ESTAT:PRC_HICP_AIND(1.0),HICP - annual data (average index and rate of change),A,Annual,INX_A_AVG,Annual average index,CP00,All-items HICP,EE,Estonia,2018,,108.05,,,,,
dataflow,ESTAT:PRC_HICP_AIND(1.0),HICP - annual data (average index and rate of change),A,Annual,INX_A_AVG,Annual average index,CP00,All-items HICP,EE,Estonia,2019,,110.50,,,,,
dataflow,ESTAT:PRC_HICP_AIND(1.0),HICP - annual data (average index and rate of change),A,Annual,INX_A_AVG,Annual average index,CP00,All-items HICP,EE,Estonia,2020,,109.80,,,,,
dataflow,ESTAT:PRC_HICP_AIND(1.0),HICP - annual data (average index and rate of change),A,Annual,INX_A_AVG,Annual average index,CP00,All-items HICP,EE,Estonia,2021,,114.72,,,,,
dataflow,ESTAT:PRC_HICP_AIND(1.0),HICP - annual data (average index and rate of change),A,Annual,INX_A_AVG,Annual average index,CP00,All-items HICP,EE,Estonia,2022,,137.03,,,,,
dataflow,ESTAT:PRC_HICP_AIND(1.0),HICP - annual data (average index and rate of change),A,Annual,INX_A_AVG,Annual average index,CP00,All-items HICP,EE,Estonia,2023,,149.52,,,,,
dataflow,ESTAT:PRC_HICP_AIND(1.0),HICP - annual data (average index and rate of change),A,Annual,INX_A_AVG,Annual average index,CP00,All-items HICP,EE,Estonia,2024,,155.10,,,,,
dataflow,ESTAT:PRC_HICP_AIND(1.0),HICP - annual data (average index and rate of change),A,Annual,INX_A_AVG,Annual average index,CP00,All-items HICP,EE,Estonia,2025,,162.57,,,,,
dataflow,ESTAT:PRC_HICP_AIND(1.0),HICP - annual data (average index and rate of change),A,Annual,INX_A_AVG,Annual average index,CP00,All-items HICP,EL,Greece,2004,,81.51,,,,,
dataflow,ESTAT:PRC_HICP_AIND(1.0),HICP - annual data (average index and rate of change),A,Annual,INX_A_AVG,Annual average index,CP00,All-items HICP,EL,Greece,2005,,84.35,,,,,
dataflow,ESTAT:PRC_HICP_AIND(1.0),HICP - annual data (average index and rate of change),A,Annual,INX_A_AVG,Annual average index,CP00,All-items HICP,EL,Greece,2006,,87.14,,,,,
dataflow,ESTAT:PRC_HICP_AIND(1.0),HICP - annual data (average index and rate of change),A,Annual,INX_A_AVG,Annual average index,CP00,All-items HICP,EL,Greece,2007,,89.75,,,,,
dataflow,ESTAT:PRC_HICP_AIND(1.0),HICP - annual data (average index and rate of change),A,Annual,INX_A_AVG,Annual average index,CP00,All-items HICP,EL,Greece,2008,,93.55,,,,,
dataflow,ESTAT:PRC_HICP_AIND(1.0),HICP - annual data (average index and rate of change),A,Annual,INX_A_AVG,Annual average index,CP00,All-items HICP,EL,Greece,2009,,94.81,,,,,
dataflow,ESTAT:PRC_HICP_AIND(1.0),HICP - annual data (average index and rate of change),A,Annual,INX_A_AVG,Annual average index,CP00,All-items HICP,EL,Greece,2010,,99.27,,,,,
dataflow,ESTAT:PRC_HICP_AIND(1.0),HICP - annual data (average index and rate of change),A,Annual,INX_A_AVG,Annual average index,CP00,All-items HICP,EL,Greece,2011,,102.36,,,,,
dataflow,ESTAT:PRC_HICP_AIND(1.0),HICP - annual data (average index and rate of change),A,Annual,INX_A_AVG,Annual average index,CP00,All-items HICP,EL,Greece,2012,,103.42,,,,,
dataflow,ESTAT:PRC_HICP_AIND(1.0),HICP - annual data (average index and rate of change),A,Annual,INX_A_AVG,Annual average index,CP00,All-items HICP,EL,Greece,2013,,102.54,,,,,
dataflow,ESTAT:PRC_HICP_AIND(1.0),HICP - annual data (average index and rate of change),A,Annual,INX_A_AVG,Annual average index,CP00,All-items HICP,EL,Greece,2014,,101.11,,,,,
dataflow,ESTAT:PRC_HICP_AIND(1.0),HICP - annual data (average index and rate of change),A,Annual,INX_A_AVG,Annual average index,CP00,All-items HICP,EL,Greece,2015,,100.00,,,,,
dataflow,ESTAT:PRC_HICP_AIND(1.0),HICP - annual data (average index and rate of change),A,Annual,INX_A_AVG,Annual average index,CP00,All-items HICP,EL,Greece,2016,,100.02,,,,,
dataflow,ESTAT:PRC_HICP_AIND(1.0),HICP - annual data (average index and rate of change),A,Annual,INX_A_AVG,Annual average index,CP00,All-items HICP,EL,Greece,2017,,101.15,,,,,
dataflow,ESTAT:PRC_HICP_AIND(1.0),HICP - annual data (average index and rate of change),A,Annual,INX_A_AVG,Annual average index,CP00,All-items HICP,EL,Greece,2018,,101.94,,,,,
dataflow,ESTAT:PRC_HICP_AIND(1.0),HICP - annual data (average index and rate of change),A,Annual,INX_A_AVG,Annual average index,CP00,All-items HICP,EL,Greece,2019,,102.46,,,,,
dataflow,ESTAT:PRC_HICP_AIND(1.0),HICP - annual data (average index and rate of change),A,Annual,INX_A_AVG,Annual average index,CP00,All-items HICP,EL,Greece,2020,,101.17,,,,,
dataflow,ESTAT:PRC_HICP_AIND(1.0),HICP - annual data (average index and rate of change),A,Annual,INX_A_AVG,Annual average index,CP00,All-items HICP,EL,Greece,2021,,101.75,,,,,
dataflow,ESTAT:PRC_HICP_AIND(1.0),HICP - annual data (average index and rate of change),A,Annual,INX_A_AVG,Annual average index,CP00,All-items HICP,EL,Greece,2022,,111.21,,,,,
dataflow,ESTAT:PRC_HICP_AIND(1.0),HICP - annual data (average index and rate of change),A,Annual,INX_A_AVG,Annual average index,CP00,All-items HICP,EL,Greece,2023,,115.84,,,,,
dataflow,ESTAT:PRC_HICP_AIND(1.0),HICP - annual data (average index and rate of change),A,Annual,INX_A_AVG,Annual average index,CP00,All-items HICP,EL,Greece,2024,,119.31,,,,,
dataflow,ESTAT:PRC_HICP_AIND(1.0),HICP - annual data (average index and rate of change),A,Annual,INX_A_AVG,Annual average index,CP00,All-items HICP,EL,Greece,2025,,122.75,,,,,
dataflow,ESTAT:PRC_HICP_AIND(1.0),HICP - annual data (average index and rate of change),A,Annual,INX_A_AVG,Annual average index,CP00,All-items HICP,EU27_2020,European Union - 27 countries (from 2020),2004,,81.55,,,,,
dataflow,ESTAT:PRC_HICP_AIND(1.0),HICP - annual data (average index and rate of change),A,Annual,INX_A_AVG,Annual average index,CP00,All-items HICP,EU27_2020,European Union - 27 countries (from 2020),2005,,83.45,,,,,
dataflow,ESTAT:PRC_HICP_AIND(1.0),HICP - annual data (average index and rate of change),A,Annual,INX_A_AVG,Annual average index,CP00,All-items HICP,EU27_2020,European Union - 27 countries (from 2020),2006,,85.38,,,,,
dataflow,ESTAT:PRC_HICP_AIND(1.0),HICP - annual data (average index and rate of change),A,Annual,INX_A_AVG,Annual average index,CP00,All-items HICP,EU27_2020,European Union - 27 countries (from 2020),2007,,87.41,,,,,
dataflow,ESTAT:PRC_HICP_AIND(1.0),HICP - annual data (average index and rate of change),A,Annual,INX_A_AVG,Annual average index,CP00,All-items HICP,EU27_2020,European Union - 27 countries (from 2020),2008,,90.64,,,,,
dataflow,ESTAT:PRC_HICP_AIND(1.0),HICP - annual data (average index and rate of change),A,Annual,INX_A_AVG,Annual average index,CP00,All-items HICP,EU27_2020,European Union - 27 countries (from 2020),2009,,91.35,,,,,
dataflow,ESTAT:PRC_HICP_AIND(1.0),HICP - annual data (average index and rate of change),A,Annual,INX_A_AVG,Annual average index,CP00,All-items HICP,EU27_2020,European Union - 27 countries (from 2020),2010,,93.03,,,,,
dataflow,ESTAT:PRC_HICP_AIND(1.0),HICP - annual data (average index and rate of change),A,Annual,INX_A_AVG,Annual average index,CP00,All-items HICP,EU27_2020,European Union - 27 countries (from 2020),2011,,95.69,,,,,
dataflow,ESTAT:PRC_HICP_AIND(1.0),HICP - annual data (average index and rate of change),A,Annual,INX_A_AVG,Annual average index,CP00,All-items HICP,EU27_2020,European Union - 27 countries (from 2020),2012,,98.19,,,,,
dataflow,ESTAT:PRC_HICP_AIND(1.0),HICP - annual data (average index and rate of change),A,Annual,INX_A_AVG,Annual average index,CP00,All-items HICP,EU27_2020,European Union - 27 countries (from 2020),2013,,99.49,,,,,
dataflow,ESTAT:PRC_HICP_AIND(1.0),HICP - annual data (average index and rate of change),A,Annual,INX_A_AVG,Annual average index,CP00,All-items HICP,EU27_2020,European Union - 27 countries (from 2020),2014,,99.89,,,,,
dataflow,ESTAT:PRC_HICP_AIND(1.0),HICP - annual data (average index and rate of change),A,Annual,INX_A_AVG,Annual average index,CP00,All-items HICP,EU27_2020,European Union - 27 countries (from 2020),2015,,100.00,,,,,
dataflow,ESTAT:PRC_HICP_AIND(1.0),HICP - annual data (average index and rate of change),A,Annual,INX_A_AVG,Annual average index,CP00,All-items HICP,EU27_2020,European Union - 27 countries (from 2020),2016,,100.18,,,,,
dataflow,ESTAT:PRC_HICP_AIND(1.0),HICP - annual data (average index and rate of change),A,Annual,INX_A_AVG,Annual average index,CP00,All-items HICP,EU27_2020,European Union - 27 countries (from 2020),2017,,101.74,,,,,
dataflow,ESTAT:PRC_HICP_AIND(1.0),HICP - annual data (average index and rate of change),A,Annual,INX_A_AVG,Annual average index,CP00,All-items HICP,EU27_2020,European Union - 27 countries (from 2020),2018,,103.57,,,,,
dataflow,ESTAT:PRC_HICP_AIND(1.0),HICP - annual data (average index and rate of change),A,Annual,INX_A_AVG,Annual average index,CP00,All-items HICP,EU27_2020,European Union - 27 countries (from 2020),2019,,105.04,,,,,
dataflow,ESTAT:PRC_HICP_AIND(1.0),HICP - annual data (average index and rate of change),A,Annual,INX_A_AVG,Annual average index,CP00,All-items HICP,EU27_2020,European Union - 27 countries (from 2020),2020,,105.76,,,,,
dataflow,ESTAT:PRC_HICP_AIND(1.0),HICP - annual data (average index and rate of change),A,Annual,INX_A_AVG,Annual average index,CP00,All-items HICP,EU27_2020,European Union - 27 countries (from 2020),2021,,108.82,,,,,
dataflow,ESTAT:PRC_HICP_AIND(1.0),HICP - annual data (average index and rate of change),A,Annual,INX_A_AVG,Annual average index,CP00,All-items HICP,EU27_2020,European Union - 27 countries (from 2020),2022,,118.82,,,,,
dataflow,ESTAT:PRC_HICP_AIND(1.0),HICP - annual data (average index and rate of change),A,Annual,INX_A_AVG,Annual average index,CP00,All-items HICP,EU27_2020,European Union - 27 countries (from 2020),2023,,126.38,,,,,
dataflow,ESTAT:PRC_HICP_AIND(1.0),HICP - annual data (average index and rate of change),A,Annual,INX_A_AVG,Annual average index,CP00,All-items HICP,EU27_2020,European Union - 27 countries (from 2020),2024,,129.67,,,,,
dataflow,ESTAT:PRC_HICP_AIND(1.0),HICP - annual data (average index and rate of change),A,Annual,INX_A_AVG,Annual average index,CP00,All-items HICP,EU27_2020,European Union - 27 countries (from 2020),2025,,132.86,,,,,
dataflow,ESTAT:PRC_HICP_AIND(1.0),HICP - annual data (average index and rate of change),A,Annual,INX_A_AVG,Annual average index,CP00,All-items HICP,FI,Finland,2004,,81.58,,,,,
dataflow,ESTAT:PRC_HICP_AIND(1.0),HICP - annual data (average index and rate of change),A,Annual,INX_A_AVG,Annual average index,CP00,All-items HICP,FI,Finland,2005,,82.21,,,,,
dataflow,ESTAT:PRC_HICP_AIND(1.0),HICP - annual data (average index and rate of change),A,Annual,INX_A_AVG,Annual average index,CP00,All-items HICP,FI,Finland,2006,,83.26,,,,,
dataflow,ESTAT:PRC_HICP_AIND(1.0),HICP - annual data (average index and rate of change),A,Annual,INX_A_AVG,Annual average index,CP00,All-items HICP,FI,Finland,2007,,84.57,,,,,
dataflow,ESTAT:PRC_HICP_AIND(1.0),HICP - annual data (average index and rate of change),A,Annual,INX_A_AVG,Annual average index,CP00,All-items HICP,FI,Finland,2008,,87.89,,,,,
dataflow,ESTAT:PRC_HICP_AIND(1.0),HICP - annual data (average index and rate of change),A,Annual,INX_A_AVG,Annual average index,CP00,All-items HICP,FI,Finland,2009,,89.32,,,,,
dataflow,ESTAT:PRC_HICP_AIND(1.0),HICP - annual data (average index and rate of change),A,Annual,INX_A_AVG,Annual average index,CP00,All-items HICP,FI,Finland,2010,,90.83,,,,,
dataflow,ESTAT:PRC_HICP_AIND(1.0),HICP - annual data (average index and rate of change),A,Annual,INX_A_AVG,Annual average index,CP00,All-items HICP,FI,Finland,2011,,93.85,,,,,
dataflow,ESTAT:PRC_HICP_AIND(1.0),HICP - annual data (average index and rate of change),A,Annual,INX_A_AVG,Annual average index,CP00,All-items HICP,FI,Finland,2012,,96.81,,,,,
dataflow,ESTAT:PRC_HICP_AIND(1.0),HICP - annual data (average index and rate of change),A,Annual,INX_A_AVG,Annual average index,CP00,All-items HICP,FI,Finland,2013,,98.96,,,,,
dataflow,ESTAT:PRC_HICP_AIND(1.0),HICP - annual data (average index and rate of change),A,Annual,INX_A_AVG,Annual average index,CP00,All-items HICP,FI,Finland,2014,,100.16,,,,,
dataflow,ESTAT:PRC_HICP_AIND(1.0),HICP - annual data (average index and rate of change),A,Annual,INX_A_AVG,Annual average index,CP00,All-items HICP,FI,Finland,2015,,100.00,,,,,
dataflow,ESTAT:PRC_HICP_AIND(1.0),HICP - annual data (average index and rate of change),A,Annual,INX_A_AVG,Annual average index,CP00,All-items HICP,FI,Finland,2016,,100.39,,,,,
dataflow,ESTAT:PRC_HICP_AIND(1.0),HICP - annual data (average index and rate of change),A,Annual,INX_A_AVG,Annual average index,CP00,All-items HICP,FI,Finland,2017,,101.23,,,,,
dataflow,ESTAT:PRC_HICP_AIND(1.0),HICP - annual data (average index and rate of change),A,Annual,INX_A_AVG,Annual average index,CP00,All-items HICP,FI,Finland,2018,,102.42,,,,,
dataflow,ESTAT:PRC_HICP_AIND(1.0),HICP - annual data (average index and rate of change),A,Annual,INX_A_AVG,Annual average index,CP00,All-items HICP,FI,Finland,2019,,103.58,,,,,
dataflow,ESTAT:PRC_HICP_AIND(1.0),HICP - annual data (average index and rate of change),A,Annual,INX_A_AVG,Annual average index,CP00,All-items HICP,FI,Finland,2020,,103.98,,,,,
dataflow,ESTAT:PRC_HICP_AIND(1.0),HICP - annual data (average index and rate of change),A,Annual,INX_A_AVG,Annual average index,CP00,All-items HICP,FI,Finland,2021,,106.12,,,,,
dataflow,ESTAT:PRC_HICP_AIND(1.0),HICP - annual data (average index and rate of change),A,Annual,INX_A_AVG,Annual average index,CP00,All-items HICP,FI,Finland,2022,,113.74,,,,,
dataflow,ESTAT:PRC_HICP_AIND(1.0),HICP - annual data (average index and rate of change),A,Annual,INX_A_AVG,Annual average index,CP00,All-items HICP,FI,Finland,2023,,118.67,,,,,
dataflow,ESTAT:PRC_HICP_AIND(1.0),HICP - annual data (average index and rate of change),A,Annual,INX_A_AVG,Annual average index,CP00,All-items HICP,FI,Finland,2024,,119.83,,,,,
dataflow,ESTAT:PRC_HICP_AIND(1.0),HICP - annual data (average index and rate of change),A,Annual,INX_A_AVG,Annual average index,CP00,All-items HICP,FI,Finland,2025,,122.01,,,,,
dataflow,ESTAT:PRC_HICP_AIND(1.0),HICP - annual data (average index and rate of change),A,Annual,INX_A_AVG,Annual average index,CP00,All-items HICP,FR,France,2004,,84.86,,,,,
dataflow,ESTAT:PRC_HICP_AIND(1.0),HICP - annual data (average index and rate of change),A,Annual,INX_A_AVG,Annual average index,CP00,All-items HICP,FR,France,2005,,86.47,,,,,
dataflow,ESTAT:PRC_HICP_AIND(1.0),HICP - annual data (average index and rate of change),A,Annual,INX_A_AVG,Annual average index,CP00,All-items HICP,FR,France,2006,,88.10,,,,,
dataflow,ESTAT:PRC_HICP_AIND(1.0),HICP - annual data (average index and rate of change),A,Annual,INX_A_AVG,Annual average index,CP00,All-items HICP,FR,France,2007,,89.52,,,,,
dataflow,ESTAT:PRC_HICP_AIND(1.0),HICP - annual data (average index and rate of change),A,Annual,INX_A_AVG,Annual average index,CP00,All-items HICP,FR,France,2008,,92.34,,,,,
dataflow,ESTAT:PRC_HICP_AIND(1.0),HICP - annual data (average index and rate of change),A,Annual,INX_A_AVG,Annual average index,CP00,All-items HICP,FR,France,2009,,92.44,,,,,
dataflow,ESTAT:PRC_HICP_AIND(1.0),HICP - annual data (average index and rate of change),A,Annual,INX_A_AVG,Annual average index,CP00,All-items HICP,FR,France,2010,,94.05,,,,,
dataflow,ESTAT:PRC_HICP_AIND(1.0),HICP - annual data (average index and rate of change),A,Annual,INX_A_AVG,Annual average index,CP00,All-items HICP,FR,France,2011,,96.20,,,,,
dataflow,ESTAT:PRC_HICP_AIND(1.0),HICP - annual data (average index and rate of change),A,Annual,INX_A_AVG,Annual average index,CP00,All-items HICP,FR,France,2012,,98.33,,,,,
dataflow,ESTAT:PRC_HICP_AIND(1.0),HICP - annual data (average index and rate of change),A,Annual,INX_A_AVG,Annual average index,CP00,All-items HICP,FR,France,2013,,99.31,,,,,
dataflow,ESTAT:PRC_HICP_AIND(1.0),HICP - annual data (average index and rate of change),A,Annual,INX_A_AVG,Annual average index,CP00,All-items HICP,FR,France,2014,,99.91,,,,,
dataflow,ESTAT:PRC_HICP_AIND(1.0),HICP - annual data (average index and rate of change),A,Annual,INX_A_AVG,Annual average index,CP00,All-items HICP,FR,France,2015,,100.00,,,,,
dataflow,ESTAT:PRC_HICP_AIND(1.0),HICP - annual data (average index and rate of change),A,Annual,INX_A_AVG,Annual average index,CP00,All-items HICP,FR,France,2016,,100.31,,,,,
dataflow,ESTAT:PRC_HICP_AIND(1.0),HICP - annual data (average index and rate of change),A,Annual,INX_A_AVG,Annual average index,CP00,All-items HICP,FR,France,2017,,101.47,,,,,
dataflow,ESTAT:PRC_HICP_AIND(1.0),HICP - annual data (average index and rate of change),A,Annual,INX_A_AVG,Annual average index,CP00,All-items HICP,FR,France,2018,,103.60,,,,,
dataflow,ESTAT:PRC_HICP_AIND(1.0),HICP - annual data (average index and rate of change),A,Annual,INX_A_AVG,Annual average index,CP00,All-items HICP,FR,France,2019,,104.95,,,,,
dataflow,ESTAT:PRC_HICP_AIND(1.0),HICP - annual data (average index and rate of change),A,Annual,INX_A_AVG,Annual average index,CP00,All-items HICP,FR,France,2020,,105.50,,,,,
dataflow,ESTAT:PRC_HICP_AIND(1.0),HICP - annual data (average index and rate of change),A,Annual,INX_A_AVG,Annual average index,CP00,All-items HICP,FR,France,2021,,107.68,,,,,
dataflow,ESTAT:PRC_HICP_AIND(1.0),HICP - annual data (average index and rate of change),A,Annual,INX_A_AVG,Annual average index,CP00,All-items HICP,FR,France,2022,,114.04,,,,,
dataflow,ESTAT:PRC_HICP_AIND(1.0),HICP - annual data (average index and rate of change),A,Annual,INX_A_AVG,Annual average index,CP00,All-items HICP,FR,France,2023,,120.50,,,,,
dataflow,ESTAT:PRC_HICP_AIND(1.0),HICP - annual data (average index and rate of change),A,Annual,INX_A_AVG,Annual average index,CP00,All-items HICP,FR,France,2024,,123.29,,,,,
dataflow,ESTAT:PRC_HICP_AIND(1.0),HICP - annual data (average index and rate of change),A,Annual,INX_A_AVG,Annual average index,CP00,All-items HICP,FR,France,2025,,124.43,,,,,
dataflow,ESTAT:PRC_HICP_AIND(1.0),HICP - annual data (average index and rate of change),A,Annual,INX_A_AVG,Annual average index,CP00,All-items HICP,HR,Croatia,2004,,77.51,,,,,
dataflow,ESTAT:PRC_HICP_AIND(1.0),HICP - annual data (average index and rate of change),A,Annual,INX_A_AVG,Annual average index,CP00,All-items HICP,HR,Croatia,2005,,79.83,,,,,
dataflow,ESTAT:PRC_HICP_AIND(1.0),HICP - annual data (average index and rate of change),A,Annual,INX_A_AVG,Annual average index,CP00,All-items HICP,HR,Croatia,2006,,82.46,,,,,
dataflow,ESTAT:PRC_HICP_AIND(1.0),HICP - annual data (average index and rate of change),A,Annual,INX_A_AVG,Annual average index,CP00,All-items HICP,HR,Croatia,2007,,84.65,,,,,
dataflow,ESTAT:PRC_HICP_AIND(1.0),HICP - annual data (average index and rate of change),A,Annual,INX_A_AVG,Annual average index,CP00,All-items HICP,HR,Croatia,2008,,89.56,,,,,
dataflow,ESTAT:PRC_HICP_AIND(1.0),HICP - annual data (average index and rate of change),A,Annual,INX_A_AVG,Annual average index,CP00,All-items HICP,HR,Croatia,2009,,91.56,,,,,
dataflow,ESTAT:PRC_HICP_AIND(1.0),HICP - annual data (average index and rate of change),A,Annual,INX_A_AVG,Annual average index,CP00,All-items HICP,HR,Croatia,2010,,92.55,,,,,
dataflow,ESTAT:PRC_HICP_AIND(1.0),HICP - annual data (average index and rate of change),A,Annual,INX_A_AVG,Annual average index,CP00,All-items HICP,HR,Croatia,2011,,94.59,,,,,
dataflow,ESTAT:PRC_HICP_AIND(1.0),HICP - annual data (average index and rate of change),A,Annual,INX_A_AVG,Annual average index,CP00,All-items HICP,HR,Croatia,2012,,97.76,,,,,
dataflow,ESTAT:PRC_HICP_AIND(1.0),HICP - annual data (average index and rate of change),A,Annual,INX_A_AVG,Annual average index,CP00,All-items HICP,HR,Croatia,2013,,100.04,,,,,
dataflow,ESTAT:PRC_HICP_AIND(1.0),HICP - annual data (average index and rate of change),A,Annual,INX_A_AVG,Annual average index,CP00,All-items HICP,HR,Croatia,2014,,100.26,,,,,
dataflow,ESTAT:PRC_HICP_AIND(1.0),HICP - annual data (average index and rate of change),A,Annual,INX_A_AVG,Annual average index,CP00,All-items HICP,HR,Croatia,2015,,100.00,,,,,
dataflow,ESTAT:PRC_HICP_AIND(1.0),HICP - annual data (average index and rate of change),A,Annual,INX_A_AVG,Annual average index,CP00,All-items HICP,HR,Croatia,2016,,99.37,,,,,
dataflow,ESTAT:PRC_HICP_AIND(1.0),HICP - annual data (average index and rate of change),A,Annual,INX_A_AVG,Annual average index,CP00,All-items HICP,HR,Croatia,2017,,100.67,,,,,
dataflow,ESTAT:PRC_HICP_AIND(1.0),HICP - annual data (average index and rate of change),A,Annual,INX_A_AVG,Annual average index,CP00,All-items HICP,HR,Croatia,2018,,102.23,,,,,
dataflow,ESTAT:PRC_HICP_AIND(1.0),HICP - annual data (average index and rate of change),A,Annual,INX_A_AVG,Annual average index,CP00,All-items HICP,HR,Croatia,2019,,103.04,,,,,
dataflow,ESTAT:PRC_HICP_AIND(1.0),HICP - annual data (average index and rate of change),A,Annual,INX_A_AVG,Annual average index,CP00,All-items HICP,HR,Croatia,2020,,103.06,,,,,
dataflow,ESTAT:PRC_HICP_AIND(1.0),HICP - annual data (average index and rate of change),A,Annual,INX_A_AVG,Annual average index,CP00,All-items HICP,HR,Croatia,2021,,105.82,,,,,
dataflow,ESTAT:PRC_HICP_AIND(1.0),HICP - annual data (average index and rate of change),A,Annual,INX_A_AVG,Annual average index,CP00,All-items HICP,HR,Croatia,2022,,117.11,,,,,
dataflow,ESTAT:PRC_HICP_AIND(1.0),HICP - annual data (average index and rate of change),A,Annual,INX_A_AVG,Annual average index,CP00,All-items HICP,HR,Croatia,2023,,126.94,,,,,
dataflow,ESTAT:PRC_HICP_AIND(1.0),HICP - annual data (average index and rate of change),A,Annual,INX_A_AVG,Annual average index,CP00,All-items HICP,HR,Croatia,2024,,132.04,,,,,
dataflow,ESTAT:PRC_HICP_AIND(1.0),HICP - annual data (average index and rate of change),A,Annual,INX_A_AVG,Annual average index,CP00,All-items HICP,HR,Croatia,2025,,137.82,,,,,
dataflow,ESTAT:PRC_HICP_AIND(1.0),HICP - annual data (average index and rate of change),A,Annual,INX_A_AVG,Annual average index,CP00,All-items HICP,HU,Hungary,2004,,66.66,,,,,
dataflow,ESTAT:PRC_HICP_AIND(1.0),HICP - annual data (average index and rate of change),A,Annual,INX_A_AVG,Annual average index,CP00,All-items HICP,HU,Hungary,2005,,68.98,,,,,
dataflow,ESTAT:PRC_HICP_AIND(1.0),HICP - annual data (average index and rate of change),A,Annual,INX_A_AVG,Annual average index,CP00,All-items HICP,HU,Hungary,2006,,71.76,,,,,
dataflow,ESTAT:PRC_HICP_AIND(1.0),HICP - annual data (average index and rate of change),A,Annual,INX_A_AVG,Annual average index,CP00,All-items HICP,HU,Hungary,2007,,77.45,,,,,
dataflow,ESTAT:PRC_HICP_AIND(1.0),HICP - annual data (average index and rate of change),A,Annual,INX_A_AVG,Annual average index,CP00,All-items HICP,HU,Hungary,2008,,82.12,,,,,
dataflow,ESTAT:PRC_HICP_AIND(1.0),HICP - annual data (average index and rate of change),A,Annual,INX_A_AVG,Annual average index,CP00,All-items HICP,HU,Hungary,2009,,85.43,,,,,
dataflow,ESTAT:PRC_HICP_AIND(1.0),HICP - annual data (average index and rate of change),A,Annual,INX_A_AVG,Annual average index,CP00,All-items HICP,HU,Hungary,2010,,89.47,,,,,
dataflow,ESTAT:PRC_HICP_AIND(1.0),HICP - annual data (average index and rate of change),A,Annual,INX_A_AVG,Annual average index,CP00,All-items HICP,HU,Hungary,2011,,92.98,,,,,
dataflow,ESTAT:PRC_HICP_AIND(1.0),HICP - annual data (average index and rate of change),A,Annual,INX_A_AVG,Annual average index,CP00,All-items HICP,HU,Hungary,2012,,98.24,,,,,
dataflow,ESTAT:PRC_HICP_AIND(1.0),HICP - annual data (average index and rate of change),A,Annual,INX_A_AVG,Annual average index,CP00,All-items HICP,HU,Hungary,2013,,99.92,,,,,
dataflow,ESTAT:PRC_HICP_AIND(1.0),HICP - annual data (average index and rate of change),A,Annual,INX_A_AVG,Annual average index,CP00,All-items HICP,HU,Hungary,2014,,99.94,,,,,
dataflow,ESTAT:PRC_HICP_AIND(1.0),HICP - annual data (average index and rate of change),A,Annual,INX_A_AVG,Annual average index,CP00,All-items HICP,HU,Hungary,2015,,100.00,,,,,
dataflow,ESTAT:PRC_HICP_AIND(1.0),HICP - annual data (average index and rate of change),A,Annual,INX_A_AVG,Annual average index,CP00,All-items HICP,HU,Hungary,2016,,100.45,,,,,
dataflow,ESTAT:PRC_HICP_AIND(1.0),HICP - annual data (average index and rate of change),A,Annual,INX_A_AVG,Annual average index,CP00,All-items HICP,HU,Hungary,2017,,102.84,,,,,
dataflow,ESTAT:PRC_HICP_AIND(1.0),HICP - annual data (average index and rate of change),A,Annual,INX_A_AVG,Annual average index,CP00,All-items HICP,HU,Hungary,2018,,105.84,,,,,
dataflow,ESTAT:PRC_HICP_AIND(1.0),HICP - annual data (average index and rate of change),A,Annual,INX_A_AVG,Annual average index,CP00,All-items HICP,HU,Hungary,2019,,109.46,,,,,
dataflow,ESTAT:PRC_HICP_AIND(1.0),HICP - annual data (average index and rate of change),A,Annual,INX_A_AVG,Annual average index,CP00,All-items HICP,HU,Hungary,2020,,113.15,,,,,
dataflow,ESTAT:PRC_HICP_AIND(1.0),HICP - annual data (average index and rate of change),A,Annual,INX_A_AVG,Annual average index,CP00,All-items HICP,HU,Hungary,2021,,119.04,,,,,
dataflow,ESTAT:PRC_HICP_AIND(1.0),HICP - annual data (average index and rate of change),A,Annual,INX_A_AVG,Annual average index,CP00,All-items HICP,HU,Hungary,2022,,137.22,,,,,
dataflow,ESTAT:PRC_HICP_AIND(1.0),HICP - annual data (average index and rate of change),A,Annual,INX_A_AVG,Annual average index,CP00,All-items HICP,HU,Hungary,2023,,160.59,,,,,
dataflow,ESTAT:PRC_HICP_AIND(1.0),HICP - annual data (average index and rate of change),A,Annual,INX_A_AVG,Annual average index,CP00,All-items HICP,HU,Hungary,2024,,166.56,,,,,
dataflow,ESTAT:PRC_HICP_AIND(1.0),HICP - annual data (average index and rate of change),A,Annual,INX_A_AVG,Annual average index,CP00,All-items HICP,HU,Hungary,2025,,173.96,,,,,
dataflow,ESTAT:PRC_HICP_AIND(1.0),HICP - annual data (average index and rate of change),A,Annual,INX_A_AVG,Annual average index,CP00,All-items HICP,LT,Lithuania,2004,,70.02,,,,,
dataflow,ESTAT:PRC_HICP_AIND(1.0),HICP - annual data (average index and rate of change),A,Annual,INX_A_AVG,Annual average index,CP00,All-items HICP,LT,Lithuania,2005,,71.89,,,,,
dataflow,ESTAT:PRC_HICP_AIND(1.0),HICP - annual data (average index and rate of change),A,Annual,INX_A_AVG,Annual average index,CP00,All-items HICP,LT,Lithuania,2006,,74.59,,,,,
dataflow,ESTAT:PRC_HICP_AIND(1.0),HICP - annual data (average index and rate of change),A,Annual,INX_A_AVG,Annual average index,CP00,All-items HICP,LT,Lithuania,2007,,78.93,,,,,
dataflow,ESTAT:PRC_HICP_AIND(1.0),HICP - annual data (average index and rate of change),A,Annual,INX_A_AVG,Annual average index,CP00,All-items HICP,LT,Lithuania,2008,,87.69,,,,,
dataflow,ESTAT:PRC_HICP_AIND(1.0),HICP - annual data (average index and rate of change),A,Annual,INX_A_AVG,Annual average index,CP00,All-items HICP,LT,Lithuania,2009,,91.34,,,,,
dataflow,ESTAT:PRC_HICP_AIND(1.0),HICP - annual data (average index and rate of change),A,Annual,INX_A_AVG,Annual average index,CP00,All-items HICP,LT,Lithuania,2010,,92.43,,,,,
dataflow,ESTAT:PRC_HICP_AIND(1.0),HICP - annual data (average index and rate of change),A,Annual,INX_A_AVG,Annual average index,CP00,All-items HICP,LT,Lithuania,2011,,96.24,,,,,
dataflow,ESTAT:PRC_HICP_AIND(1.0),HICP - annual data (average index and rate of change),A,Annual,INX_A_AVG,Annual average index,CP00,All-items HICP,LT,Lithuania,2012,,99.28,,,,,
dataflow,ESTAT:PRC_HICP_AIND(1.0),HICP - annual data (average index and rate of change),A,Annual,INX_A_AVG,Annual average index,CP00,All-items HICP,LT,Lithuania,2013,,100.44,,,,,
dataflow,ESTAT:PRC_HICP_AIND(1.0),HICP - annual data (average index and rate of change),A,Annual,INX_A_AVG,Annual average index,CP00,All-items HICP,LT,Lithuania,2014,,100.68,,,,,
dataflow,ESTAT:PRC_HICP_AIND(1.0),HICP - annual data (average index and rate of change),A,Annual,INX_A_AVG,Annual average index,CP00,All-items HICP,LT,Lithuania,2015,,100.00,,,,,
dataflow,ESTAT:PRC_HICP_AIND(1.0),HICP - annual data (average index and rate of change),A,Annual,INX_A_AVG,Annual average index,CP00,All-items HICP,LT,Lithuania,2016,,100.68,,,,,
dataflow,ESTAT:PRC_HICP_AIND(1.0),HICP - annual data (average index and rate of change),A,Annual,INX_A_AVG,Annual average index,CP00,All-items HICP,LT,Lithuania,2017,,104.42,,,,,
dataflow,ESTAT:PRC_HICP_AIND(1.0),HICP - annual data (average index and rate of change),A,Annual,INX_A_AVG,Annual average index,CP00,All-items HICP,LT,Lithuania,2018,,107.07,,,,,
dataflow,ESTAT:PRC_HICP_AIND(1.0),HICP - annual data (average index and rate of change),A,Annual,INX_A_AVG,Annual average index,CP00,All-items HICP,LT,Lithuania,2019,,109.47,,,,,
dataflow,ESTAT:PRC_HICP_AIND(1.0),HICP - annual data (average index and rate of change),A,Annual,INX_A_AVG,Annual average index,CP00,All-items HICP,LT,Lithuania,2020,,110.63,,,,,
dataflow,ESTAT:PRC_HICP_AIND(1.0),HICP - annual data (average index and rate of change),A,Annual,INX_A_AVG,Annual average index,CP00,All-items HICP,LT,Lithuania,2021,,115.75,,,,,
dataflow,ESTAT:PRC_HICP_AIND(1.0),HICP - annual data (average index and rate of change),A,Annual,INX_A_AVG,Annual average index,CP00,All-items HICP,LT,Lithuania,2022,,137.57,,,,,
dataflow,ESTAT:PRC_HICP_AIND(1.0),HICP - annual data (average index and rate of change),A,Annual,INX_A_AVG,Annual average index,CP00,All-items HICP,LT,Lithuania,2023,,149.52,,,,,
dataflow,ESTAT:PRC_HICP_AIND(1.0),HICP - annual data (average index and rate of change),A,Annual,INX_A_AVG,Annual average index,CP00,All-items HICP,LT,Lithuania,2024,,150.79,,,,,
dataflow,ESTAT:PRC_HICP_AIND(1.0),HICP - annual data (average index and rate of change),A,Annual,INX_A_AVG,Annual average index,CP00,All-items HICP,LT,Lithuania,2025,,155.99,,,,,
dataflow,ESTAT:PRC_HICP_AIND(1.0),HICP - annual data (average index and rate of change),A,Annual,INX_A_AVG,Annual average index,CP00,All-items HICP,LV,Latvia,2004,,63.06,,,,,
dataflow,ESTAT:PRC_HICP_AIND(1.0),HICP - annual data (average index and rate of change),A,Annual,INX_A_AVG,Annual average index,CP00,All-items HICP,LV,Latvia,2005,,67.40,,,,,
dataflow,ESTAT:PRC_HICP_AIND(1.0),HICP - annual data (average index and rate of change),A,Annual,INX_A_AVG,Annual average index,CP00,All-items HICP,LV,Latvia,2006,,71.83,,,,,
dataflow,ESTAT:PRC_HICP_AIND(1.0),HICP - annual data (average index and rate of change),A,Annual,INX_A_AVG,Annual average index,CP00,All-items HICP,LV,Latvia,2007,,79.08,,,,,
dataflow,ESTAT:PRC_HICP_AIND(1.0),HICP - annual data (average index and rate of change),A,Annual,INX_A_AVG,Annual average index,CP00,All-items HICP,LV,Latvia,2008,,91.14,,,,,
dataflow,ESTAT:PRC_HICP_AIND(1.0),HICP - annual data (average index and rate of change),A,Annual,INX_A_AVG,Annual average index,CP00,All-items HICP,LV,Latvia,2009,,94.11,,,,,
dataflow,ESTAT:PRC_HICP_AIND(1.0),HICP - annual data (average index and rate of change),A,Annual,INX_A_AVG,Annual average index,CP00,All-items HICP,LV,Latvia,2010,,92.96,,,,,
dataflow,ESTAT:PRC_HICP_AIND(1.0),HICP - annual data (average index and rate of change),A,Annual,INX_A_AVG,Annual average index,CP00,All-items HICP,LV,Latvia,2011,,96.88,,,,,
dataflow,ESTAT:PRC_HICP_AIND(1.0),HICP - annual data (average index and rate of change),A,Annual,INX_A_AVG,Annual average index,CP00,All-items HICP,LV,Latvia,2012,,99.09,,,,,
dataflow,ESTAT:PRC_HICP_AIND(1.0),HICP - annual data (average index and rate of change),A,Annual,INX_A_AVG,Annual average index,CP00,All-items HICP,LV,Latvia,2013,,99.11,,,,,
dataflow,ESTAT:PRC_HICP_AIND(1.0),HICP - annual data (average index and rate of change),A,Annual,INX_A_AVG,Annual average index,CP00,All-items HICP,LV,Latvia,2014,,99.79,,,,,
dataflow,ESTAT:PRC_HICP_AIND(1.0),HICP - annual data (average index and rate of change),A,Annual,INX_A_AVG,Annual average index,CP00,All-items HICP,LV,Latvia,2015,,100.00,,,,,
dataflow,ESTAT:PRC_HICP_AIND(1.0),HICP - annual data (average index and rate of change),A,Annual,INX_A_AVG,Annual average index,CP00,All-items HICP,LV,Latvia,2016,,100.10,,,,,
dataflow,ESTAT:PRC_HICP_AIND(1.0),HICP - annual data (average index and rate of change),A,Annual,INX_A_AVG,Annual average index,CP00,All-items HICP,LV,Latvia,2017,,103.00,,,,,
dataflow,ESTAT:PRC_HICP_AIND(1.0),HICP - annual data (average index and rate of change),A,Annual,INX_A_AVG,Annual average index,CP00,All-items HICP,LV,Latvia,2018,,105.63,,,,,
dataflow,ESTAT:PRC_HICP_AIND(1.0),HICP - annual data (average index and rate of change),A,Annual,INX_A_AVG,Annual average index,CP00,All-items HICP,LV,Latvia,2019,,108.53,,,,,
dataflow,ESTAT:PRC_HICP_AIND(1.0),HICP - annual data (average index and rate of change),A,Annual,INX_A_AVG,Annual average index,CP00,All-items HICP,LV,Latvia,2020,,108.62,,,,,
dataflow,ESTAT:PRC_HICP_AIND(1.0),HICP - annual data (average index and rate of change),A,Annual,INX_A_AVG,Annual average index,CP00,All-items HICP,LV,Latvia,2021,,112.14,,,,,
dataflow,ESTAT:PRC_HICP_AIND(1.0),HICP - annual data (average index and rate of change),A,Annual,INX_A_AVG,Annual average index,CP00,All-items HICP,LV,Latvia,2022,,131.47,,,,,
dataflow,ESTAT:PRC_HICP_AIND(1.0),HICP - annual data (average index and rate of change),A,Annual,INX_A_AVG,Annual average index,CP00,All-items HICP,LV,Latvia,2023,,143.38,,,,,
dataflow,ESTAT:PRC_HICP_AIND(1.0),HICP - annual data (average index and rate of change),A,Annual,INX_A_AVG,Annual average index,CP00,All-items HICP,LV,Latvia,2024,,145.32,,,,,
dataflow,ESTAT:PRC_HICP_AIND(1.0),HICP - annual data (average index and rate of change),A,Annual,INX_A_AVG,Annual average index,CP00,All-items HICP,LV,Latvia,2025,,150.85,,,,,
dataflow,ESTAT:PRC_HICP_AIND(1.0),HICP - annual data (average index and rate of change),A,Annual,INX_A_AVG,Annual average index,CP00,All-items HICP,NL,Netherlands,2004,,84.32,,,,,
dataflow,ESTAT:PRC_HICP_AIND(1.0),HICP - annual data (average index and rate of change),A,Annual,INX_A_AVG,Annual average index,CP00,All-items HICP,NL,Netherlands,2005,,85.57,,,,,
dataflow,ESTAT:PRC_HICP_AIND(1.0),HICP - annual data (average index and rate of change),A,Annual,INX_A_AVG,Annual average index,CP00,All-items HICP,NL,Netherlands,2006,,86.99,,,,,
dataflow,ESTAT:PRC_HICP_AIND(1.0),HICP - annual data (average index and rate of change),A,Annual,INX_A_AVG,Annual average index,CP00,All-items HICP,NL,Netherlands,2007,,88.36,,,,,
dataflow,ESTAT:PRC_HICP_AIND(1.0),HICP - annual data (average index and rate of change),A,Annual,INX_A_AVG,Annual average index,CP00,All-items HICP,NL,Netherlands,2008,,90.32,,,,,
dataflow,ESTAT:PRC_HICP_AIND(1.0),HICP - annual data (average index and rate of change),A,Annual,INX_A_AVG,Annual average index,CP00,All-items HICP,NL,Netherlands,2009,,91.20,,,,,
dataflow,ESTAT:PRC_HICP_AIND(1.0),HICP - annual data (average index and rate of change),A,Annual,INX_A_AVG,Annual average index,CP00,All-items HICP,NL,Netherlands,2010,,92.05,,,,,
dataflow,ESTAT:PRC_HICP_AIND(1.0),HICP - annual data (average index and rate of change),A,Annual,INX_A_AVG,Annual average index,CP00,All-items HICP,NL,Netherlands,2011,,94.32,,,,,
dataflow,ESTAT:PRC_HICP_AIND(1.0),HICP - annual data (average index and rate of change),A,Annual,INX_A_AVG,Annual average index,CP00,All-items HICP,NL,Netherlands,2012,,96.99,,,,,
dataflow,ESTAT:PRC_HICP_AIND(1.0),HICP - annual data (average index and rate of change),A,Annual,INX_A_AVG,Annual average index,CP00,All-items HICP,NL,Netherlands,2013,,99.47,,,,,
dataflow,ESTAT:PRC_HICP_AIND(1.0),HICP - annual data (average index and rate of change),A,Annual,INX_A_AVG,Annual average index,CP00,All-items HICP,NL,Netherlands,2014,,99.79,,,,,
dataflow,ESTAT:PRC_HICP_AIND(1.0),HICP - annual data (average index and rate of change),A,Annual,INX_A_AVG,Annual average index,CP00,All-items HICP,NL,Netherlands,2015,,100.00,,,,,
dataflow,ESTAT:PRC_HICP_AIND(1.0),HICP - annual data (average index and rate of change),A,Annual,INX_A_AVG,Annual average index,CP00,All-items HICP,NL,Netherlands,2016,,100.11,,,,,
dataflow,ESTAT:PRC_HICP_AIND(1.0),HICP - annual data (average index and rate of change),A,Annual,INX_A_AVG,Annual average index,CP00,All-items HICP,NL,Netherlands,2017,,101.40,,,,,
dataflow,ESTAT:PRC_HICP_AIND(1.0),HICP - annual data (average index and rate of change),A,Annual,INX_A_AVG,Annual average index,CP00,All-items HICP,NL,Netherlands,2018,,103.02,,,,,
dataflow,ESTAT:PRC_HICP_AIND(1.0),HICP - annual data (average index and rate of change),A,Annual,INX_A_AVG,Annual average index,CP00,All-items HICP,NL,Netherlands,2019,,105.78,,,,,
dataflow,ESTAT:PRC_HICP_AIND(1.0),HICP - annual data (average index and rate of change),A,Annual,INX_A_AVG,Annual average index,CP00,All-items HICP,NL,Netherlands,2020,,106.96,,,,,
dataflow,ESTAT:PRC_HICP_AIND(1.0),HICP - annual data (average index and rate of change),A,Annual,INX_A_AVG,Annual average index,CP00,All-items HICP,NL,Netherlands,2021,,109.98,,,,,
dataflow,ESTAT:PRC_HICP_AIND(1.0),HICP - annual data (average index and rate of change),A,Annual,INX_A_AVG,Annual average index,CP00,All-items HICP,NL,Netherlands,2022,,122.78,,,,,
dataflow,ESTAT:PRC_HICP_AIND(1.0),HICP - annual data (average index and rate of change),A,Annual,INX_A_AVG,Annual average index,CP00,All-items HICP,NL,Netherlands,2023,,127.81,,,,,
dataflow,ESTAT:PRC_HICP_AIND(1.0),HICP - annual data (average index and rate of change),A,Annual,INX_A_AVG,Annual average index,CP00,All-items HICP,NL,Netherlands,2024,,131.92,,,,,
dataflow,ESTAT:PRC_HICP_AIND(1.0),HICP - annual data (average index and rate of change),A,Annual,INX_A_AVG,Annual average index,CP00,All-items HICP,NL,Netherlands,2025,,135.86,,,,,
dataflow,ESTAT:PRC_HICP_AIND(1.0),HICP - annual data (average index and rate of change),A,Annual,INX_A_AVG,Annual average index,CP00,All-items HICP,PL,Poland,2004,,78.5,,,,,
dataflow,ESTAT:PRC_HICP_AIND(1.0),HICP - annual data (average index and rate of change),A,Annual,INX_A_AVG,Annual average index,CP00,All-items HICP,PL,Poland,2005,,80.2,,,,,
dataflow,ESTAT:PRC_HICP_AIND(1.0),HICP - annual data (average index and rate of change),A,Annual,INX_A_AVG,Annual average index,CP00,All-items HICP,PL,Poland,2006,,81.2,,,,,
dataflow,ESTAT:PRC_HICP_AIND(1.0),HICP - annual data (average index and rate of change),A,Annual,INX_A_AVG,Annual average index,CP00,All-items HICP,PL,Poland,2007,,83.3,,,,,
dataflow,ESTAT:PRC_HICP_AIND(1.0),HICP - annual data (average index and rate of change),A,Annual,INX_A_AVG,Annual average index,CP00,All-items HICP,PL,Poland,2008,,86.8,,,,,
dataflow,ESTAT:PRC_HICP_AIND(1.0),HICP - annual data (average index and rate of change),A,Annual,INX_A_AVG,Annual average index,CP00,All-items HICP,PL,Poland,2009,,90.3,,,,,
dataflow,ESTAT:PRC_HICP_AIND(1.0),HICP - annual data (average index and rate of change),A,Annual,INX_A_AVG,Annual average index,CP00,All-items HICP,PL,Poland,2010,,92.7,,,,,
dataflow,ESTAT:PRC_HICP_AIND(1.0),HICP - annual data (average index and rate of change),A,Annual,INX_A_AVG,Annual average index,CP00,All-items HICP,PL,Poland,2011,,96.3,,,,,
dataflow,ESTAT:PRC_HICP_AIND(1.0),HICP - annual data (average index and rate of change),A,Annual,INX_A_AVG,Annual average index,CP00,All-items HICP,PL,Poland,2012,,99.8,,,,,
dataflow,ESTAT:PRC_HICP_AIND(1.0),HICP - annual data (average index and rate of change),A,Annual,INX_A_AVG,Annual average index,CP00,All-items HICP,PL,Poland,2013,,100.6,,,,,
dataflow,ESTAT:PRC_HICP_AIND(1.0),HICP - annual data (average index and rate of change),A,Annual,INX_A_AVG,Annual average index,CP00,All-items HICP,PL,Poland,2014,,100.7,,,,,
dataflow,ESTAT:PRC_HICP_AIND(1.0),HICP - annual data (average index and rate of change),A,Annual,INX_A_AVG,Annual average index,CP00,All-items HICP,PL,Poland,2015,,100.0,,,,,
dataflow,ESTAT:PRC_HICP_AIND(1.0),HICP - annual data (average index and rate of change),A,Annual,INX_A_AVG,Annual average index,CP00,All-items HICP,PL,Poland,2016,,99.8,,,,,
dataflow,ESTAT:PRC_HICP_AIND(1.0),HICP - annual data (average index and rate of change),A,Annual,INX_A_AVG,Annual average index,CP00,All-items HICP,PL,Poland,2017,,101.4,,,,,
dataflow,ESTAT:PRC_HICP_AIND(1.0),HICP - annual data (average index and rate of change),A,Annual,INX_A_AVG,Annual average index,CP00,All-items HICP,PL,Poland,2018,,102.6,,,,,
dataflow,ESTAT:PRC_HICP_AIND(1.0),HICP - annual data (average index and rate of change),A,Annual,INX_A_AVG,Annual average index,CP00,All-items HICP,PL,Poland,2019,,104.8,,,,,
dataflow,ESTAT:PRC_HICP_AIND(1.0),HICP - annual data (average index and rate of change),A,Annual,INX_A_AVG,Annual average index,CP00,All-items HICP,PL,Poland,2020,,108.6,,,,,
dataflow,ESTAT:PRC_HICP_AIND(1.0),HICP - annual data (average index and rate of change),A,Annual,INX_A_AVG,Annual average index,CP00,All-items HICP,PL,Poland,2021,,114.3,,,,,
dataflow,ESTAT:PRC_HICP_AIND(1.0),HICP - annual data (average index and rate of change),A,Annual,INX_A_AVG,Annual average index,CP00,All-items HICP,PL,Poland,2022,,129.4,,,,,
dataflow,ESTAT:PRC_HICP_AIND(1.0),HICP - annual data (average index and rate of change),A,Annual,INX_A_AVG,Annual average index,CP00,All-items HICP,PL,Poland,2023,,143.5,,,,,
dataflow,ESTAT:PRC_HICP_AIND(1.0),HICP - annual data (average index and rate of change),A,Annual,INX_A_AVG,Annual average index,CP00,All-items HICP,PL,Poland,2024,,148.7,,,,,
dataflow,ESTAT:PRC_HICP_AIND(1.0),HICP - annual data (average index and rate of change),A,Annual,INX_A_AVG,Annual average index,CP00,All-items HICP,PL,Poland,2025,,153.7,,,,,
dataflow,ESTAT:PRC_HICP_AIND(1.0),HICP - annual data (average index and rate of change),A,Annual,INX_A_AVG,Annual average index,CP00,All-items HICP,RO,Romania,2004,,59.51,,,,,
dataflow,ESTAT:PRC_HICP_AIND(1.0),HICP - annual data (average index and rate of change),A,Annual,INX_A_AVG,Annual average index,CP00,All-items HICP,RO,Romania,2005,,64.90,,,,,
dataflow,ESTAT:PRC_HICP_AIND(1.0),HICP - annual data (average index and rate of change),A,Annual,INX_A_AVG,Annual average index,CP00,All-items HICP,RO,Romania,2006,,69.19,,,,,
dataflow,ESTAT:PRC_HICP_AIND(1.0),HICP - annual data (average index and rate of change),A,Annual,INX_A_AVG,Annual average index,CP00,All-items HICP,RO,Romania,2007,,72.58,,,,,
dataflow,ESTAT:PRC_HICP_AIND(1.0),HICP - annual data (average index and rate of change),A,Annual,INX_A_AVG,Annual average index,CP00,All-items HICP,RO,Romania,2008,,78.33,,,,,
dataflow,ESTAT:PRC_HICP_AIND(1.0),HICP - annual data (average index and rate of change),A,Annual,INX_A_AVG,Annual average index,CP00,All-items HICP,RO,Romania,2009,,82.70,,,,,
dataflow,ESTAT:PRC_HICP_AIND(1.0),HICP - annual data (average index and rate of change),A,Annual,INX_A_AVG,Annual average index,CP00,All-items HICP,RO,Romania,2010,,87.73,,,,,
dataflow,ESTAT:PRC_HICP_AIND(1.0),HICP - annual data (average index and rate of change),A,Annual,INX_A_AVG,Annual average index,CP00,All-items HICP,RO,Romania,2011,,92.84,,,,,
dataflow,ESTAT:PRC_HICP_AIND(1.0),HICP - annual data (average index and rate of change),A,Annual,INX_A_AVG,Annual average index,CP00,All-items HICP,RO,Romania,2012,,95.98,,,,,
dataflow,ESTAT:PRC_HICP_AIND(1.0),HICP - annual data (average index and rate of change),A,Annual,INX_A_AVG,Annual average index,CP00,All-items HICP,RO,Romania,2013,,99.04,,,,,
dataflow,ESTAT:PRC_HICP_AIND(1.0),HICP - annual data (average index and rate of change),A,Annual,INX_A_AVG,Annual average index,CP00,All-items HICP,RO,Romania,2014,,100.41,,,,,
dataflow,ESTAT:PRC_HICP_AIND(1.0),HICP - annual data (average index and rate of change),A,Annual,INX_A_AVG,Annual average index,CP00,All-items HICP,RO,Romania,2015,,100.00,,,,,
dataflow,ESTAT:PRC_HICP_AIND(1.0),HICP - annual data (average index and rate of change),A,Annual,INX_A_AVG,Annual average index,CP00,All-items HICP,RO,Romania,2016,,98.93,,,,,
dataflow,ESTAT:PRC_HICP_AIND(1.0),HICP - annual data (average index and rate of change),A,Annual,INX_A_AVG,Annual average index,CP00,All-items HICP,RO,Romania,2017,,100.00,,,,,
dataflow,ESTAT:PRC_HICP_AIND(1.0),HICP - annual data (average index and rate of change),A,Annual,INX_A_AVG,Annual average index,CP00,All-items HICP,RO,Romania,2018,,104.08,,,,,
dataflow,ESTAT:PRC_HICP_AIND(1.0),HICP - annual data (average index and rate of change),A,Annual,INX_A_AVG,Annual average index,CP00,All-items HICP,RO,Romania,2019,,108.15,,,,,
dataflow,ESTAT:PRC_HICP_AIND(1.0),HICP - annual data (average index and rate of change),A,Annual,INX_A_AVG,Annual average index,CP00,All-items HICP,RO,Romania,2020,,110.67,,,,,
dataflow,ESTAT:PRC_HICP_AIND(1.0),HICP - annual data (average index and rate of change),A,Annual,INX_A_AVG,Annual average index,CP00,All-items HICP,RO,Romania,2021,,115.21,,,,,
dataflow,ESTAT:PRC_HICP_AIND(1.0),HICP - annual data (average index and rate of change),A,Annual,INX_A_AVG,Annual average index,CP00,All-items HICP,RO,Romania,2022,,129.06,,,,,
dataflow,ESTAT:PRC_HICP_AIND(1.0),HICP - annual data (average index and rate of change),A,Annual,INX_A_AVG,Annual average index,CP00,All-items HICP,RO,Romania,2023,,141.64,,,,,
dataflow,ESTAT:PRC_HICP_AIND(1.0),HICP - annual data (average index and rate of change),A,Annual,INX_A_AVG,Annual average index,CP00,All-items HICP,RO,Romania,2024,,149.91,,,,,
dataflow,ESTAT:PRC_HICP_AIND(1.0),HICP - annual data (average index and rate of change),A,Annual,INX_A_AVG,Annual average index,CP00,All-items HICP,RO,Romania,2025,,160.06,,,,,
dataflow,ESTAT:PRC_HICP_AIND(1.0),HICP - annual data (average index and rate of change),A,Annual,INX_A_AVG,Annual average index,CP00,All-items HICP,SE,Sweden,2004,,86.32,,,,,
dataflow,ESTAT:PRC_HICP_AIND(1.0),HICP - annual data (average index and rate of change),A,Annual,INX_A_AVG,Annual average index,CP00,All-items HICP,SE,Sweden,2005,,87.03,,,,,
dataflow,ESTAT:PRC_HICP_AIND(1.0),HICP - annual data (average index and rate of change),A,Annual,INX_A_AVG,Annual average index,CP00,All-items HICP,SE,Sweden,2006,,88.34,,,,,
dataflow,ESTAT:PRC_HICP_AIND(1.0),HICP - annual data (average index and rate of change),A,Annual,INX_A_AVG,Annual average index,CP00,All-items HICP,SE,Sweden,2007,,89.82,,,,,
dataflow,ESTAT:PRC_HICP_AIND(1.0),HICP - annual data (average index and rate of change),A,Annual,INX_A_AVG,Annual average index,CP00,All-items HICP,SE,Sweden,2008,,92.83,,,,,
dataflow,ESTAT:PRC_HICP_AIND(1.0),HICP - annual data (average index and rate of change),A,Annual,INX_A_AVG,Annual average index,CP00,All-items HICP,SE,Sweden,2009,,94.63,,,,,
dataflow,ESTAT:PRC_HICP_AIND(1.0),HICP - annual data (average index and rate of change),A,Annual,INX_A_AVG,Annual average index,CP00,All-items HICP,SE,Sweden,2010,,96.43,,,,,
dataflow,ESTAT:PRC_HICP_AIND(1.0),HICP - annual data (average index and rate of change),A,Annual,INX_A_AVG,Annual average index,CP00,All-items HICP,SE,Sweden,2011,,97.75,,,,,
dataflow,ESTAT:PRC_HICP_AIND(1.0),HICP - annual data (average index and rate of change),A,Annual,INX_A_AVG,Annual average index,CP00,All-items HICP,SE,Sweden,2012,,98.66,,,,,
dataflow,ESTAT:PRC_HICP_AIND(1.0),HICP - annual data (average index and rate of change),A,Annual,INX_A_AVG,Annual average index,CP00,All-items HICP,SE,Sweden,2013,,99.10,,,,,
dataflow,ESTAT:PRC_HICP_AIND(1.0),HICP - annual data (average index and rate of change),A,Annual,INX_A_AVG,Annual average index,CP00,All-items HICP,SE,Sweden,2014,,99.30,,,,,
dataflow,ESTAT:PRC_HICP_AIND(1.0),HICP - annual data (average index and rate of change),A,Annual,INX_A_AVG,Annual average index,CP00,All-items HICP,SE,Sweden,2015,,100.00,,,,,
dataflow,ESTAT:PRC_HICP_AIND(1.0),HICP - annual data (average index and rate of change),A,Annual,INX_A_AVG,Annual average index,CP00,All-items HICP,SE,Sweden,2016,,101.14,,,,,
dataflow,ESTAT:PRC_HICP_AIND(1.0),HICP - annual data (average index and rate of change),A,Annual,INX_A_AVG,Annual average index,CP00,All-items HICP,SE,Sweden,2017,,103.02,,,,,
dataflow,ESTAT:PRC_HICP_AIND(1.0),HICP - annual data (average index and rate of change),A,Annual,INX_A_AVG,Annual average index,CP00,All-items HICP,SE,Sweden,2018,,105.12,,,,,
dataflow,ESTAT:PRC_HICP_AIND(1.0),HICP - annual data (average index and rate of change),A,Annual,INX_A_AVG,Annual average index,CP00,All-items HICP,SE,Sweden,2019,,106.93,,,,,
dataflow,ESTAT:PRC_HICP_AIND(1.0),HICP - annual data (average index and rate of change),A,Annual,INX_A_AVG,Annual average index,CP00,All-items HICP,SE,Sweden,2020,,107.63,,,,,
dataflow,ESTAT:PRC_HICP_AIND(1.0),HICP - annual data (average index and rate of change),A,Annual,INX_A_AVG,Annual average index,CP00,All-items HICP,SE,Sweden,2021,,110.49,,,,,
dataflow,ESTAT:PRC_HICP_AIND(1.0),HICP - annual data (average index and rate of change),A,Annual,INX_A_AVG,Annual average index,CP00,All-items HICP,SE,Sweden,2022,,119.39,,,,,
dataflow,ESTAT:PRC_HICP_AIND(1.0),HICP - annual data (average index and rate of change),A,Annual,INX_A_AVG,Annual average index,CP00,All-items HICP,SE,Sweden,2023,,126.44,,,,,
dataflow,ESTAT:PRC_HICP_AIND(1.0),HICP - annual data (average index and rate of change),A,Annual,INX_A_AVG,Annual average index,CP00,All-items HICP,SE,Sweden,2024,,128.98,,,,,
dataflow,ESTAT:PRC_HICP_AIND(1.0),HICP - annual data (average index and rate of change),A,Annual,INX_A_AVG,Annual average index,CP00,All-items HICP,SE,Sweden,2025,,132.35,,,,,
dataflow,ESTAT:PRC_HICP_AIND(1.0),HICP - annual data (average index and rate of change),A,Annual,INX_A_AVG,Annual average index,CP00,All-items HICP,SI,Slovenia,2004,,79.26,,,,,
dataflow,ESTAT:PRC_HICP_AIND(1.0),HICP - annual data (average index and rate of change),A,Annual,INX_A_AVG,Annual average index,CP00,All-items HICP,SI,Slovenia,2005,,81.19,,,,,
dataflow,ESTAT:PRC_HICP_AIND(1.0),HICP - annual data (average index and rate of change),A,Annual,INX_A_AVG,Annual average index,CP00,All-items HICP,SI,Slovenia,2006,,83.25,,,,,
dataflow,ESTAT:PRC_HICP_AIND(1.0),HICP - annual data (average index and rate of change),A,Annual,INX_A_AVG,Annual average index,CP00,All-items HICP,SI,Slovenia,2007,,86.42,,,,,
dataflow,ESTAT:PRC_HICP_AIND(1.0),HICP - annual data (average index and rate of change),A,Annual,INX_A_AVG,Annual average index,CP00,All-items HICP,SI,Slovenia,2008,,91.19,,,,,
dataflow,ESTAT:PRC_HICP_AIND(1.0),HICP - annual data (average index and rate of change),A,Annual,INX_A_AVG,Annual average index,CP00,All-items HICP,SI,Slovenia,2009,,91.97,,,,,
dataflow,ESTAT:PRC_HICP_AIND(1.0),HICP - annual data (average index and rate of change),A,Annual,INX_A_AVG,Annual average index,CP00,All-items HICP,SI,Slovenia,2010,,93.86,,,,,
dataflow,ESTAT:PRC_HICP_AIND(1.0),HICP - annual data (average index and rate of change),A,Annual,INX_A_AVG,Annual average index,CP00,All-items HICP,SI,Slovenia,2011,,95.81,,,,,
dataflow,ESTAT:PRC_HICP_AIND(1.0),HICP - annual data (average index and rate of change),A,Annual,INX_A_AVG,Annual average index,CP00,All-items HICP,SI,Slovenia,2012,,98.50,,,,,
dataflow,ESTAT:PRC_HICP_AIND(1.0),HICP - annual data (average index and rate of change),A,Annual,INX_A_AVG,Annual average index,CP00,All-items HICP,SI,Slovenia,2013,,100.40,,,,,
dataflow,ESTAT:PRC_HICP_AIND(1.0),HICP - annual data (average index and rate of change),A,Annual,INX_A_AVG,Annual average index,CP00,All-items HICP,SI,Slovenia,2014,,100.77,,,,,
dataflow,ESTAT:PRC_HICP_AIND(1.0),HICP - annual data (average index and rate of change),A,Annual,INX_A_AVG,Annual average index,CP00,All-items HICP,SI,Slovenia,2015,,100.00,,,,,
dataflow,ESTAT:PRC_HICP_AIND(1.0),HICP - annual data (average index and rate of change),A,Annual,INX_A_AVG,Annual average index,CP00,All-items HICP,SI,Slovenia,2016,,99.85,,,,,
dataflow,ESTAT:PRC_HICP_AIND(1.0),HICP - annual data (average index and rate of change),A,Annual,INX_A_AVG,Annual average index,CP00,All-items HICP,SI,Slovenia,2017,,101.40,,,,,
dataflow,ESTAT:PRC_HICP_AIND(1.0),HICP - annual data (average index and rate of change),A,Annual,INX_A_AVG,Annual average index,CP00,All-items HICP,SI,Slovenia,2018,,103.36,,,,,
dataflow,ESTAT:PRC_HICP_AIND(1.0),HICP - annual data (average index and rate of change),A,Annual,INX_A_AVG,Annual average index,CP00,All-items HICP,SI,Slovenia,2019,,105.11,,,,,
dataflow,ESTAT:PRC_HICP_AIND(1.0),HICP - annual data (average index and rate of change),A,Annual,INX_A_AVG,Annual average index,CP00,All-items HICP,SI,Slovenia,2020,,104.82,,,,,
dataflow,ESTAT:PRC_HICP_AIND(1.0),HICP - annual data (average index and rate of change),A,Annual,INX_A_AVG,Annual average index,CP00,All-items HICP,SI,Slovenia,2021,,106.97,,,,,
dataflow,ESTAT:PRC_HICP_AIND(1.0),HICP - annual data (average index and rate of change),A,Annual,INX_A_AVG,Annual average index,CP00,All-items HICP,SI,Slovenia,2022,,116.94,,,,,
dataflow,ESTAT:PRC_HICP_AIND(1.0),HICP - annual data (average index and rate of change),A,Annual,INX_A_AVG,Annual average index,CP00,All-items HICP,SI,Slovenia,2023,,125.38,,,,,
dataflow,ESTAT:PRC_HICP_AIND(1.0),HICP - annual data (average index and rate of change),A,Annual,INX_A_AVG,Annual average index,CP00,All-items HICP,SI,Slovenia,2024,,127.87,,,,,
dataflow,ESTAT:PRC_HICP_AIND(1.0),HICP - annual data (average index and rate of change),A,Annual,INX_A_AVG,Annual average index,CP00,All-items HICP,SI,Slovenia,2025,,131.04,,,,,
dataflow,ESTAT:PRC_HICP_AIND(1.0),HICP - annual data (average index and rate of change),A,Annual,INX_A_AVG,Annual average index,CP00,All-items HICP,SK,Slovakia,2004,,79.49,,,,,
dataflow,ESTAT:PRC_HICP_AIND(1.0),HICP - annual data (average index and rate of change),A,Annual,INX_A_AVG,Annual average index,CP00,All-items HICP,SK,Slovakia,2005,,81.71,,,,,
dataflow,ESTAT:PRC_HICP_AIND(1.0),HICP - annual data (average index and rate of change),A,Annual,INX_A_AVG,Annual average index,CP00,All-items HICP,SK,Slovakia,2006,,85.19,,,,,
dataflow,ESTAT:PRC_HICP_AIND(1.0),HICP - annual data (average index and rate of change),A,Annual,INX_A_AVG,Annual average index,CP00,All-items HICP,SK,Slovakia,2007,,86.80,,,,,
dataflow,ESTAT:PRC_HICP_AIND(1.0),HICP - annual data (average index and rate of change),A,Annual,INX_A_AVG,Annual average index,CP00,All-items HICP,SK,Slovakia,2008,,90.22,,,,,
dataflow,ESTAT:PRC_HICP_AIND(1.0),HICP - annual data (average index and rate of change),A,Annual,INX_A_AVG,Annual average index,CP00,All-items HICP,SK,Slovakia,2009,,91.05,,,,,
dataflow,ESTAT:PRC_HICP_AIND(1.0),HICP - annual data (average index and rate of change),A,Annual,INX_A_AVG,Annual average index,CP00,All-items HICP,SK,Slovakia,2010,,91.69,,,,,
dataflow,ESTAT:PRC_HICP_AIND(1.0),HICP - annual data (average index and rate of change),A,Annual,INX_A_AVG,Annual average index,CP00,All-items HICP,SK,Slovakia,2011,,95.43,,,,,
dataflow,ESTAT:PRC_HICP_AIND(1.0),HICP - annual data (average index and rate of change),A,Annual,INX_A_AVG,Annual average index,CP00,All-items HICP,SK,Slovakia,2012,,99.00,,,,,
dataflow,ESTAT:PRC_HICP_AIND(1.0),HICP - annual data (average index and rate of change),A,Annual,INX_A_AVG,Annual average index,CP00,All-items HICP,SK,Slovakia,2013,,100.45,,,,,
dataflow,ESTAT:PRC_HICP_AIND(1.0),HICP - annual data (average index and rate of change),A,Annual,INX_A_AVG,Annual average index,CP00,All-items HICP,SK,Slovakia,2014,,100.35,,,,,
dataflow,ESTAT:PRC_HICP_AIND(1.0),HICP - annual data (average index and rate of change),A,Annual,INX_A_AVG,Annual average index,CP00,All-items HICP,SK,Slovakia,2015,,100.00,,,,,
dataflow,ESTAT:PRC_HICP_AIND(1.0),HICP - annual data (average index and rate of change),A,Annual,INX_A_AVG,Annual average index,CP00,All-items HICP,SK,Slovakia,2016,,99.52,,,,,
dataflow,ESTAT:PRC_HICP_AIND(1.0),HICP - annual data (average index and rate of change),A,Annual,INX_A_AVG,Annual average index,CP00,All-items HICP,SK,Slovakia,2017,,100.90,,,,,
dataflow,ESTAT:PRC_HICP_AIND(1.0),HICP - annual data (average index and rate of change),A,Annual,INX_A_AVG,Annual average index,CP00,All-items HICP,SK,Slovakia,2018,,103.46,,,,,
dataflow,ESTAT:PRC_HICP_AIND(1.0),HICP - annual data (average index and rate of change),A,Annual,INX_A_AVG,Annual average index,CP00,All-items HICP,SK,Slovakia,2019,,106.33,,,,,
dataflow,ESTAT:PRC_HICP_AIND(1.0),HICP - annual data (average index and rate of change),A,Annual,INX_A_AVG,Annual average index,CP00,All-items HICP,SK,Slovakia,2020,,108.47,,,,,
dataflow,ESTAT:PRC_HICP_AIND(1.0),HICP - annual data (average index and rate of change),A,Annual,INX_A_AVG,Annual average index,CP00,All-items HICP,SK,Slovakia,2021,,111.53,,,,,
dataflow,ESTAT:PRC_HICP_AIND(1.0),HICP - annual data (average index and rate of change),A,Annual,INX_A_AVG,Annual average index,CP00,All-items HICP,SK,Slovakia,2022,,125.05,,,,,
dataflow,ESTAT:PRC_HICP_AIND(1.0),HICP - annual data (average index and rate of change),A,Annual,INX_A_AVG,Annual average index,CP00,All-items HICP,SK,Slovakia,2023,,138.79,,,,,
dataflow,ESTAT:PRC_HICP_AIND(1.0),HICP - annual data (average index and rate of change),A,Annual,INX_A_AVG,Annual average index,CP00,All-items HICP,SK,Slovakia,2024,,143.17,,,,,
dataflow,ESTAT:PRC_HICP_AIND(1.0),HICP - annual data (average index and rate of change),A,Annual,INX_A_AVG,Annual average index,CP00,All-items HICP,SK,Slovakia,2025,,149.23,,,,,
