country,iso2c,iso3c,year,gdp_pc_ppp,gdp_pc_const2015,gni_pc_ppp
Bulgaria,BG,BGR,1990,14955.0762626823,4427.01075492783,NA
Bulgaria,BG,BGR,1991,13828.3505193657,4093.47671632427,NA
Bulgaria,BG,BGR,1992,12961.138166811,3836.76398921195,NA
Bulgaria,BG,BGR,1993,12871.5490205577,3810.24375574593,NA
Bulgaria,BG,BGR,1994,13150.1355311848,3892.7111037595,NA
Bulgaria,BG,BGR,1995,13586.8761011709,4021.99531244432,12642.7834423826
Bulgaria,BG,BGR,1996,14368.0358033411,4253.23468174483,11926.9257960729
Bulgaria,BG,BGR,1997,12415.2872101596,3675.1808576225,9377.42147934135
Bulgaria,BG,BGR,1998,12971.991639868,3839.97684089572,10690.087816305
Bulgaria,BG,BGR,1999,11949.6594861896,3537.34545607716,10143.3227791817
Bulgaria,BG,BGR,2000,12559.6962696033,3717.92891507381,11021.8166725264
Bulgaria,BG,BGR,2001,13302.1200521955,3937.70165394319,11923.928260452
Bulgaria,BG,BGR,2002,14392.2575823,4260.40482745795,13176.9492924659
Bulgaria,BG,BGR,2003,15266.4521930802,4519.18444688932,13977.8131129819
Bulgaria,BG,BGR,2004,16383.5602241501,4849.87144447444,14818.8041071568
Bulgaria,BG,BGR,2005,17672.2094683049,5231.33817610444,15644.3408175669
Bulgaria,BG,BGR,2006,19018.2750194536,5629.80131778982,16515.8622227084
Bulgaria,BG,BGR,2007,20433.5177921464,6048.74234259616,16818.7818750912
Bulgaria,BG,BGR,2008,21838.7567442943,6464.72203037118,18502.2669609876
Bulgaria,BG,BGR,2009,21244.215225915,6288.72548913763,19246.0884663458
Bulgaria,BG,BGR,2010,21717.128197206,6428.71747401797,19932.0757766802
Bulgaria,BG,BGR,2011,22313.6782364044,6605.30857880385,20593.673429328
Bulgaria,BG,BGR,2012,22611.3574522511,6693.42776100824,20839.4150192199
Bulgaria,BG,BGR,2013,22946.8332621737,6792.73551393835,20897.705629677
Bulgaria,BG,BGR,2014,23447.7545807665,6941.01854679167,21660.2167502673
Bulgaria,BG,BGR,2015,24554.5555941337,7268.65445473873,22392.9586280337
Bulgaria,BG,BGR,2016,25628.2973754145,7586.50414873238,23799.9095046552
Bulgaria,BG,BGR,2017,26682.9631303824,7898.70694583532,24991.250817878
Bulgaria,BG,BGR,2018,27741.0970922285,8211.93640364397,25786.9051216269
Bulgaria,BG,BGR,2019,29201.5127020228,8644.24951911477,27681.1797586532
Bulgaria,BG,BGR,2020,28547.3500293302,8450.60388758371,27677.7427955356
Bulgaria,BG,BGR,2021,30973.6942070222,9168.85176416607,29737.4163602061
Bulgaria,BG,BGR,2022,32435.0145952407,9601.43271269533,30722.4614179293
Bulgaria,BG,BGR,2023,33141.8444182014,9810.66890602451,31474.4759246632
Bulgaria,BG,BGR,2024,34085.1952950467,10089.9202053232,32274.6230621858
Croatia,HR,HRV,1990,23399.6954608454,9753.60487836725,NA
Croatia,HR,HRV,1991,18812.9105549554,7841.71300315166,NA
Croatia,HR,HRV,1992,17020.2074563824,7094.46747950951,NA
Croatia,HR,HRV,1993,15570.375935875,6490.1397943525,NA
Croatia,HR,HRV,1994,16301.7246832341,6794.98507415394,NA
Croatia,HR,HRV,1995,17523.9931508556,7304.45852898653,16569.2624665238
Croatia,HR,HRV,1996,18851.3189374939,7857.72262122232,17821.9212498197
Croatia,HR,HRV,1997,20111.9408107023,8383.1827782947,19100.00411456
Croatia,HR,HRV,1998,20577.4340092247,8577.21251426078,19875.6729629404
Croatia,HR,HRV,1999,20491.1316099293,8541.23941776512,19237.771056174
Croatia,HR,HRV,2000,21303.7619257451,8879.96498049361,19963.402148731
Croatia,HR,HRV,2001,22828.2442093319,9515.40905552687,21316.3970011286
Croatia,HR,HRV,2002,24138.8271922995,10061.694309434,22732.9005285959
Croatia,HR,HRV,2003,25475.7131003154,10618.9433102196,23849.8582327575
Croatia,HR,HRV,2004,26530.7696086288,11058.7184484755,25497.2098280782
Croatia,HR,HRV,2005,27643.1675756662,11522.3950059819,26422.3550740677
Croatia,HR,HRV,2006,29041.0135537341,12105.053757832,27840.2297824455
Croatia,HR,HRV,2007,30513.9286585701,12719.0032844824,29493.8256872654
Croatia,HR,HRV,2008,31118.3193031352,12970.9291075827,29999.1245404379
Croatia,HR,HRV,2009,29028.4024680788,12099.7971276004,27977.3421091242
Croatia,HR,HRV,2010,28706.1778436133,11965.4854792127,27755.0738905561
Croatia,HR,HRV,2011,28777.3035466872,11995.1325319122,27995.9437542435
Croatia,HR,HRV,2012,28262.4617422876,11780.5330067439,27350.5050429667
Croatia,HR,HRV,2013,28403.318570729,11839.2458156921,27834.9803407481
Croatia,HR,HRV,2014,28462.3661833381,11863.8584044911,28087.1808363245
Croatia,HR,HRV,2015,29473.4468405471,12285.3032582105,29502.5195243888
Croatia,HR,HRV,2016,30826.6324490682,12849.34640034,30548.9834620154
Croatia,HR,HRV,2017,32353.7325898616,13485.8816667037,32615.5655097923
Croatia,HR,HRV,2018,33732.8142280423,14060.7189510749,33864.2809444424
Croatia,HR,HRV,2019,35125.5074076313,14641.2298817935,35684.5493296936
Croatia,HR,HRV,2020,32495.4939551574,13544.9715102628,33395.7682666047
Croatia,HR,HRV,2021,36932.5937866899,15394.4707328085,36754.951994059
Croatia,HR,HRV,2022,39864.0816847514,16616.3915356348,38506.5949856842
Croatia,HR,HRV,2023,41137.4530699689,17147.1660226623,40831.1076383497
Croatia,HR,HRV,2024,42633.7666808329,17770.8686584043,43091.2323856226
Czechia,CZ,CZE,1990,27918.1375190566,11900.5844581421,NA
Czechia,CZ,CZE,1991,24734.7702062546,10543.6195982395,NA
Czechia,CZ,CZE,1992,24584.3299626051,10479.4918667877,NA
Czechia,CZ,CZE,1993,24573.9914877529,10475.0849147458,NA
Czechia,CZ,CZE,1994,25279.7917961729,10775.9443891717,NA
Czechia,CZ,CZE,1995,26869.0197149398,11453.3800188807,25337.0958105991
Czechia,CZ,CZE,1996,28021.6704584336,11944.7171474526,26740.2294104532
Czechia,CZ,CZE,1997,27884.7397585343,11886.3480904927,26693.2858025874
Czechia,CZ,CZE,1998,27801.4387801408,11850.8396211995,27260.8649740609
Czechia,CZ,CZE,1999,28213.4555005997,12026.4688076608,27518.5698424899
Czechia,CZ,CZE,2000,29427.4070011514,12543.9364342367,28252.645412626902
Czechia,CZ,CZE,2001,30399.8730764283,12958.4667607533,29386.1071111883
Czechia,CZ,CZE,2002,30919.549661870202,13179.9878092741,30226.3598003861
Czechia,CZ,CZE,2003,31949.2963145034,13618.9349633164,31358.2584806997
Czechia,CZ,CZE,2004,33452.3408000614,14259.63342798,32568.2548623157
Czechia,CZ,CZE,2005,35535.7479961511,15147.7214417611,34151.0033850874
Czechia,CZ,CZE,2006,37786.8781740905,16107.3042502688,35212.7991779973
Czechia,CZ,CZE,2007,39629.0061324728,16892.542854974,37087.2574205986
Czechia,CZ,CZE,2008,40328.3426630095,17190.6470333289,37516.4834297675
Czechia,CZ,CZE,2009,38175.1422773334,16272.8084766719,35589.9662185182
Czechia,CZ,CZE,2010,39097.3886218756,16665.9317825137,35660.3729133683
Czechia,CZ,CZE,2011,39708.1626280195,16926.2846674435,35760.4590224732
Czechia,CZ,CZE,2012,39347.0492956846,16772.3539223328,35996.5225643813
Czechia,CZ,CZE,2013,39317.5535692377,16759.7808635642,36296.2534073431
Czechia,CZ,CZE,2014,40158.0164275735,17118.0425571578,37321.3090333897
Czechia,CZ,CZE,2015,42066.5759800801,17931.5987670768,38855.8416614024
Czechia,CZ,CZE,2016,43069.4659744727,18359.0978103904,39933.203293286
Czechia,CZ,CZE,2017,45177.5226053634,19257.6930680911,41958.8279578352
Czechia,CZ,CZE,2018,46301.082036029,19736.6295261285,43192.6700892238
Czechia,CZ,CZE,2019,47763.6165520254,20360.0599221814,44401.3566896729
Czechia,CZ,CZE,2020,45119.9387309139,19233.1469549829,42810.5355734935
Czechia,CZ,CZE,2021,47796.0337408466,20373.8783043424,46397.1801409687
Czechia,CZ,CZE,2022,48390.661678675,20627.348651011,45261.4146593426
Czechia,CZ,CZE,2023,47509.5238443224,20251.7485519779,46413.7086819405
Czechia,CZ,CZE,2024,47961.8095131483,20444.5430676362,NA
Estonia,EE,EST,1990,19360.0271219273,9341.22561480009,NA
Estonia,EE,EST,1991,17900.9210305801,8637.20598149255,NA
Estonia,EE,EST,1992,14371.3188938954,6934.17066642789,NA
Estonia,EE,EST,1993,13899.5875781115,6706.56000129024,NA
Estonia,EE,EST,1994,13966.8188721862,6738.99914418874,NA
Estonia,EE,EST,1995,14862.0444756989,7170.94607721168,NA
Estonia,EE,EST,1996,15828.4908596174,7637.25708286963,NA
Estonia,EE,EST,1997,18099.4386401398,8732.99085657194,NA
Estonia,EE,EST,1998,19067.1979322383,9199.93534127632,NA
Estonia,EE,EST,1999,18930.3288776049,9133.89593384355,NA
Estonia,EE,EST,2000,20739.3911025799,10006.7696280939,16765.5907969823
Estonia,EE,EST,2001,22099.3392764137,10662.9455020331,17932.4209985625
Estonia,EE,EST,2002,23781.6515696429,11474.6622721923,19561.7995511367
Estonia,EE,EST,2003,25749.2797728847,12424.0441535693,21423.7995624664
Estonia,EE,EST,2004,27665.3068254089,13348.5284463324,23265.0520142963
Estonia,EE,EST,2005,30473.7787570071,14703.6179707772,26185.5902030305
Estonia,EE,EST,2006,33646.6185085554,16234.5152041417,29187.5343163488
Estonia,EE,EST,2007,36359.4666305513,17543.4661785723,31698.6999459908
Estonia,EE,EST,2008,34588.5500287282,16688.997772178,31210.3489035481
Estonia,EE,EST,2009,29585.1439652234,14274.8511086787,27636.4667230956
Estonia,EE,EST,2010,30379.1091281954,14657.939813612,27608.2381773008
Estonia,EE,EST,2011,32789.4323795893,15820.922342204,30159.7045658054
Estonia,EE,EST,2012,34115.3622192703,16460.6843479001,31778.4958944755
Estonia,EE,EST,2013,34838.3629500515,16809.5326683781,33378.9841427371
Estonia,EE,EST,2014,36090.4940948192,17413.6867560212,34866.9372514195
Estonia,EE,EST,2015,36729.8072496625,17722.1557669523,35784.8163399507
Estonia,EE,EST,2016,37854.8452505513,18264.9873304279,37192.4404002281
Estonia,EE,EST,2017,39939.4575647613,19270.8141210511,39101.4803630583
Estonia,EE,EST,2018,41273.1995505254,19914.3454922878,40860.3703540288
Estonia,EE,EST,2019,42652.5348631458,20579.8756732376,42446.4058479731
Estonia,EE,EST,2020,41340.7646508087,19946.945696898,40308.2354068091
Estonia,EE,EST,2021,44251.5374983455,21351.3954794853,43275.7490229793
Estonia,EE,EST,2022,43690.4142331346,21080.6531409009,42724.7144013717
Estonia,EE,EST,2023,41706.5196127617,20123.4227027316,40549.4142087389
Estonia,EE,EST,2024,41546.1201868122,20046.0298759116,NA
Hungary,HU,HUN,1990,21297.0006409015,8646.44754431988,NA
Hungary,HU,HUN,1991,18765.4162504008,7618.64029551674,NA
Hungary,HU,HUN,1992,18197.5305521351,7388.08229422743,NA
Hungary,HU,HUN,1993,18113.3369069655,7353.90020686221,NA
Hungary,HU,HUN,1994,18672.707236547,7581.00102233039,NA
Hungary,HU,HUN,1995,18977.2437047366,7704.6409020455,NA
Hungary,HU,HUN,1996,19029.1137284914,7725.69980358198,NA
Hungary,HU,HUN,1997,19635.2949600537,7971.80554914825,NA
Hungary,HU,HUN,1998,20438.3829550506,8297.85419511945,NA
Hungary,HU,HUN,1999,21128.8884639402,8578.19506388065,20631.8465181225
Hungary,HU,HUN,2000,22117.9204303193,8979.73578602949,21450.2401579878
Hungary,HU,HUN,2001,23069.2114730987,9365.95393193015,22499.8517703965
Hungary,HU,HUN,2002,24229.2953575981,9836.94065083321,23912.9215065529
Hungary,HU,HUN,2003,25255.8711300567,10253.723920764,24954.4525430487
Hungary,HU,HUN,2004,26568.118861864,10786.4881991495,26137.3398073497
Hungary,HU,HUN,2005,27765.7886146197,11272.7345428122,26984.6138831601
Hungary,HU,HUN,2006,28903.0475407078,11734.4544729813,27830.6396569345
Hungary,HU,HUN,2007,29044.0669021254,11791.7074416876,27639.4375930821
Hungary,HU,HUN,2008,29384.0070385818,11929.7209867703,28078.4404570908
Hungary,HU,HUN,2009,27445.959458479,11142.885928524,26980.2397745722
Hungary,HU,HUN,2010,27801.833816111,11287.3686666108,27239.4953964888
Hungary,HU,HUN,2011,28415.1173442897,11536.3578996772,27528.8167288392
Hungary,HU,HUN,2012,28179.656464434,11440.7622718825,27262.2526645066
Hungary,HU,HUN,2013,28891.0217544976,11729.5720798501,28393.7591744297
Hungary,HU,HUN,2014,30264.9492302161,12287.3779441033,29369.8983313327
Hungary,HU,HUN,2015,31485.5675425634,12782.9412577973,30562.3497885115
Hungary,HU,HUN,2016,32378.9674983075,13145.6559885563,32236.292498326
Hungary,HU,HUN,2017,33828.714942571,13734.2442804335,33025.1374259453
Hungary,HU,HUN,2018,35798.0412754022,14533.7783144312,34708.120793706
Hungary,HU,HUN,2019,37662.67681014,15290.8085466331,37084.7170964695
Hungary,HU,HUN,2020,36119.5211735652,14664.2971195385,36217.0590847955
Hungary,HU,HUN,2021,38887.1909527154,15787.9535427563,37727.2719258011
Hungary,HU,HUN,2022,40656.9686775714,16506.4721041768,37713.2047870948
Hungary,HU,HUN,2023,40368.5881912861,16389.3914509189,39108.9254267516
Hungary,HU,HUN,2024,40702.1535135968,16524.8168617828,NA
Latvia,LV,LVA,1990,17508.7863191492,7622.69825875963,NA
Latvia,LV,LVA,1991,15376.090576901,6694.19894278367,NA
Latvia,LV,LVA,1992,10582.2070186664,4607.11379673414,NA
Latvia,LV,LVA,1993,10255.1413776101,4464.7211347223,NA
Latvia,LV,LVA,1994,10656.6087654394,4639.50565161418,NA
Latvia,LV,LVA,1995,10707.5149969006,4661.66840092451,10125.5707210792
Latvia,LV,LVA,1996,11077.8618422597,4822.90414861125,10429.4673416851
Latvia,LV,LVA,1997,12215.0151940189,5317.97997604979,11139.4320847447
Latvia,LV,LVA,1998,13138.4012524255,5719.98918281481,12224.5265673552
Latvia,LV,LVA,1999,13619.098799485,5929.26767237825,12668.5984830388
Latvia,LV,LVA,2000,14554.2131724037,6336.38296707987,13359.6168347541
Latvia,LV,LVA,2001,15695.906718153,6833.4354323157,14565.3926725688
Latvia,LV,LVA,2002,17096.5594440255,7443.22944659059,15676.3193088488
Latvia,LV,LVA,2003,18717.6675525538,8149.00183600084,17098.7377069152
Latvia,LV,LVA,2004,20574.118201251,8957.23393555082,18626.774910913
Latvia,LV,LVA,2005,23213.3539355881,10106.2626157732,21137.4078112884
Latvia,LV,LVA,2006,26431.8140222767,11507.4648265658,23685.0001360013
Latvia,LV,LVA,2007,29423.7371235063,12810.0409502542,27191.2778404704
Latvia,LV,LVA,2008,28726.9722869522,12506.6945041012,26917.2481708567
Latvia,LV,LVA,2009,24520.6791475489,10675.425174228,24977.1333946787
Latvia,LV,LVA,2010,24119.7307848939,10500.8666223014,23130.2520475755
Latvia,LV,LVA,2011,25308.7322074626,11018.5152421583,24391.5436185873
Latvia,LV,LVA,2012,27496.5454583635,11971.0107466522,25838.8224932512
Latvia,LV,LVA,2013,28375.1842887263,12353.5386135301,26902.6932540796
Latvia,LV,LVA,2014,29243.7412502629,12731.6771959342,27684.8038620242
Latvia,LV,LVA,2015,30599.6133134147,13321.9753140616,28893.913296455
Latvia,LV,LVA,2016,31668.5148442662,13787.3367440023,30592.9446783045
Latvia,LV,LVA,2017,33036.3915943437,14382.8612727134,31955.7536863103
Latvia,LV,LVA,2018,34729.7062763057,15120.0698171804,33514.8884739769
Latvia,LV,LVA,2019,35208.1934590859,15328.3859933295,34715.3414154656
Latvia,LV,LVA,2020,34225.8976044058,14900.7295718866,34635.7362989489
Latvia,LV,LVA,2021,36912.0130602161,16070.1680032322,36222.6807279013
Latvia,LV,LVA,2022,37681.0452439337,16404.9770631465,36159.0500971051
Latvia,LV,LVA,2023,38796.5510159878,16890.6283099707,37768.6122626232
Latvia,LV,LVA,2024,38936.0453870454,16951.3591613264,NA
Lithuania,LT,LTU,1990,20586.227753241,8333.3507070025,NA
Lithuania,LT,LTU,1991,19384.8179312258,7847.01734327521,NA
Lithuania,LT,LTU,1992,15280.3886006381,6185.53523621407,NA
Lithuania,LT,LTU,1993,12861.6949141098,5206.44266110742,NA
Lithuania,LT,LTU,1994,11686.4386596094,4730.69631958508,NA
Lithuania,LT,LTU,1995,12164.2037159996,4924.09667530707,10780.6115230325
Lithuania,LT,LTU,1996,12873.2007572979,5211.10025197912,11834.7950706853
Lithuania,LT,LTU,1997,14045.0045144544,5685.44901491024,13153.5781703652
Lithuania,LT,LTU,1998,15202.9118027933,6154.17245640636,14147.3263969357
Lithuania,LT,LTU,1999,15143.1937102939,6129.99843995634,14271.4320361923
Lithuania,LT,LTU,2000,15771.4269595328,6384.30865426374,15193.7295232602
Lithuania,LT,LTU,2001,16933.0225490496,6854.5251282667105,16372.3010557268
Lithuania,LT,LTU,2002,18216.5452581272,7374.0979710116,17740.3145095119
Lithuania,LT,LTU,2003,20302.9848798403,8218.69336289848,19500.4886100378
Lithuania,LT,LTU,2004,21867.2861464791,8851.92598922347,21872.8096975424
Lithuania,LT,LTU,2005,23944.7019948719,9692.86853763267,24226.0296058615
Lithuania,LT,LTU,2006,26129.3392566938,10577.2145522871,25901.9207217571
Lithuania,LT,LTU,2007,29370.7739737176,11889.3545234657,28804.6878862771
Lithuania,LT,LTU,2008,30445.7809464936,12324.5197331387,30671.199757352
Lithuania,LT,LTU,2009,26217.5449293891,10612.9204044582,27293.4812145005
Lithuania,LT,LTU,2010,26887.4913057701,10884.1161852582,27255.7906953072
Lithuania,LT,LTU,2011,29240.7487851392,11836.7200384033,28753.0126450995
Lithuania,LT,LTU,2012,30920.330402208,12516.6184065667,30148.7291915333
Lithuania,LT,LTU,2013,32474.6413533554,13145.8069309969,31888.7020856757
Lithuania,LT,LTU,2014,33975.0843756963,13753.1895982305,33896.2550613318
Lithuania,LT,LTU,2015,35251.2986931775,14269.8039878287,34986.0737141129
Lithuania,LT,LTU,2016,36618.1468417838,14823.107153522,36777.3924098407
Lithuania,LT,LTU,2017,38774.4892011822,15695.9993288456,38922.2468891648
Lithuania,LT,LTU,2018,41019.7901632878,16604.9021440809,40954.7368088697
Lithuania,LT,LTU,2019,43062.3228425315,17431.7239081591,43217.0170040038
Lithuania,LT,LTU,2020,43091.7973723526,17443.65526328,43744.4974636124
Lithuania,LT,LTU,2021,45873.5273239486,18569.7057246217,44335.3184030279
Lithuania,LT,LTU,2022,46651.2145810247,18884.5152531698,41853.8792158661
Lithuania,LT,LTU,2023,46159.7081733083,18685.5523679178,43616.2619023607
Lithuania,LT,LTU,2024,47169.0084190287,19094.1193485745,NA
Poland,PL,POL,1990,12821.4636316574,5111.3453296443,NA
Poland,PL,POL,1991,11879.7539252619,4735.9276980893,NA
Poland,PL,POL,1992,12141.2351323725,4840.16858549117,NA
Poland,PL,POL,1993,12563.1045363124,5008.34908886395,NA
Poland,PL,POL,1994,13200.1614164951,5262.31523522496,NA
Poland,PL,POL,1995,14227.5663687798,5671.89573674798,14089.8725154725
Poland,PL,POL,1996,15083.09812162,6012.95806433166,14889.8731188471
Poland,PL,POL,1997,16031.7211485265,6391.13172823376,15776.3729936234
Poland,PL,POL,1998,16766.6492883267,6684.11477782234,16580.7228502675
Poland,PL,POL,1999,17556.0026927987,6998.79475144289,17288.4020649001
Poland,PL,POL,2000,18566.3546288772,7401.57697647848,17956.9231679449
Poland,PL,POL,2001,18800.6018648402,7494.96089503246,18160.4244459862
Poland,PL,POL,2002,19166.9137058143,7640.99307757777,18376.0014531356
Poland,PL,POL,2003,19855.6317989181,7915.55424389704,18862.9217866225
Poland,PL,POL,2004,20878.6545002534,8323.38773754587,19629.7157535164
Poland,PL,POL,2005,21568.9476594356,8598.57681241557,20612.13622677
Poland,PL,POL,2006,22921.1975887696,9137.65850849801,21732.5529091914
Poland,PL,POL,2007,24484.0656663756,9760.7042604352,23183.1805472173
Poland,PL,POL,2008,25553.9058406534,10187.2017910883,24440.2854659698
Poland,PL,POL,2009,26204.410367111,10446.5289138524,25034.3954378878
Poland,PL,POL,2010,27112.1333797381,10808.3975674238,25680.2931512341
Poland,PL,POL,2011,28521.6612623568,11370.313427173,26745.1021641059
Poland,PL,POL,2012,28952.9157305301,11542.2353368014,26921.7127525138
Poland,PL,POL,2013,29168.624211075,11628.2286809525,27279.7449937796
Poland,PL,POL,2014,30334.8786569618,12093.1622787394,28541.0234212567
Poland,PL,POL,2015,31700.3682364154,12637.5220324406,30210.0058055175
Poland,PL,POL,2016,32675.3052259954,13026.1858988718,31163.8536057386
Poland,PL,POL,2017,34354.5987616319,13695.6452848724,32680.3593434841
Poland,PL,POL,2018,36500.4114282584,14551.0850277089,34573.912554408496
Poland,PL,POL,2019,38181.6230334689,15221.3090624454,36429.0202443595
Poland,PL,POL,2020,37852.8021313639,15090.2228440113,36753.2133812552
Poland,PL,POL,2021,41059.5847829682,16368.6239689025,39255.3047674688
Poland,PL,POL,2022,43405.0215797441,17303.64494323,40906.8776253687
Poland,PL,POL,2023,43672.7668014946,17410.3830137066,41697.4974278291
Poland,PL,POL,2024,45112.5993993196,17984.380010913,43043.7502844657
Romania,RO,ROU,1990,16316.0306942767,5019.43702748333,12490.7655114057
Romania,RO,ROU,1991,14332.2556730924,4409.1517208357,11242.790260428
Romania,RO,ROU,1992,13194.3835654019,4059.09860455382,10017.4123190526
Romania,RO,ROU,1993,13414.3495892537,4126.76859277572,10370.3355051557
Romania,RO,ROU,1994,13962.0773227305,4295.27065788629,10847.8695963112
Romania,RO,ROU,1995,14862.4441364574,4572.25803354276,11043.2416208832
Romania,RO,ROU,1996,15487.7848240527,4764.63682106299,11245.9128866904
Romania,RO,ROU,1997,14779.2604188271,4546.66753054721,10779.4841216266
Romania,RO,ROU,1998,14509.2693462544,4463.60791806212,10717.2824992028
Romania,RO,ROU,1999,14477.3271092762,4453.78126046181,10739.220908783
Romania,RO,ROU,2000,14852.858576979,4569.30914768462,11281.0753945476
Romania,RO,ROU,2001,15847.5133139353,4875.30310600635,11981.3531339023
Romania,RO,ROU,2002,17060.7782418274,5248.54994632668,12945.334210205
Romania,RO,ROU,2003,17586.5852586018,5410.30835796252,13213.3301990398
Romania,RO,ROU,2004,19531.5056332132,6008.64048461485,14585.3947969184
Romania,RO,ROU,2005,20569.8993240151,6328.09022324183,15876.2542661696
Romania,RO,ROU,2006,22353.4486176732,6876.77841417966,17688.9493407901
Romania,RO,ROU,2007,24327.1794995057,7483.97375820611,20568.1390016788
Romania,RO,ROU,2008,27038.2512027729,8318.00342795388,23311.5931866964
Romania,RO,ROU,2009,25760.3454201987,7924.87058070212,22053.7715675833
Romania,RO,ROU,2010,24901.6621955938,7660.70667630517,21842.8572513349
Romania,RO,ROU,2011,26149.4430803567,8044.57194920892,23144.3551063438
Romania,RO,ROU,2012,26766.1203411201,8234.28553425194,23343.085754421
Romania,RO,ROU,2013,26940.5878735292,8287.95844089676,23716.9285998153
Romania,RO,ROU,2014,28154.726201994,8661.47397274241,25317.5107866298
Romania,RO,ROU,2015,29180.4224199994,8977.01748158196,26571.8224073307
Romania,RO,ROU,2016,30187.6417226458,9286.87678236598,27906.5239473606
Romania,RO,ROU,2017,32850.9966974553,10106.2269557253,30559.8443386783
Romania,RO,ROU,2018,35067.1966594792,10788.015091463,32955.5394974603
Romania,RO,ROU,2019,36635.4689017771,11270.4758020159,35172.4475297086
Romania,RO,ROU,2020,35484.2366916586,10916.3126056493,34525.9743099125
Romania,RO,ROU,2021,37732.5405035335,11607.9771173075,37069.8083086741
Romania,RO,ROU,2022,39380.2361396926,12114.8715109948,38315.8185579444
Romania,RO,ROU,2023,40303.8183321549,12399.0008278388,39711.1310488078
Romania,RO,ROU,2024,40610.7541380693,12493.4260577329,40955.8939476654
Slovak Republic,SK,SVK,1990,17520.9907344944,8597.46391527645,NA
Slovak Republic,SK,SVK,1991,14955.9249096069,7338.79874023232,NA
Slovak Republic,SK,SVK,1992,13946.1357593389,6843.30017436782,NA
Slovak Republic,SK,SVK,1993,14157.1537039896,6946.84564117976,NA
Slovak Republic,SK,SVK,1994,14976.5480168138,7348.918397432,NA
Slovak Republic,SK,SVK,1995,15805.3823676139,7755.6233338553,18065.9240679442
Slovak Republic,SK,SVK,1996,16737.139432360502,8212.83193942756,18685.0175328551
Slovak Republic,SK,SVK,1997,17622.7452253713,8647.39434311517,19801.7774703823
Slovak Republic,SK,SVK,1998,18272.4866503114,8966.21926231252,20336.6414970772
Slovak Republic,SK,SVK,1999,18167.4601278344,8914.68326467255,19994.7265048144
Slovak Republic,SK,SVK,2000,18335.6475317214,8997.21199594319,20528.4223181918
Slovak Republic,SK,SVK,2001,18906.5643905228,9277.35808851002,21135.2189184693
Slovak Republic,SK,SVK,2002,19748.8931862284,9690.68468262889,22014.4127095783
Slovak Republic,SK,SVK,2003,20721.6722176319,10168.02256533,21996.5556928126
Slovak Republic,SK,SVK,2004,21842.9135856629,10718.2101858841,23396.9635782804
Slovak Republic,SK,SVK,2005,23257.1302921578,11412.1593630008,25256.642441499
Slovak Republic,SK,SVK,2006,25331.8243974735,12430.2015488557,27133.9973524242
Slovak Republic,SK,SVK,2007,28064.1907495761,13770.9602691527,29777.3886144601
Slovak Republic,SK,SVK,2008,29544.0327209062,14497.1114407172,31250.9249441578
Slovak Republic,SK,SVK,2009,27880.3565059988,13680.7537106597,29627.8827450931
Slovak Republic,SK,SVK,2010,29745.8613949846,14596.1477776887,30902.6115890325
Slovak Republic,SK,SVK,2011,30468.7660175654,14950.8735178599,30876.2965331521
Slovak Republic,SK,SVK,2012,30894.2512802,15159.657042000401,31513.0542722221
Slovak Republic,SK,SVK,2013,31078.1239404759,15249.8824513785,31824.4315486481
Slovak Republic,SK,SVK,2014,31888.7428824598,15647.6491763517,32510.2837944962
Slovak Republic,SK,SVK,2015,33507.7257197683,16442.0760860018,33616.5749534651
Slovak Republic,SK,SVK,2016,34116.3833709765,16740.7413996428,34034.9884595056
Slovak Republic,SK,SVK,2017,35042.7172449514,17195.2888721963,35073.0396292269
Slovak Republic,SK,SVK,2018,36415.7207156685,17869.0149173679,36323.11617321
Slovak Republic,SK,SVK,2019,37194.1375926927,18250.9802475637,36710.0308089422
Slovak Republic,SK,SVK,2020,36201.4154630885,17763.8563847352,36150.2910087551
Slovak Republic,SK,SVK,2021,38346.0935768177,18816.239379058,37238.301685954
Slovak Republic,SK,SVK,2022,38623.6710646264,18952.4452860922,35958.5287160693
Slovak Republic,SK,SVK,2023,39497.5351131715,19381.2460735632,37191.7487725919
Slovak Republic,SK,SVK,2024,40346.5748138478,19797.8656757202,38089.3809910381
Slovenia,SI,SVN,1990,25351.411330939,13615.5858551079,NA
Slovenia,SI,SVN,1991,23080.4618804029,12395.9177738027,NA
Slovenia,SI,SVN,1992,21851.4476393248,11735.8460839822,NA
Slovenia,SI,SVN,1993,22526.3925130809,12098.3414794506,NA
Slovenia,SI,SVN,1994,23753.9488869675,12757.6301865941,NA
Slovenia,SI,SVN,1995,24724.2296939452,13278.7428559643,25121.8455862923
Slovenia,SI,SVN,1996,25460.516284553,13674.183297426,25994.6733892776
Slovenia,SI,SVN,1997,26813.1929846304,14400.670888341,27348.5436113192
Slovenia,SI,SVN,1998,27695.0445014189,14874.2904782546,28371.0550608327
Slovenia,SI,SVN,1999,29133.2038578577,15646.6885879812,29950.7304013895
Slovenia,SI,SVN,2000,30063.1185898035,16146.1216848394,30328.5844373574
Slovenia,SI,SVN,2001,30864.8593872124,16576.7158840406,31475.5272081034
Slovenia,SI,SVN,2002,31838.5469043586,17099.658209132,32529.0192871197
Slovenia,SI,SVN,2003,32835.993386037,17635.3608581831,33597.0029556123
Slovenia,SI,SVN,2004,34306.7388496443,18425.2601213581,34758.5736350553
Slovenia,SI,SVN,2005,35567.3052544187,19102.2776603905,35740.6802927047
Slovenia,SI,SVN,2006,37548.8841971027,20166.5323431214,37480.1240526524
Slovenia,SI,SVN,2007,40005.2467444859,21485.780992381,39768.9361365255
Slovenia,SI,SVN,2008,41288.9727557999,22175.2369557321,40575.655063968
Slovenia,SI,SVN,2009,37811.5788513485,20307.6188322273,38273.8383994743
Slovenia,SI,SVN,2010,38065.7361511822,20444.1201295876,37733.3663404159
Slovenia,SI,SVN,2011,38235.7228432228,20535.4155754108,37521.5921305433
Slovenia,SI,SVN,2012,37043.0646872377,19894.8697964548,36032.9279316013
Slovenia,SI,SVN,2013,36688.0834957932,19704.2186005128,35944.1306581516
Slovenia,SI,SVN,2014,37664.6519433353,20228.7081986391,37329.6780056993
Slovenia,SI,SVN,2015,38537.0951946684,20697.2748530619,37767.7676820072
Slovenia,SI,SVN,2016,39677.4171473288,21309.7122138949,39344.2194655277
Slovenia,SI,SVN,2017,41703.303948468,22397.7634988337,41550.4869066543
Slovenia,SI,SVN,2018,43371.9809596182,23293.966665323,43349.031337943
Slovenia,SI,SVN,2019,44580.7777658794,23943.1800949889,44625.7791309069
Slovenia,SI,SVN,2020,42474.2247069866,22811.8050540778,43089.7485700059
Slovenia,SI,SVN,2021,45914.0572392406,24659.2499382582,45501.6628312425
Slovenia,SI,SVN,2022,47064.1517944283,25276.9359105789,45154.5005378242
Slovenia,SI,SVN,2023,47868.3860088974,25708.8692594475,47427.8732753114
Slovenia,SI,SVN,2024,48495.889687081,26045.885218566,NA
