part,datum,teljes_nepesseg,valasztani_tudok,biztos_szavazok,url
Fidesz,2009-02-01,42.0,,63.0,https://hvg.hu/itthon/200909_PARToK_ES_PoLITIKuSoK_NEPSZERuSEGE_Jobbkany
MSZP,2009-02-01,19.0,,25.0,https://hvg.hu/itthon/200909_PARToK_ES_PoLITIKuSoK_NEPSZERuSEGE_Jobbkany
Fidesz,2009-03-08,43.0,62.0,66.0,https://web.archive.org/web/20180606083138/https://hvg.hu/itthon/20090318_hvg_median_2009_marcius
Jobbik,2009-03-08,3.0,4.0,4.0,https://web.archive.org/web/20180606083138/https://hvg.hu/itthon/20090318_hvg_median_2009_marcius
MDF,2009-03-08,3.0,5.0,4.0,https://web.archive.org/web/20180606083138/https://hvg.hu/itthon/20090318_hvg_median_2009_marcius
MSZP,2009-03-08,16.0,23.0,23.0,https://web.archive.org/web/20180606083138/https://hvg.hu/itthon/20090318_hvg_median_2009_marcius
SZDSZ,2009-03-08,2.0,3.0,2.0,https://web.archive.org/web/20180606083138/https://hvg.hu/itthon/20090318_hvg_median_2009_marcius
nincs_partja,2009-03-08,31.0,,,https://web.archive.org/web/20180606083138/https://hvg.hu/itthon/20090318_hvg_median_2009_marcius
Fidesz,2009-04-01,,,70.0,https://hvg.hu/itthon/200916_FideszMSZP_7018
MSZP,2009-04-01,,,18.0,https://hvg.hu/itthon/200916_FideszMSZP_7018
Fidesz,2009-05-24,44.0,,60.0,https://web.archive.org/web/20161206005918/https://hvg.hu/itthon/200923_Ingerkuszob
Jobbik,2009-05-24,4.0,,7.0,https://web.archive.org/web/20161206005918/https://hvg.hu/itthon/200923_Ingerkuszob
LMP,2009-05-24,,,2.0,https://web.archive.org/web/20161206005918/https://hvg.hu/itthon/200923_Ingerkuszob
MDF,2009-05-24,,,4.0,https://web.archive.org/web/20161206005918/https://hvg.hu/itthon/200923_Ingerkuszob
MSZP,2009-05-24,16.0,,21.0,https://web.archive.org/web/20161206005918/https://hvg.hu/itthon/200923_Ingerkuszob
SZDSZ,2009-05-24,,,4.0,https://web.archive.org/web/20161206005918/https://hvg.hu/itthon/200923_Ingerkuszob
Fidesz,2009-08-09,,,68.0,https://hvg.hu/itthon/20090818_median_bajnai_kormany
Jobbik,2009-08-09,,,11.0,https://hvg.hu/itthon/20090818_median_bajnai_kormany
MSZP,2009-08-09,,,16.0,https://hvg.hu/itthon/20090818_median_bajnai_kormany
Fidesz,2009-11-08,43.0,,,https://hvg.hu/itthon/200948_FideszMSZP_6619
nincs_partja,2009-11-08,31.0,,,https://hvg.hu/itthon/200948_FideszMSZP_6619
Fidesz,2009-12-06,40.0,,61.0,https://hvg.hu/itthon/20091222_median_part_nepszeruseg_fidesz_mszp
Jobbik,2009-12-06,,,9.0,https://hvg.hu/itthon/20091222_median_part_nepszeruseg_fidesz_mszp
MSZP,2009-12-06,16.0,,21.0,https://hvg.hu/itthon/20091222_median_part_nepszeruseg_fidesz_mszp
Fidesz,2010-02-01,44.0,62.0,63.0,https://hvg.hu/itthon/201008_partok_es_politikusok_nepszerusege
Jobbik,2010-02-01,9.0,13.0,15.0,https://hvg.hu/itthon/201008_partok_es_politikusok_nepszerusege
LMP,2010-02-01,1.0,1.0,1.0,https://hvg.hu/itthon/201008_partok_es_politikusok_nepszerusege
MDF,2010-02-01,1.0,2.0,2.0,https://hvg.hu/itthon/201008_partok_es_politikusok_nepszerusege
MSZP,2010-02-01,14.0,19.0,18.0,https://hvg.hu/itthon/201008_partok_es_politikusok_nepszerusege
egyeb,2010-02-01,1.0,2.0,1.0,https://hvg.hu/itthon/201008_partok_es_politikusok_nepszerusege
Fidesz,2010-03-07,41.0,58.0,57.0,https://hvg.hu/itthon/201011_mindnyajuknak_el_kell_menni
Jobbik,2010-03-07,11.0,15.0,18.0,https://hvg.hu/itthon/201011_mindnyajuknak_el_kell_menni
LMP,2010-03-07,1.0,2.0,2.0,https://hvg.hu/itthon/201011_mindnyajuknak_el_kell_menni
MDF,2010-03-07,1.0,2.0,1.0,https://hvg.hu/itthon/201011_mindnyajuknak_el_kell_menni
MSZP,2010-03-07,15.0,21.0,21.0,https://hvg.hu/itthon/201011_mindnyajuknak_el_kell_menni
egyeb,2010-03-07,2.0,2.0,1.0,https://hvg.hu/itthon/201011_mindnyajuknak_el_kell_menni
Fidesz,2010-03-28,47.0,62.0,60.0,https://web.archive.org/web/20100412013123/https://median.hu/object.df29fe9d-1f80-4030-895b-acc91ca57f43.ivy
Jobbik,2010-03-28,11.0,14.0,17.0,https://web.archive.org/web/20100412013123/https://median.hu/object.df29fe9d-1f80-4030-895b-acc91ca57f43.ivy
LMP,2010-03-28,3.0,5.0,5.0,https://web.archive.org/web/20100412013123/https://median.hu/object.df29fe9d-1f80-4030-895b-acc91ca57f43.ivy
MDF,2010-03-28,2.0,2.0,2.0,https://web.archive.org/web/20100412013123/https://median.hu/object.df29fe9d-1f80-4030-895b-acc91ca57f43.ivy
MSZP,2010-03-28,13.0,17.0,17.0,https://web.archive.org/web/20100412013123/https://median.hu/object.df29fe9d-1f80-4030-895b-acc91ca57f43.ivy
Fidesz,2010-05-09,50.0,66.0,68.0,https://hvg.hu/itthon/20100526_median_kozvelemeny_kutatas
Jobbik,2010-05-09,9.0,12.0,14.0,https://hvg.hu/itthon/20100526_median_kozvelemeny_kutatas
LMP,2010-05-09,4.0,5.0,4.0,https://hvg.hu/itthon/20100526_median_kozvelemeny_kutatas
MSZP,2010-05-09,11.0,15.0,13.0,https://hvg.hu/itthon/20100526_median_kozvelemeny_kutatas
egyeb,2010-05-09,1.0,2.0,1.0,https://hvg.hu/itthon/20100526_median_kozvelemeny_kutatas
nincs_partja,2010-05-09,25.0,,,https://hvg.hu/itthon/20100526_median_kozvelemeny_kutatas
Fidesz,2010-07-01,49.0,64.0,66.0,https://hvg.hu/itthon/201028_partok_es_politikusok_nepszerusege_mezeshon
Jobbik,2010-07-01,9.0,12.0,12.0,https://hvg.hu/itthon/201028_partok_es_politikusok_nepszerusege_mezeshon
LMP,2010-07-01,4.0,6.0,6.0,https://hvg.hu/itthon/201028_partok_es_politikusok_nepszerusege_mezeshon
MSZP,2010-07-01,12.0,16.0,15.0,https://hvg.hu/itthon/201028_partok_es_politikusok_nepszerusege_mezeshon
egyeb,2010-07-01,1.0,2.0,1.0,https://hvg.hu/itthon/201028_partok_es_politikusok_nepszerusege_mezeshon
Fidesz,2010-08-08,47.0,65.0,63.0,https://hvg.hu/itthon/20100818_median_orban_kormany
Jobbik,2010-08-08,9.0,12.0,14.0,https://hvg.hu/itthon/20100818_median_orban_kormany
LMP,2010-08-08,5.0,6.0,5.0,https://hvg.hu/itthon/20100818_median_orban_kormany
MSZP,2010-08-08,11.0,15.0,17.0,https://hvg.hu/itthon/20100818_median_orban_kormany
egyeb,2010-08-08,1.0,2.0,1.0,https://hvg.hu/itthon/20100818_median_orban_kormany
nincs_partja,2010-08-08,27.0,,,https://hvg.hu/itthon/20100818_median_orban_kormany
Fidesz,2010-09-05,46.0,64.0,66.0,https://hvg.hu/itthon/20100922_median_2010_szeptember
Jobbik,2010-09-05,7.0,9.0,10.0,https://hvg.hu/itthon/20100922_median_2010_szeptember
LMP,2010-09-05,4.0,5.0,5.0,https://hvg.hu/itthon/20100922_median_2010_szeptember
MSZP,2010-09-05,13.0,18.0,17.0,https://hvg.hu/itthon/20100922_median_2010_szeptember
egyeb,2010-09-05,3.0,5.0,2.0,https://hvg.hu/itthon/20100922_median_2010_szeptember
nincs_partja,2010-09-05,27.0,,,https://hvg.hu/itthon/20100922_median_2010_szeptember
Fidesz,2010-10-01,44.0,62.0,63.0,hvg.hu/itthon/201042_partok_es_politikusok_nepszerusege_a_deru_o
Jobbik,2010-10-01,8.0,12.0,13.0,hvg.hu/itthon/201042_partok_es_politikusok_nepszerusege_a_deru_o
LMP,2010-10-01,4.0,5.0,4.0,hvg.hu/itthon/201042_partok_es_politikusok_nepszerusege_a_deru_o
MSZP,2010-10-01,13.0,18.0,19.0,hvg.hu/itthon/201042_partok_es_politikusok_nepszerusege_a_deru_o
egyeb,2010-10-01,3.0,3.0,1.0,hvg.hu/itthon/201042_partok_es_politikusok_nepszerusege_a_deru_o
Fidesz,2010-11-01,49.0,,,https://hvg.hu/itthon/20101125_paorban_nepszeruseg_toretlen
MSZP,2010-11-01,10.0,,,https://hvg.hu/itthon/20101125_paorban_nepszeruseg_toretlen
Fidesz,2010-12-03,44.0,63.0,64.0,https://hvg.hu/itthon/201050_csokkeno_fideszelony
Jobbik,2010-12-03,7.0,10.0,11.0,https://hvg.hu/itthon/201050_csokkeno_fideszelony
LMP,2010-12-03,3.0,4.0,4.0,https://hvg.hu/itthon/201050_csokkeno_fideszelony
MSZP,2010-12-03,13.0,19.0,20.0,https://hvg.hu/itthon/201050_csokkeno_fideszelony
egyeb,2010-12-03,3.0,4.0,1.0,https://hvg.hu/itthon/201050_csokkeno_fideszelony
nincs_partja,2010-12-03,30.0,,,https://hvg.hu/itthon/201050_csokkeno_fideszelony
Fidesz,2011-01-15,45.0,,,https://web.archive.org/web/20110209104853/http://hvg.hu/hvgfriss/2011.05/201105_rossz_irany_de_fideszelony
MSZP,2011-01-15,12.0,,,https://web.archive.org/web/20110209104853/http://hvg.hu/hvgfriss/2011.05/201105_rossz_irany_de_fideszelony
nincs_partja,2011-01-15,31.0,,,https://web.archive.org/web/20110209104853/http://hvg.hu/hvgfriss/2011.05/201105_rossz_irany_de_fideszelony
Fidesz,2011-02-13,38.0,,64.0,https://politicalcapital.hu/blog/wp-content/uploads/2011/02/1.png
Jobbik,2011-02-13,9.0,,13.0,https://politicalcapital.hu/blog/wp-content/uploads/2011/02/1.png
LMP,2011-02-13,3.0,,3.0,https://politicalcapital.hu/blog/wp-content/uploads/2011/02/1.png
MSZP,2011-02-13,12.0,,19.0,https://politicalcapital.hu/blog/wp-content/uploads/2011/02/1.png
egyeb,2011-02-13,3.0,,1.0,https://politicalcapital.hu/blog/wp-content/uploads/2011/02/1.png
nincs_partja,2011-02-13,35.0,,,https://politicalcapital.hu/blog/wp-content/uploads/2011/02/1.png
Fidesz,2011-04-03,33.0,,,https://web.archive.org/web/20110417070740/http://www.median.hu/object.d1d31085-21aa-4168-bbae-10c18e9b20bd.ivy
Jobbik,2011-04-03,8.0,,,https://web.archive.org/web/20110417070740/http://www.median.hu/object.d1d31085-21aa-4168-bbae-10c18e9b20bd.ivy
LMP,2011-04-03,3.0,,,https://web.archive.org/web/20110417070740/http://www.median.hu/object.d1d31085-21aa-4168-bbae-10c18e9b20bd.ivy
MSZP,2011-04-03,14.0,,,https://web.archive.org/web/20110417070740/http://www.median.hu/object.d1d31085-21aa-4168-bbae-10c18e9b20bd.ivy
egyeb,2011-04-03,2.0,,,https://web.archive.org/web/20110417070740/http://www.median.hu/object.d1d31085-21aa-4168-bbae-10c18e9b20bd.ivy
nincs_partja,2011-04-03,40.0,,,https://web.archive.org/web/20110417070740/http://www.median.hu/object.d1d31085-21aa-4168-bbae-10c18e9b20bd.ivy
Fidesz,2011-05-11,34.0,54.0,55.0,https://hvg.hu/itthon/201120_jon_fol_a_jobbik
Jobbik,2011-05-11,10.0,15.0,17.0,https://hvg.hu/itthon/201120_jon_fol_a_jobbik
LMP,2011-05-11,5.0,8.0,5.0,https://hvg.hu/itthon/201120_jon_fol_a_jobbik
MSZP,2011-05-11,13.0,20.0,22.0,https://hvg.hu/itthon/201120_jon_fol_a_jobbik
egyeb,2011-05-11,2.0,3.0,1.0,https://hvg.hu/itthon/201120_jon_fol_a_jobbik
nincs_partja,2011-05-11,36.0,,,https://hvg.hu/itthon/201120_jon_fol_a_jobbik
Fidesz,2011-06-01,33.0,52.0,53.0,https://hvg.hu/itthon/201125_tobb_bizonytalan_mint_fideszes
Jobbik,2011-06-01,8.0,13.0,15.0,https://hvg.hu/itthon/201125_tobb_bizonytalan_mint_fideszes
LMP,2011-06-01,5.0,8.0,6.0,https://hvg.hu/itthon/201125_tobb_bizonytalan_mint_fideszes
MSZP,2011-06-01,15.0,23.0,24.0,https://hvg.hu/itthon/201125_tobb_bizonytalan_mint_fideszes
egyeb,2011-06-01,3.0,4.0,2.0,https://hvg.hu/itthon/201125_tobb_bizonytalan_mint_fideszes
nincs_partja,2011-06-01,36.0,,,https://hvg.hu/itthon/201125_tobb_bizonytalan_mint_fideszes
Fidesz,2011-09-01,31.0,49.0,51.0,https://web.archive.org/web/20111224164333/http://median.hu/object.aa1cc748-f5fa-4eb1-b7a4-bad6b067a453.ivy
Jobbik,2011-09-01,12.0,19.0,20.0,https://web.archive.org/web/20111224164333/http://median.hu/object.aa1cc748-f5fa-4eb1-b7a4-bad6b067a453.ivy
LMP,2011-09-01,6.0,9.0,9.0,https://web.archive.org/web/20111224164333/http://median.hu/object.aa1cc748-f5fa-4eb1-b7a4-bad6b067a453.ivy
MSZP,2011-09-01,12.0,19.0,20.0,https://web.archive.org/web/20111224164333/http://median.hu/object.aa1cc748-f5fa-4eb1-b7a4-bad6b067a453.ivy
egyeb,2011-09-01,3.0,4.0,0.0,https://web.archive.org/web/20111224164333/http://median.hu/object.aa1cc748-f5fa-4eb1-b7a4-bad6b067a453.ivy
nincs_partja,2011-09-01,36.0,,,https://web.archive.org/web/20111224164333/http://median.hu/object.aa1cc748-f5fa-4eb1-b7a4-bad6b067a453.ivy
Fidesz,2011-10-08,31.0,46.0,47.0,https://web.archive.org/web/20120123101505/http://median.hu/object.2918ef3f-b4b5-40f9-9cb1-6d3c8851e110.ivy
Jobbik,2011-10-08,11.0,16.0,20.0,https://web.archive.org/web/20120123101505/http://median.hu/object.2918ef3f-b4b5-40f9-9cb1-6d3c8851e110.ivy
LMP,2011-10-08,5.0,8.0,6.0,https://web.archive.org/web/20120123101505/http://median.hu/object.2918ef3f-b4b5-40f9-9cb1-6d3c8851e110.ivy
MSZP,2011-10-08,17.0,25.0,24.0,https://web.archive.org/web/20120123101505/http://median.hu/object.2918ef3f-b4b5-40f9-9cb1-6d3c8851e110.ivy
egyeb,2011-10-08,3.0,5.0,3.0,https://web.archive.org/web/20120123101505/http://median.hu/object.2918ef3f-b4b5-40f9-9cb1-6d3c8851e110.ivy
nincs_partja,2011-10-08,33.0,,,https://web.archive.org/web/20120123101505/http://median.hu/object.2918ef3f-b4b5-40f9-9cb1-6d3c8851e110.ivy
DK,2011-11-13,2.0,4.0,4.0,https://hvg.hu/itthon/201147_iranytalan_reakciok
Fidesz,2011-11-13,26.0,44.0,45.0,https://hvg.hu/itthon/201147_iranytalan_reakciok
Jobbik,2011-11-13,12.0,20.0,22.0,https://hvg.hu/itthon/201147_iranytalan_reakciok
LMP,2011-11-13,5.0,9.0,6.0,https://hvg.hu/itthon/201147_iranytalan_reakciok
MSZP,2011-11-13,12.0,21.0,21.0,https://hvg.hu/itthon/201147_iranytalan_reakciok
egyeb,2011-11-13,1.0,2.0,2.0,https://hvg.hu/itthon/201147_iranytalan_reakciok
nincs_partja,2011-11-13,42.0,,,https://hvg.hu/itthon/201147_iranytalan_reakciok
DK,2012-02-20,2.0,3.0,4.0,https://hvg.hu/itthon/201209_a_jobbik_megelozte_az_mszpt
Fidesz,2012-02-20,25.0,41.0,40.0,https://hvg.hu/itthon/201209_a_jobbik_megelozte_az_mszpt
Jobbik,2012-02-20,14.0,22.0,24.0,https://hvg.hu/itthon/201209_a_jobbik_megelozte_az_mszpt
LMP,2012-02-20,6.0,10.0,8.0,https://hvg.hu/itthon/201209_a_jobbik_megelozte_az_mszpt
MSZP,2012-02-20,13.0,22.0,22.0,https://hvg.hu/itthon/201209_a_jobbik_megelozte_az_mszpt
egyeb,2012-02-20,2.0,2.0,2.0,https://hvg.hu/itthon/201209_a_jobbik_megelozte_az_mszpt
nincs_partja,2012-02-20,38.0,,,https://hvg.hu/itthon/201209_a_jobbik_megelozte_az_mszpt
DK,2012-03-15,2.0,4.0,4.0,https://hvg.hu/itthon/201213_stagnalo_partok
Fidesz,2012-03-15,26.0,41.0,43.0,https://hvg.hu/itthon/201213_stagnalo_partok
Jobbik,2012-03-15,12.0,20.0,23.0,https://hvg.hu/itthon/201213_stagnalo_partok
LMP,2012-03-15,5.0,9.0,6.0,https://hvg.hu/itthon/201213_stagnalo_partok
MSZP,2012-03-15,16.0,25.0,23.0,https://hvg.hu/itthon/201213_stagnalo_partok
egyeb,2012-03-15,1.0,1.0,1.0,https://hvg.hu/itthon/201213_stagnalo_partok
nincs_partja,2012-03-15,38.0,,,https://hvg.hu/itthon/201213_stagnalo_partok
DK,2012-05-20,2.0,3.0,3.0,https://hvg.hu/itthon/201223_partok_es_politikusok_nepszerusege_felezesi
Fidesz,2012-05-20,22.0,39.0,41.0,https://hvg.hu/itthon/201223_partok_es_politikusok_nepszerusege_felezesi
Jobbik,2012-05-20,11.0,19.0,21.0,https://hvg.hu/itthon/201223_partok_es_politikusok_nepszerusege_felezesi
LMP,2012-05-20,4.0,9.0,8.0,https://hvg.hu/itthon/201223_partok_es_politikusok_nepszerusege_felezesi
MSZP,2012-05-20,16.0,27.0,25.0,https://hvg.hu/itthon/201223_partok_es_politikusok_nepszerusege_felezesi
egyeb,2012-05-20,2.0,3.0,2.0,https://hvg.hu/itthon/201223_partok_es_politikusok_nepszerusege_felezesi
DK,2012-06-01,2.0,3.0,3.0,https://web.archive.org/web/20120609200600/https://hvg.hu/hvgfriss/2012.23/201223_partok_es_politikusok_nepszerusege_felezesi
Fidesz,2012-06-01,22.0,39.0,41.0,https://web.archive.org/web/20120609200600/https://hvg.hu/hvgfriss/2012.23/201223_partok_es_politikusok_nepszerusege_felezesi
Jobbik,2012-06-01,11.0,19.0,21.0,https://web.archive.org/web/20120609200600/https://hvg.hu/hvgfriss/2012.23/201223_partok_es_politikusok_nepszerusege_felezesi
LMP,2012-06-01,4.0,9.0,8.0,https://web.archive.org/web/20120609200600/https://hvg.hu/hvgfriss/2012.23/201223_partok_es_politikusok_nepszerusege_felezesi
MSZP,2012-06-01,16.0,27.0,25.0,https://web.archive.org/web/20120609200600/https://hvg.hu/hvgfriss/2012.23/201223_partok_es_politikusok_nepszerusege_felezesi
egyeb,2012-06-01,2.0,3.0,2.0,https://web.archive.org/web/20120609200600/https://hvg.hu/hvgfriss/2012.23/201223_partok_es_politikusok_nepszerusege_felezesi
nincs_partja,2012-06-01,43.0,,,https://web.archive.org/web/20120609200600/https://hvg.hu/hvgfriss/2012.23/201223_partok_es_politikusok_nepszerusege_felezesi
DK,2012-06-20,2.0,4.0,4.0,https://hvg.hu/itthon/201226_kiabrandulas
Fidesz,2012-06-20,21.0,38.0,37.0,https://hvg.hu/itthon/201226_kiabrandulas
Jobbik,2012-06-20,10.0,18.0,20.0,https://hvg.hu/itthon/201226_kiabrandulas
LMP,2012-06-20,6.0,11.0,9.0,https://hvg.hu/itthon/201226_kiabrandulas
MSZP,2012-06-20,15.0,27.0,27.0,https://hvg.hu/itthon/201226_kiabrandulas
egyeb,2012-06-20,2.0,2.0,3.0,https://hvg.hu/itthon/201226_kiabrandulas
nincs_partja,2012-06-20,44.0,,,https://hvg.hu/itthon/201226_kiabrandulas
4K,2012-10-25,1.0,,,https://hvg.hu/itthon/201245_partok_es_politikusok_nepszerusege_kozepkez
DK,2012-10-25,1.0,2.0,3.0,https://hvg.hu/itthon/201245_partok_es_politikusok_nepszerusege_kozepkez
Egyutt,2012-10-25,14.0,23.0,22.0,https://hvg.hu/itthon/201245_partok_es_politikusok_nepszerusege_kozepkez
Fidesz,2012-10-25,22.0,35.0,38.0,https://hvg.hu/itthon/201245_partok_es_politikusok_nepszerusege_kozepkez
Jobbik,2012-10-25,10.0,17.0,16.0,https://hvg.hu/itthon/201245_partok_es_politikusok_nepszerusege_kozepkez
LMP,2012-10-25,3.0,5.0,4.0,https://hvg.hu/itthon/201245_partok_es_politikusok_nepszerusege_kozepkez
MSZP,2012-10-25,10.0,15.0,15.0,https://hvg.hu/itthon/201245_partok_es_politikusok_nepszerusege_kozepkez
egyeb,2012-10-25,2.0,1.0,2.0,https://hvg.hu/itthon/201245_partok_es_politikusok_nepszerusege_kozepkez
nincs_partja,2012-10-25,37.0,,,https://hvg.hu/itthon/201245_partok_es_politikusok_nepszerusege_kozepkez
DK,2012-11-25,2.0,3.0,3.0,https://hvg.hu/itthon/201249_partnepszeruseg
Egyutt,2012-11-25,10.0,14.0,16.0,https://hvg.hu/itthon/201249_partnepszeruseg
Fidesz,2012-11-25,26.0,39.0,40.0,https://hvg.hu/itthon/201249_partnepszeruseg
Jobbik,2012-11-25,11.0,17.0,18.0,https://hvg.hu/itthon/201249_partnepszeruseg
LMP,2012-11-25,3.0,5.0,3.0,https://hvg.hu/itthon/201249_partnepszeruseg
MSZP,2012-11-25,14.0,21.0,19.0,https://hvg.hu/itthon/201249_partnepszeruseg
egyeb,2012-11-25,1.0,1.0,1.0,https://hvg.hu/itthon/201249_partnepszeruseg
nincs_partja,2012-11-25,33.0,,,https://hvg.hu/itthon/201249_partnepszeruseg
DK,2013-01-15,2.0,3.0,2.0,https://hvg.hu/itthon/201304_apad_bajnaiek_nepszerusege
Egyutt,2013-01-15,6.0,10.0,7.0,https://hvg.hu/itthon/201304_apad_bajnaiek_nepszerusege
Fidesz,2013-01-15,27.0,42.0,43.0,https://hvg.hu/itthon/201304_apad_bajnaiek_nepszerusege
Jobbik,2013-01-15,9.0,14.0,15.0,https://hvg.hu/itthon/201304_apad_bajnaiek_nepszerusege
LMP,2013-01-15,3.0,5.0,6.0,https://hvg.hu/itthon/201304_apad_bajnaiek_nepszerusege
MSZP,2013-01-15,16.0,25.0,27.0,https://hvg.hu/itthon/201304_apad_bajnaiek_nepszerusege
egyeb,2013-01-15,1.0,1.0,0.0,https://hvg.hu/itthon/201304_apad_bajnaiek_nepszerusege
nincs_partja,2013-01-15,36.0,,,https://hvg.hu/itthon/201304_apad_bajnaiek_nepszerusege
DK,2013-02-15,2.0,3.0,4.0,https://hvg.hu/itthon/201309_a_kozvelemeny_a_jobban_teljesitunkrol
Egyutt,2013-02-15,8.0,13.0,15.0,https://hvg.hu/itthon/201309_a_kozvelemeny_a_jobban_teljesitunkrol
Fidesz,2013-02-15,26.0,43.0,41.0,https://hvg.hu/itthon/201309_a_kozvelemeny_a_jobban_teljesitunkrol
Jobbik,2013-02-15,10.0,16.0,19.0,https://hvg.hu/itthon/201309_a_kozvelemeny_a_jobban_teljesitunkrol
LMP,2013-02-15,2.0,4.0,2.0,https://hvg.hu/itthon/201309_a_kozvelemeny_a_jobban_teljesitunkrol
MSZP,2013-02-15,12.0,19.0,17.0,https://hvg.hu/itthon/201309_a_kozvelemeny_a_jobban_teljesitunkrol
egyeb,2013-02-15,1.0,2.0,2.0,https://hvg.hu/itthon/201309_a_kozvelemeny_a_jobban_teljesitunkrol
nincs_partja,2013-02-15,39.0,,,https://hvg.hu/itthon/201309_a_kozvelemeny_a_jobban_teljesitunkrol
DK,2013-03-20,1.0,2.0,2.0,https://hvg.hu/itthon/201314_stabil_kormanyero_gyenge_ellenzek
Egyutt,2013-03-20,6.0,10.0,8.0,https://hvg.hu/itthon/201314_stabil_kormanyero_gyenge_ellenzek
Fidesz,2013-03-20,27.0,43.0,45.0,https://hvg.hu/itthon/201314_stabil_kormanyero_gyenge_ellenzek
Jobbik,2013-03-20,11.0,17.0,17.0,https://hvg.hu/itthon/201314_stabil_kormanyero_gyenge_ellenzek
LMP,2013-03-20,2.0,3.0,2.0,https://hvg.hu/itthon/201314_stabil_kormanyero_gyenge_ellenzek
MSZP,2013-03-20,15.0,23.0,24.0,https://hvg.hu/itthon/201314_stabil_kormanyero_gyenge_ellenzek
egyeb,2013-03-20,1.0,2.0,2.0,https://hvg.hu/itthon/201314_stabil_kormanyero_gyenge_ellenzek
nincs_partja,2013-03-20,37.0,,,https://hvg.hu/itthon/201314_stabil_kormanyero_gyenge_ellenzek
DK,2013-04-01,1.0,,2.0,https://hvg.hu/itthon/20130506_Median_egymillios_rejtozkodo_tomeg_donthe
Egyutt,2013-04-01,7.0,,11.0,https://hvg.hu/itthon/20130506_Median_egymillios_rejtozkodo_tomeg_donthe
Fidesz,2013-04-01,29.0,,50.0,https://hvg.hu/itthon/20130506_Median_egymillios_rejtozkodo_tomeg_donthe
Jobbik,2013-04-01,11.0,,17.0,https://hvg.hu/itthon/20130506_Median_egymillios_rejtozkodo_tomeg_donthe
LMP,2013-04-01,2.0,,2.0,https://hvg.hu/itthon/20130506_Median_egymillios_rejtozkodo_tomeg_donthe
MSZP,2013-04-01,13.0,,17.0,https://hvg.hu/itthon/20130506_Median_egymillios_rejtozkodo_tomeg_donthe
nincs_partja,2013-04-01,35.0,,,https://hvg.hu/itthon/20130506_Median_egymillios_rejtozkodo_tomeg_donthe
DK,2013-04-21,2.0,3.0,4.0,https://hvg.hu/itthon/20130506_Median_egymillios_rejtozkodo_tomeg_donthe
Egyutt,2013-04-21,7.0,11.0,10.0,https://hvg.hu/itthon/20130506_Median_egymillios_rejtozkodo_tomeg_donthe
Fidesz,2013-04-21,29.0,43.0,45.0,https://hvg.hu/itthon/20130506_Median_egymillios_rejtozkodo_tomeg_donthe
Jobbik,2013-04-21,10.0,15.0,15.0,https://hvg.hu/itthon/20130506_Median_egymillios_rejtozkodo_tomeg_donthe
LMP,2013-04-21,3.0,4.0,3.0,https://hvg.hu/itthon/20130506_Median_egymillios_rejtozkodo_tomeg_donthe
MSZP,2013-04-21,15.0,23.0,23.0,https://hvg.hu/itthon/20130506_Median_egymillios_rejtozkodo_tomeg_donthe
egyeb,2013-04-21,1.0,1.0,,https://hvg.hu/itthon/20130506_Median_egymillios_rejtozkodo_tomeg_donthe
nincs_partja,2013-04-21,33.0,,,https://hvg.hu/itthon/20130506_Median_egymillios_rejtozkodo_tomeg_donthe
DK,2013-05-25,2.0,3.0,4.0,https://hvg.hu/itthon/20130606_Median_a_Fidesz_es_az_MSZP_is_erosodott_M
Egyutt,2013-05-25,7.0,11.0,10.0,https://hvg.hu/itthon/20130606_Median_a_Fidesz_es_az_MSZP_is_erosodott_M
Fidesz,2013-05-25,29.0,43.0,45.0,https://hvg.hu/itthon/20130606_Median_a_Fidesz_es_az_MSZP_is_erosodott_M
Jobbik,2013-05-25,10.0,15.0,15.0,https://hvg.hu/itthon/20130606_Median_a_Fidesz_es_az_MSZP_is_erosodott_M
LMP,2013-05-25,3.0,4.0,3.0,https://hvg.hu/itthon/20130606_Median_a_Fidesz_es_az_MSZP_is_erosodott_M
MSZP,2013-05-25,15.0,23.0,23.0,https://hvg.hu/itthon/20130606_Median_a_Fidesz_es_az_MSZP_is_erosodott_M
egyeb,2013-05-25,1.0,1.0,0.0,https://hvg.hu/itthon/20130606_Median_a_Fidesz_es_az_MSZP_is_erosodott_M
nincs_partja,2013-05-25,33.0,0.0,0.0,https://hvg.hu/itthon/20130606_Median_a_Fidesz_es_az_MSZP_is_erosodott_M
DK,2013-07-07,2.0,4.0,3.0,https://hvg.hu/itthon/201329_stabil_fideszelony
Egyutt,2013-07-07,6.0,10.0,12.0,https://hvg.hu/itthon/201329_stabil_fideszelony
Fidesz,2013-07-07,30.0,46.0,46.0,https://hvg.hu/itthon/201329_stabil_fideszelony
Jobbik,2013-07-07,9.0,14.0,14.0,https://hvg.hu/itthon/201329_stabil_fideszelony
LMP,2013-07-07,2.0,3.0,3.0,https://hvg.hu/itthon/201329_stabil_fideszelony
MSZP,2013-07-07,14.0,21.0,20.0,https://hvg.hu/itthon/201329_stabil_fideszelony
egyeb,2013-07-07,2.0,2.0,2.0,https://hvg.hu/itthon/201329_stabil_fideszelony
nincs_partja,2013-07-07,35.0,,,https://hvg.hu/itthon/201329_stabil_fideszelony
DK,2013-11-01,4.0,5.0,6.0,https://hvg.hu/itthon/201347_median_aktivabb_valasztok
Egyutt,2013-11-01,4.0,6.0,6.0,https://hvg.hu/itthon/201347_median_aktivabb_valasztok
Fidesz,2013-11-01,34.0,48.0,48.0,https://hvg.hu/itthon/201347_median_aktivabb_valasztok
Jobbik,2013-11-01,10.0,14.0,16.0,https://hvg.hu/itthon/201347_median_aktivabb_valasztok
LMP,2013-11-01,2.0,3.0,3.0,https://hvg.hu/itthon/201347_median_aktivabb_valasztok
MSZP,2013-11-01,16.0,22.0,21.0,https://hvg.hu/itthon/201347_median_aktivabb_valasztok
egyeb,2013-11-01,1.0,2.0,0.0,https://hvg.hu/itthon/201347_median_aktivabb_valasztok
nincs_partja,2013-11-01,29.0,,,https://hvg.hu/itthon/201347_median_aktivabb_valasztok
DK,2013-12-01,4.0,5.0,6.0,https://hvg.hu/itthon/20135152_median_fidesztulero
Egyutt,2013-12-01,5.0,7.0,8.0,https://hvg.hu/itthon/20135152_median_fidesztulero
Fidesz,2013-12-01,37.0,51.0,52.0,https://hvg.hu/itthon/20135152_median_fidesztulero
Jobbik,2013-12-01,10.0,14.0,14.0,https://hvg.hu/itthon/20135152_median_fidesztulero
LMP,2013-12-01,2.0,2.0,1.0,https://hvg.hu/itthon/20135152_median_fidesztulero
MSZP,2013-12-01,13.0,19.0,18.0,https://hvg.hu/itthon/20135152_median_fidesztulero
egyeb,2013-12-01,1.0,2.0,1.0,https://hvg.hu/itthon/20135152_median_fidesztulero
nincs_partja,2013-12-01,28.0,,,https://hvg.hu/itthon/20135152_median_fidesztulero
Fidesz,2014-01-26,39.0,,52.0,https://24.hu/belfold/2014/02/05/median-vezet-a-fidesz-de-sokan-levaltanak-a-kormanyt/
Jobbik,2014-01-26,10.0,,14.0,https://24.hu/belfold/2014/02/05/median-vezet-a-fidesz-de-sokan-levaltanak-a-kormanyt/
LMP,2014-01-26,3.0,,2.0,https://24.hu/belfold/2014/02/05/median-vezet-a-fidesz-de-sokan-levaltanak-a-kormanyt/
Osszefogas2014,2014-01-26,22.0,,30.0,https://24.hu/belfold/2014/02/05/median-vezet-a-fidesz-de-sokan-levaltanak-a-kormanyt/
Fidesz,2014-02-25,36.0,47.0,49.0,https://hvg.hu/itthon/201410_jobbrol_eloznek
Jobbik,2014-02-25,14.0,18.0,18.0,https://hvg.hu/itthon/201410_jobbrol_eloznek
LMP,2014-02-25,3.0,4.0,3.0,https://hvg.hu/itthon/201410_jobbrol_eloznek
Osszefogas2014,2014-02-25,23.0,29.0,30.0,https://hvg.hu/itthon/201410_jobbrol_eloznek
egyeb,2014-02-25,2.0,2.0,,https://hvg.hu/itthon/201410_jobbrol_eloznek
nincs_partja,2014-02-25,22.0,,,https://hvg.hu/itthon/201410_jobbrol_eloznek
Fidesz,2014-03-23,36.0,45.0,47.0,https://hvg.hu/itthon/201414_rejt_a_palya
Jobbik,2014-03-23,15.0,20.0,21.0,https://hvg.hu/itthon/201414_rejt_a_palya
LMP,2014-03-23,2.0,3.0,3.0,https://hvg.hu/itthon/201414_rejt_a_palya
Osszefogas2014,2014-03-23,18.0,23.0,23.0,https://hvg.hu/itthon/201414_rejt_a_palya
egyeb,2014-03-23,7.0,9.0,6.0,https://hvg.hu/itthon/201414_rejt_a_palya
nincs_partja,2014-03-23,22.0,,,https://hvg.hu/itthon/201414_rejt_a_palya
DK,2014-04-27,2.0,3.0,2.0,https://hvg.hu/itthon/201420_gyozteshez_huzas
Egyutt,2014-04-27,4.0,6.0,4.0,https://hvg.hu/itthon/201420_gyozteshez_huzas
Fidesz,2014-04-27,39.0,52.0,56.0,https://hvg.hu/itthon/201420_gyozteshez_huzas
Jobbik,2014-04-27,14.0,18.0,17.0,https://hvg.hu/itthon/201420_gyozteshez_huzas
LMP,2014-04-27,4.0,5.0,4.0,https://hvg.hu/itthon/201420_gyozteshez_huzas
MSZP,2014-04-27,11.0,14.0,14.0,https://hvg.hu/itthon/201420_gyozteshez_huzas
egyeb,2014-04-27,2.0,2.0,1.0,https://hvg.hu/itthon/201420_gyozteshez_huzas
nincs_partja,2014-04-27,24.0,,,https://hvg.hu/itthon/201420_gyozteshez_huzas
DK,2014-09-25,3.0,,4.0,https://hvg.hu/itthon/20141008_Median_Rekordot_dontott_a_Jobbik_nepszeru
Egyutt,2014-09-25,4.0,,6.0,https://hvg.hu/itthon/20141008_Median_Rekordot_dontott_a_Jobbik_nepszeru
Fidesz,2014-09-25,37.0,50.0,,https://hvg.hu/itthon/20141008_Median_Rekordot_dontott_a_Jobbik_nepszeru
Jobbik,2014-09-25,15.0,,21.0,https://hvg.hu/itthon/20141008_Median_Rekordot_dontott_a_Jobbik_nepszeru
LMP,2014-09-25,3.0,,3.0,https://hvg.hu/itthon/20141008_Median_Rekordot_dontott_a_Jobbik_nepszeru
MSZP,2014-09-25,11.0,15.0,,https://hvg.hu/itthon/20141008_Median_Rekordot_dontott_a_Jobbik_nepszeru
nincs_partja,2014-09-25,26.0,,,https://hvg.hu/itthon/20141008_Median_Rekordot_dontott_a_Jobbik_nepszeru
DK,2014-10-01,4.0,,,https://hvg.hu/itthon/201450_kiabrandulasrol_tanuskodo_partpreferenciak_
Egyutt,2014-10-01,3.0,,,https://hvg.hu/itthon/201450_kiabrandulasrol_tanuskodo_partpreferenciak_
Fidesz,2014-10-01,38.0,,,https://hvg.hu/itthon/201450_kiabrandulasrol_tanuskodo_partpreferenciak_
Jobbik,2014-10-01,13.0,,,https://hvg.hu/itthon/201450_kiabrandulasrol_tanuskodo_partpreferenciak_
LMP,2014-10-01,2.0,,,https://hvg.hu/itthon/201450_kiabrandulasrol_tanuskodo_partpreferenciak_
MSZP,2014-10-01,8.0,,,https://hvg.hu/itthon/201450_kiabrandulasrol_tanuskodo_partpreferenciak_
nincs_partja,2014-10-01,31.0,,,https://hvg.hu/itthon/201450_kiabrandulasrol_tanuskodo_partpreferenciak_
DK,2014-11-01,3.0,5.0,6.0,https://hvg.hu/itthon/201450_kiabrandulasrol_tanuskodo_partpreferenciak_
Egyutt,2014-11-01,2.0,3.0,2.0,https://hvg.hu/itthon/201450_kiabrandulasrol_tanuskodo_partpreferenciak_
Fidesz,2014-11-01,26.0,41.0,38.0,https://hvg.hu/itthon/201450_kiabrandulasrol_tanuskodo_partpreferenciak_
Jobbik,2014-11-01,15.0,23.0,27.0,https://hvg.hu/itthon/201450_kiabrandulasrol_tanuskodo_partpreferenciak_
LMP,2014-11-01,3.0,5.0,4.0,https://hvg.hu/itthon/201450_kiabrandulasrol_tanuskodo_partpreferenciak_
Liberalisok,2014-11-01,1.0,1.0,1.0,https://hvg.hu/itthon/201450_kiabrandulasrol_tanuskodo_partpreferenciak_
MSZP,2014-11-01,12.0,19.0,19.0,https://hvg.hu/itthon/201450_kiabrandulasrol_tanuskodo_partpreferenciak_
Parbeszed,2014-11-01,1.0,1.0,,https://hvg.hu/itthon/201450_kiabrandulasrol_tanuskodo_partpreferenciak_
egyeb,2014-11-01,,2.0,3.0,https://hvg.hu/itthon/201450_kiabrandulasrol_tanuskodo_partpreferenciak_
nincs_partja,2014-11-01,35.0,,,https://hvg.hu/itthon/201450_kiabrandulasrol_tanuskodo_partpreferenciak_
DK,2015-02-09,5.0,7.0,7.0,https://hvg.hu/itthon/20150218_Median_meg_kevesebben_elegedettek_a_korma
Egyutt,2015-02-09,3.0,4.0,3.0,https://hvg.hu/itthon/20150218_Median_meg_kevesebben_elegedettek_a_korma
Fidesz,2015-02-09,27.0,42.0,45.0,https://hvg.hu/itthon/20150218_Median_meg_kevesebben_elegedettek_a_korma
Jobbik,2015-02-09,14.0,21.0,21.0,https://hvg.hu/itthon/20150218_Median_meg_kevesebben_elegedettek_a_korma
LMP,2015-02-09,4.0,6.0,5.0,https://hvg.hu/itthon/20150218_Median_meg_kevesebben_elegedettek_a_korma
MSZP,2015-02-09,11.0,17.0,17.0,https://hvg.hu/itthon/20150218_Median_meg_kevesebben_elegedettek_a_korma
egyeb,2015-02-09,,3.0,2.0,https://hvg.hu/itthon/20150218_Median_meg_kevesebben_elegedettek_a_korma
nincs_partja,2015-02-09,34.0,,,https://hvg.hu/itthon/20150218_Median_meg_kevesebben_elegedettek_a_korma
DK,2015-03-25,6.0,,10.0,https://hirado.hu/2015/04/09/csokkent-a-fidesz-tamogatottsaga-a-median-felmerese-szerint/
Egyutt,2015-03-25,1.0,,2.0,https://hirado.hu/2015/04/09/csokkent-a-fidesz-tamogatottsaga-a-median-felmerese-szerint/
Fidesz,2015-03-25,24.0,,40.0,https://hirado.hu/2015/04/09/csokkent-a-fidesz-tamogatottsaga-a-median-felmerese-szerint/
Jobbik,2015-03-25,15.0,,25.0,https://hirado.hu/2015/04/09/csokkent-a-fidesz-tamogatottsaga-a-median-felmerese-szerint/
LMP,2015-03-25,4.0,,4.0,https://hirado.hu/2015/04/09/csokkent-a-fidesz-tamogatottsaga-a-median-felmerese-szerint/
MSZP,2015-03-25,11.0,,17.0,https://hirado.hu/2015/04/09/csokkent-a-fidesz-tamogatottsaga-a-median-felmerese-szerint/
nincs_partja,2015-03-25,37.0,,,https://hirado.hu/2015/04/09/csokkent-a-fidesz-tamogatottsaga-a-median-felmerese-szerint/
DK,2015-05-20,5.0,7.0,9.0,https://hvg.hu/itthon/201524_median_erosodik_a_jobboldal
Egyutt,2015-05-20,2.0,4.0,3.0,https://hvg.hu/itthon/201524_median_erosodik_a_jobboldal
Fidesz,2015-05-20,28.0,42.0,44.0,https://hvg.hu/itthon/201524_median_erosodik_a_jobboldal
Jobbik,2015-05-20,16.0,24.0,24.0,https://hvg.hu/itthon/201524_median_erosodik_a_jobboldal
LMP,2015-05-20,4.0,7.0,5.0,https://hvg.hu/itthon/201524_median_erosodik_a_jobboldal
Liberalisok,2015-05-20,0.0,1.0,1.0,https://hvg.hu/itthon/201524_median_erosodik_a_jobboldal
MSZP,2015-05-20,8.0,13.0,12.0,https://hvg.hu/itthon/201524_median_erosodik_a_jobboldal
Munkaspart,2015-05-20,1.0,1.0,1.0,https://hvg.hu/itthon/201524_median_erosodik_a_jobboldal
Parbeszed,2015-05-20,1.0,1.0,1.0,https://hvg.hu/itthon/201524_median_erosodik_a_jobboldal
nincs_partja,2015-05-20,35.0,,,https://hvg.hu/itthon/201524_median_erosodik_a_jobboldal
DK,2015-09-15,4.0,6.0,6.0,https://mandiner.hu/hirek/2015/10/median-jol-jott-ki-a-menekultvalsagbol-a-fidesz
Egyutt,2015-09-15,2.0,2.0,3.0,https://mandiner.hu/hirek/2015/10/median-jol-jott-ki-a-menekultvalsagbol-a-fidesz
Fidesz,2015-09-15,32.0,48.0,50.0,https://mandiner.hu/hirek/2015/10/median-jol-jott-ki-a-menekultvalsagbol-a-fidesz
Jobbik,2015-09-15,13.0,21.0,22.0,https://mandiner.hu/hirek/2015/10/median-jol-jott-ki-a-menekultvalsagbol-a-fidesz
LMP,2015-09-15,2.0,4.0,3.0,https://mandiner.hu/hirek/2015/10/median-jol-jott-ki-a-menekultvalsagbol-a-fidesz
MSZP,2015-09-15,11.0,16.0,15.0,https://mandiner.hu/hirek/2015/10/median-jol-jott-ki-a-menekultvalsagbol-a-fidesz
nincs_partja,2015-09-15,34.0,,,https://mandiner.hu/hirek/2015/10/median-jol-jott-ki-a-menekultvalsagbol-a-fidesz
DK,2015-11-29,6.0,9.0,9.0,https://hvg.hu/itthon/20151209_Medianfelmeres_A_Fidesz_kiveteles_helyze
Egyutt,2015-11-29,1.0,2.0,2.0,https://hvg.hu/itthon/20151209_Medianfelmeres_A_Fidesz_kiveteles_helyze
Fidesz,2015-11-29,34.0,52.0,51.0,https://hvg.hu/itthon/20151209_Medianfelmeres_A_Fidesz_kiveteles_helyze
Jobbik,2015-11-29,13.0,19.0,21.0,https://hvg.hu/itthon/20151209_Medianfelmeres_A_Fidesz_kiveteles_helyze
LMP,2015-11-29,2.0,4.0,4.0,https://hvg.hu/itthon/20151209_Medianfelmeres_A_Fidesz_kiveteles_helyze
Liberalisok,2015-11-29,1.0,1.0,1.0,https://hvg.hu/itthon/20151209_Medianfelmeres_A_Fidesz_kiveteles_helyze
MSZP,2015-11-29,7.0,11.0,11.0,https://hvg.hu/itthon/20151209_Medianfelmeres_A_Fidesz_kiveteles_helyze
Munkaspart,2015-11-29,1.0,1.0,1.0,https://hvg.hu/itthon/20151209_Medianfelmeres_A_Fidesz_kiveteles_helyze
egyeb,2015-11-29,1.0,1.0,0.0,https://hvg.hu/itthon/20151209_Medianfelmeres_A_Fidesz_kiveteles_helyze
nincs_partja,2015-11-29,34.0,,,https://hvg.hu/itthon/20151209_Medianfelmeres_A_Fidesz_kiveteles_helyze
DK,2016-01-25,4.0,6.0,7.0,https://hvg.hu/itthon/201606_masodik_a_jobbik
Egyutt,2016-01-25,2.0,3.0,1.0,https://hvg.hu/itthon/201606_masodik_a_jobbik
Fidesz,2016-01-25,34.0,50.0,53.0,https://hvg.hu/itthon/201606_masodik_a_jobbik
Jobbik,2016-01-25,14.0,20.0,19.0,https://hvg.hu/itthon/201606_masodik_a_jobbik
LMP,2016-01-25,3.0,4.0,2.0,https://hvg.hu/itthon/201606_masodik_a_jobbik
MKKP,2016-01-25,1.0,1.0,0.0,https://hvg.hu/itthon/201606_masodik_a_jobbik
MSZP,2016-01-25,9.0,13.0,15.0,https://hvg.hu/itthon/201606_masodik_a_jobbik
Munkaspart,2016-01-25,1.0,1.0,1.0,https://hvg.hu/itthon/201606_masodik_a_jobbik
Parbeszed,2016-01-25,1.0,1.0,1.0,https://hvg.hu/itthon/201606_masodik_a_jobbik
egyeb,2016-01-25,0.0,1.0,1.0,https://hvg.hu/itthon/201606_masodik_a_jobbik
nincs_partja,2016-01-25,31.0,,,https://hvg.hu/itthon/201606_masodik_a_jobbik
DK,2016-02-15,6.0,8.0,9.0,https://hvg.hu/itthon/201610_torespont
Egyutt,2016-02-15,1.0,2.0,2.0,https://hvg.hu/itthon/201610_torespont
Fidesz,2016-02-15,32.0,46.0,46.0,https://hvg.hu/itthon/201610_torespont
Jobbik,2016-02-15,16.0,23.0,25.0,https://hvg.hu/itthon/201610_torespont
LMP,2016-02-15,2.0,3.0,3.0,https://hvg.hu/itthon/201610_torespont
Liberalisok,2016-02-15,1.0,1.0,,https://hvg.hu/itthon/201610_torespont
MKKP,2016-02-15,1.0,1.0,1.0,https://hvg.hu/itthon/201610_torespont
MSZP,2016-02-15,10.0,15.0,12.0,https://hvg.hu/itthon/201610_torespont
egyeb,2016-02-15,1.0,1.0,1.0,https://hvg.hu/itthon/201610_torespont
nincs_partja,2016-02-15,30.0,,,https://hvg.hu/itthon/201610_torespont
DK,2016-04-01,6.0,9.0,11.0,https://hvg.hu/itthon/201616_valtozatlan_eroviszonyok
Egyutt,2016-04-01,2.0,2.0,3.0,https://hvg.hu/itthon/201616_valtozatlan_eroviszonyok
Fidesz,2016-04-01,33.0,49.0,50.0,https://hvg.hu/itthon/201616_valtozatlan_eroviszonyok
Jobbik,2016-04-01,11.0,17.0,18.0,https://hvg.hu/itthon/201616_valtozatlan_eroviszonyok
LMP,2016-04-01,3.0,4.0,3.0,https://hvg.hu/itthon/201616_valtozatlan_eroviszonyok
Liberalisok,2016-04-01,1.0,1.0,1.0,https://hvg.hu/itthon/201616_valtozatlan_eroviszonyok
MSZP,2016-04-01,10.0,14.0,13.0,https://hvg.hu/itthon/201616_valtozatlan_eroviszonyok
egyeb,2016-04-01,,4.0,1.0,https://hvg.hu/itthon/201616_valtozatlan_eroviszonyok
nincs_partja,2016-04-01,32.0,,,https://hvg.hu/itthon/201616_valtozatlan_eroviszonyok
DK,2016-06-01,5.0,,7.0,https://magyarhirlap.hu/belfold/Megint_erosodott_a_Fidesz
Egyutt,2016-06-01,2.0,,2.0,https://magyarhirlap.hu/belfold/Megint_erosodott_a_Fidesz
Fidesz,2016-06-01,37.0,,56.0,https://magyarhirlap.hu/belfold/Megint_erosodott_a_Fidesz
Jobbik,2016-06-01,12.0,,15.0,https://magyarhirlap.hu/belfold/Megint_erosodott_a_Fidesz
LMP,2016-06-01,4.0,,4.0,https://magyarhirlap.hu/belfold/Megint_erosodott_a_Fidesz
MSZP,2016-06-01,9.0,,14.0,https://magyarhirlap.hu/belfold/Megint_erosodott_a_Fidesz
nincs_partja,2016-06-01,29.0,,,https://magyarhirlap.hu/belfold/Megint_erosodott_a_Fidesz
DK,2016-09-11,4.0,5.0,5.0,https://hvg.hu/itthon/201639_kampanyimmunitas
Egyutt,2016-09-11,2.0,3.0,3.0,https://hvg.hu/itthon/201639_kampanyimmunitas
Fidesz,2016-09-11,37.0,54.0,54.0,https://hvg.hu/itthon/201639_kampanyimmunitas
Jobbik,2016-09-11,12.0,17.0,17.0,https://hvg.hu/itthon/201639_kampanyimmunitas
LMP,2016-09-11,3.0,4.0,3.0,https://hvg.hu/itthon/201639_kampanyimmunitas
Liberalisok,2016-09-11,1.0,1.0,,https://hvg.hu/itthon/201639_kampanyimmunitas
MSZP,2016-09-11,9.0,13.0,15.0,https://hvg.hu/itthon/201639_kampanyimmunitas
egyeb,2016-09-11,2.0,3.0,3.0,https://hvg.hu/itthon/201639_kampanyimmunitas
nincs_partja,2016-09-11,30.0,,,https://hvg.hu/itthon/201639_kampanyimmunitas
DK,2016-11-15,6.0,9.0,9.0,https://hvg.hu/itthon/201648_medianfelmeres_erodalodo_jobbik
Egyutt,2016-11-15,2.0,2.0,3.0,https://hvg.hu/itthon/201648_medianfelmeres_erodalodo_jobbik
Fidesz,2016-11-15,36.0,52.0,53.0,https://hvg.hu/itthon/201648_medianfelmeres_erodalodo_jobbik
Jobbik,2016-11-15,10.0,15.0,16.0,https://hvg.hu/itthon/201648_medianfelmeres_erodalodo_jobbik
LMP,2016-11-15,3.0,4.0,3.0,https://hvg.hu/itthon/201648_medianfelmeres_erodalodo_jobbik
Liberalisok,2016-11-15,1.0,1.0,1.0,https://hvg.hu/itthon/201648_medianfelmeres_erodalodo_jobbik
MSZP,2016-11-15,9.0,12.0,14.0,https://hvg.hu/itthon/201648_medianfelmeres_erodalodo_jobbik
egyeb,2016-11-15,1.0,1.0,0.0,https://hvg.hu/itthon/201648_medianfelmeres_erodalodo_jobbik
nincs_partja,2016-11-15,29.0,,,https://hvg.hu/itthon/201648_medianfelmeres_erodalodo_jobbik
DK,2017-01-25,4.0,6.0,7.0,https://hvg.hu/itthon/20170208_Median_Mar_merheto_es_2_szazalekon_all_a_Momentum_Mozgalom
Egyutt,2017-01-25,2.0,3.0,3.0,https://hvg.hu/itthon/20170208_Median_Mar_merheto_es_2_szazalekon_all_a_Momentum_Mozgalom
Fidesz,2017-01-25,37.0,55.0,60.0,https://hvg.hu/itthon/20170208_Median_Mar_merheto_es_2_szazalekon_all_a_Momentum_Mozgalom
Jobbik,2017-01-25,10.0,15.0,13.0,https://hvg.hu/itthon/20170208_Median_Mar_merheto_es_2_szazalekon_all_a_Momentum_Mozgalom
LMP,2017-01-25,3.0,4.0,3.0,https://hvg.hu/itthon/20170208_Median_Mar_merheto_es_2_szazalekon_all_a_Momentum_Mozgalom
Liberalisok,2017-01-25,1.0,1.0,,https://hvg.hu/itthon/20170208_Median_Mar_merheto_es_2_szazalekon_all_a_Momentum_Mozgalom
MKKP,2017-01-25,1.0,1.0,1.0,https://hvg.hu/itthon/20170208_Median_Mar_merheto_es_2_szazalekon_all_a_Momentum_Mozgalom
MSZP,2017-01-25,8.0,12.0,10.0,https://hvg.hu/itthon/20170208_Median_Mar_merheto_es_2_szazalekon_all_a_Momentum_Mozgalom
Momentum,2017-01-25,1.0,2.0,2.0,https://hvg.hu/itthon/20170208_Median_Mar_merheto_es_2_szazalekon_all_a_Momentum_Mozgalom
egyeb,2017-01-25,1.0,1.0,1.0,https://hvg.hu/itthon/20170208_Median_Mar_merheto_es_2_szazalekon_all_a_Momentum_Mozgalom
nincs_partja,2017-01-25,32.0,,,https://hvg.hu/itthon/20170208_Median_Mar_merheto_es_2_szazalekon_all_a_Momentum_Mozgalom
DK,2017-04-23,4.0,,,https://hvg.hu/itthon/20170503_median_kozvelemeny_kutatas
Egyutt,2017-04-23,1.0,,,https://hvg.hu/itthon/20170503_median_kozvelemeny_kutatas
Fidesz,2017-04-23,31.0,,,https://hvg.hu/itthon/20170503_median_kozvelemeny_kutatas
Jobbik,2017-04-23,14.0,,20.0,https://hvg.hu/itthon/20170503_median_kozvelemeny_kutatas
LMP,2017-04-23,4.0,,,https://hvg.hu/itthon/20170503_median_kozvelemeny_kutatas
Liberalisok,2017-04-23,0.0,,,https://hvg.hu/itthon/20170503_median_kozvelemeny_kutatas
MKKP,2017-04-23,1.0,,,https://hvg.hu/itthon/20170503_median_kozvelemeny_kutatas
MSZP,2017-04-23,9.0,,,https://hvg.hu/itthon/20170503_median_kozvelemeny_kutatas
ModernMo,2017-04-23,1.0,,,https://hvg.hu/itthon/20170503_median_kozvelemeny_kutatas
Momentum,2017-04-23,2.0,,,https://hvg.hu/itthon/20170503_median_kozvelemeny_kutatas
Parbeszed,2017-04-23,1.0,,,https://hvg.hu/itthon/20170503_median_kozvelemeny_kutatas
nincs_partja,2017-04-23,31.0,,,https://hvg.hu/itthon/20170503_median_kozvelemeny_kutatas
DK,2017-06-15,4.0,6.0,6.0,https://hvg.hu/itthon/201726_medianfelmeres_tobb_apart_nelkuli
Egyutt,2017-06-15,1.0,1.0,1.0,https://hvg.hu/itthon/201726_medianfelmeres_tobb_apart_nelkuli
Fidesz,2017-06-15,34.0,51.0,53.0,https://hvg.hu/itthon/201726_medianfelmeres_tobb_apart_nelkuli
Jobbik,2017-06-15,13.0,19.0,21.0,https://hvg.hu/itthon/201726_medianfelmeres_tobb_apart_nelkuli
LMP,2017-06-15,3.0,5.0,3.0,https://hvg.hu/itthon/201726_medianfelmeres_tobb_apart_nelkuli
MKKP,2017-06-15,1.0,1.0,1.0,https://hvg.hu/itthon/201726_medianfelmeres_tobb_apart_nelkuli
MSZP,2017-06-15,8.0,13.0,12.0,https://hvg.hu/itthon/201726_medianfelmeres_tobb_apart_nelkuli
ModernMo,2017-06-15,1.0,1.0,1.0,https://hvg.hu/itthon/201726_medianfelmeres_tobb_apart_nelkuli
Momentum,2017-06-15,1.0,1.0,1.0,https://hvg.hu/itthon/201726_medianfelmeres_tobb_apart_nelkuli
egyeb,2017-06-15,1.0,2.0,1.0,https://hvg.hu/itthon/201726_medianfelmeres_tobb_apart_nelkuli
nincs_partja,2017-06-15,33.0,,,https://hvg.hu/itthon/201726_medianfelmeres_tobb_apart_nelkuli
DK,2017-09-17,3.0,,5.0,https://www.minap.hu/hirarchivum/2017/09/27/median-melyponton-az-mszp-tamogatottsaga
Fidesz,2017-09-17,36.0,,55.0,https://www.minap.hu/hirarchivum/2017/09/27/median-melyponton-az-mszp-tamogatottsaga
Jobbik,2017-09-17,12.0,,16.0,https://www.minap.hu/hirarchivum/2017/09/27/median-melyponton-az-mszp-tamogatottsaga
LMP,2017-09-17,5.0,,7.0,https://www.minap.hu/hirarchivum/2017/09/27/median-melyponton-az-mszp-tamogatottsaga
MSZP,2017-09-17,7.0,,9.0,https://www.minap.hu/hirarchivum/2017/09/27/median-melyponton-az-mszp-tamogatottsaga
nincs_partja,2017-09-17,31.0,,,https://www.minap.hu/hirarchivum/2017/09/27/median-melyponton-az-mszp-tamogatottsaga
DK,2017-10-22,5.0,7.0,7.0,https://hvg.hu/itthon/201744_medianfelmeres_elony_afidesznel
Egyutt_Parbeszed,2017-10-22,1.0,1.0,1.0,https://hvg.hu/itthon/201744_medianfelmeres_elony_afidesznel
Fidesz,2017-10-22,40.0,56.0,61.0,https://hvg.hu/itthon/201744_medianfelmeres_elony_afidesznel
Jobbik,2017-10-22,11.0,16.0,14.0,https://hvg.hu/itthon/201744_medianfelmeres_elony_afidesznel
LMP,2017-10-22,4.0,6.0,5.0,https://hvg.hu/itthon/201744_medianfelmeres_elony_afidesznel
MKKP,2017-10-22,1.0,2.0,2.0,https://hvg.hu/itthon/201744_medianfelmeres_elony_afidesznel
MSZP,2017-10-22,7.0,10.0,9.0,https://hvg.hu/itthon/201744_medianfelmeres_elony_afidesznel
Momentum,2017-10-22,1.0,1.0,1.0,https://hvg.hu/itthon/201744_medianfelmeres_elony_afidesznel
egyeb,2017-10-22,0.0,0.0,0.0,https://hvg.hu/itthon/201744_medianfelmeres_elony_afidesznel
nincs_partja,2017-10-22,30.0,,,https://hvg.hu/itthon/201744_medianfelmeres_elony_afidesznel
DK,2017-11-25,5.0,7.0,7.0,https://hvg.hu/itthon/201750_medianfelmeres_befagyva
Egyutt,2017-11-25,1.0,2.0,2.0,https://hvg.hu/itthon/201750_medianfelmeres_befagyva
Fidesz,2017-11-25,39.0,56.0,60.0,https://hvg.hu/itthon/201750_medianfelmeres_befagyva
Jobbik,2017-11-25,11.0,15.0,15.0,https://hvg.hu/itthon/201750_medianfelmeres_befagyva
LMP,2017-11-25,4.0,6.0,5.0,https://hvg.hu/itthon/201750_medianfelmeres_befagyva
MKKP,2017-11-25,1.0,2.0,0.0,https://hvg.hu/itthon/201750_medianfelmeres_befagyva
MSZP,2017-11-25,7.0,10.0,10.0,https://hvg.hu/itthon/201750_medianfelmeres_befagyva
Momentum,2017-11-25,1.0,2.0,1.0,https://hvg.hu/itthon/201750_medianfelmeres_befagyva
egyeb,2017-11-25,1.0,1.0,0.0,https://hvg.hu/itthon/201750_medianfelmeres_befagyva
nincs_partja,2017-11-25,30.0,,,https://hvg.hu/itthon/201750_medianfelmeres_befagyva
DK,2018-01-25,6.0,8.0,9.0,https://hvg.hu/itthon/20180131_Median_Elbizonytalanodott_a_tabora_kerdes_a_Fideszgyozelem_merteke
Egyutt,2018-01-25,1.0,2.0,1.0,https://hvg.hu/itthon/20180131_Median_Elbizonytalanodott_a_tabora_kerdes_a_Fideszgyozelem_merteke
Fidesz,2018-01-25,37.0,50.0,53.0,https://hvg.hu/itthon/20180131_Median_Elbizonytalanodott_a_tabora_kerdes_a_Fideszgyozelem_merteke
Jobbik,2018-01-25,13.0,17.0,18.0,https://hvg.hu/itthon/20180131_Median_Elbizonytalanodott_a_tabora_kerdes_a_Fideszgyozelem_merteke
LMP,2018-01-25,5.0,7.0,6.0,https://hvg.hu/itthon/20180131_Median_Elbizonytalanodott_a_tabora_kerdes_a_Fideszgyozelem_merteke
MKKP,2018-01-25,1.0,1.0,0.0,https://hvg.hu/itthon/20180131_Median_Elbizonytalanodott_a_tabora_kerdes_a_Fideszgyozelem_merteke
MSZP-PM,2018-01-25,8.0,11.0,11.0,https://hvg.hu/itthon/20180131_Median_Elbizonytalanodott_a_tabora_kerdes_a_Fideszgyozelem_merteke
Momentum,2018-01-25,1.0,1.0,1.0,https://hvg.hu/itthon/20180131_Median_Elbizonytalanodott_a_tabora_kerdes_a_Fideszgyozelem_merteke
Munkaspart,2018-01-25,1.0,1.0,1.0,https://hvg.hu/itthon/20180131_Median_Elbizonytalanodott_a_tabora_kerdes_a_Fideszgyozelem_merteke
egyeb,2018-01-25,1.0,2.0,0.0,https://hvg.hu/itthon/20180131_Median_Elbizonytalanodott_a_tabora_kerdes_a_Fideszgyozelem_merteke
nincs_partja,2018-01-25,26.0,,,https://hvg.hu/itthon/20180131_Median_Elbizonytalanodott_a_tabora_kerdes_a_Fideszgyozelem_merteke
DK,2018-03-05,6.0,8.0,9.0,https://hvg.hu/itthon/20180314_median_kozvelemeny_kutatas_marcius
Egyutt,2018-03-05,1.0,1.0,,https://hvg.hu/itthon/20180314_median_kozvelemeny_kutatas_marcius
Fidesz,2018-03-05,39.0,53.0,54.0,https://hvg.hu/itthon/20180314_median_kozvelemeny_kutatas_marcius
Jobbik,2018-03-05,12.0,16.0,17.0,https://hvg.hu/itthon/20180314_median_kozvelemeny_kutatas_marcius
LMP,2018-03-05,4.0,5.0,6.0,https://hvg.hu/itthon/20180314_median_kozvelemeny_kutatas_marcius
MSZP-PM,2018-03-05,9.0,12.0,12.0,https://hvg.hu/itthon/20180314_median_kozvelemeny_kutatas_marcius
Momentum,2018-03-05,2.0,2.0,,https://hvg.hu/itthon/20180314_median_kozvelemeny_kutatas_marcius
egyeb,2018-03-05,1.0,,,https://hvg.hu/itthon/20180314_median_kozvelemeny_kutatas_marcius
nincs_partja,2018-03-05,29.0,,,https://hvg.hu/itthon/20180314_median_kozvelemeny_kutatas_marcius
DK,2018-03-25,5.0,6.0,,https://hvg.hu/itthon/201814__medianfelmeres__erosodo_fidesz__nepszeru_kormany__rejtozo_ketharmad
Egyutt,2018-03-25,1.0,1.0,,https://hvg.hu/itthon/201814__medianfelmeres__erosodo_fidesz__nepszeru_kormany__rejtozo_ketharmad
Fidesz,2018-03-25,41.0,53.0,,https://hvg.hu/itthon/201814__medianfelmeres__erosodo_fidesz__nepszeru_kormany__rejtozo_ketharmad
Jobbik,2018-03-25,12.0,16.0,,https://hvg.hu/itthon/201814__medianfelmeres__erosodo_fidesz__nepszeru_kormany__rejtozo_ketharmad
LMP,2018-03-25,5.0,7.0,,https://hvg.hu/itthon/201814__medianfelmeres__erosodo_fidesz__nepszeru_kormany__rejtozo_ketharmad
MKKP,2018-03-25,1.0,2.0,,https://hvg.hu/itthon/201814__medianfelmeres__erosodo_fidesz__nepszeru_kormany__rejtozo_ketharmad
MSZP-PM,2018-03-25,9.0,12.0,,https://hvg.hu/itthon/201814__medianfelmeres__erosodo_fidesz__nepszeru_kormany__rejtozo_ketharmad
Momentum,2018-03-25,2.0,2.0,,https://hvg.hu/itthon/201814__medianfelmeres__erosodo_fidesz__nepszeru_kormany__rejtozo_ketharmad
egyeb,2018-03-25,1.0,1.0,,https://hvg.hu/itthon/201814__medianfelmeres__erosodo_fidesz__nepszeru_kormany__rejtozo_ketharmad
nincs_partja,2018-03-25,23.0,,,https://hvg.hu/itthon/201814__medianfelmeres__erosodo_fidesz__nepszeru_kormany__rejtozo_ketharmad
DK,2018-05-25,5.0,6.0,7.0,https://hvg.hu/itthon/201823_medianfelmeres_gyozteshez_huzas
Egyutt,2018-05-25,1.0,1.0,0.0,https://hvg.hu/itthon/201823_medianfelmeres_gyozteshez_huzas
Fidesz,2018-05-25,41.0,55.0,59.0,https://hvg.hu/itthon/201823_medianfelmeres_gyozteshez_huzas
Jobbik,2018-05-25,13.0,17.0,16.0,https://hvg.hu/itthon/201823_medianfelmeres_gyozteshez_huzas
LMP,2018-05-25,3.0,4.0,3.0,https://hvg.hu/itthon/201823_medianfelmeres_gyozteshez_huzas
MKKP,2018-05-25,1.0,0.0,0.0,https://hvg.hu/itthon/201823_medianfelmeres_gyozteshez_huzas
MSZP-PM,2018-05-25,8.0,11.0,11.0,https://hvg.hu/itthon/201823_medianfelmeres_gyozteshez_huzas
Momentum,2018-05-25,3.0,3.0,4.0,https://hvg.hu/itthon/201823_medianfelmeres_gyozteshez_huzas
egyeb,2018-05-25,1.0,1.0,1.0,https://hvg.hu/itthon/201823_medianfelmeres_gyozteshez_huzas
nincs_partja,2018-05-25,25.0,,,https://hvg.hu/itthon/201823_medianfelmeres_gyozteshez_huzas
DK,2018-09-15,6.0,9.0,10.0,https://nyugatifeny.hu/2018/09/27/visszaesett-a-fidesz-kozben-a-dk-mar-beelozte-az-mszp-t-a-biztos-szavazok-kozott
Fidesz,2018-09-15,37.0,53.0,60.0,https://nyugatifeny.hu/2018/09/27/visszaesett-a-fidesz-kozben-a-dk-mar-beelozte-az-mszp-t-a-biztos-szavazok-kozott
Jobbik,2018-09-15,9.0,13.0,11.0,https://nyugatifeny.hu/2018/09/27/visszaesett-a-fidesz-kozben-a-dk-mar-beelozte-az-mszp-t-a-biztos-szavazok-kozott
LMP,2018-09-15,3.0,5.0,4.0,https://nyugatifeny.hu/2018/09/27/visszaesett-a-fidesz-kozben-a-dk-mar-beelozte-az-mszp-t-a-biztos-szavazok-kozott
MKKP,2018-09-15,1.0,2.0,1.0,https://nyugatifeny.hu/2018/09/27/visszaesett-a-fidesz-kozben-a-dk-mar-beelozte-az-mszp-t-a-biztos-szavazok-kozott
MSZP,2018-09-15,8.0,12.0,10.0,https://nyugatifeny.hu/2018/09/27/visszaesett-a-fidesz-kozben-a-dk-mar-beelozte-az-mszp-t-a-biztos-szavazok-kozott
MiHazank,2018-09-15,1.0,1.0,2.0,https://nyugatifeny.hu/2018/09/27/visszaesett-a-fidesz-kozben-a-dk-mar-beelozte-az-mszp-t-a-biztos-szavazok-kozott
Momentum,2018-09-15,2.0,3.0,2.0,https://nyugatifeny.hu/2018/09/27/visszaesett-a-fidesz-kozben-a-dk-mar-beelozte-az-mszp-t-a-biztos-szavazok-kozott
Parbeszed,2018-09-15,1.0,1.0,1.0,https://nyugatifeny.hu/2018/09/27/visszaesett-a-fidesz-kozben-a-dk-mar-beelozte-az-mszp-t-a-biztos-szavazok-kozott
egyeb,2018-09-15,1.0,1.0,1.0,https://nyugatifeny.hu/2018/09/27/visszaesett-a-fidesz-kozben-a-dk-mar-beelozte-az-mszp-t-a-biztos-szavazok-kozott
nincs_partja,2018-09-15,31.0,,,https://nyugatifeny.hu/2018/09/27/visszaesett-a-fidesz-kozben-a-dk-mar-beelozte-az-mszp-t-a-biztos-szavazok-kozott
DK,2018-10-15,5.0,7.0,9.0,https://hvg.hu/itthon/201845__partok_es_politikusok_nepszerusege__erosodo_fidesz__ingatagok
Fidesz,2018-10-15,45.0,61.0,63.0,https://hvg.hu/itthon/201845__partok_es_politikusok_nepszerusege__erosodo_fidesz__ingatagok
Jobbik,2018-10-15,8.0,11.0,11.0,https://hvg.hu/itthon/201845__partok_es_politikusok_nepszerusege__erosodo_fidesz__ingatagok
LMP,2018-10-15,2.0,3.0,2.0,https://hvg.hu/itthon/201845__partok_es_politikusok_nepszerusege__erosodo_fidesz__ingatagok
MKKP,2018-10-15,1.0,2.0,1.0,https://hvg.hu/itthon/201845__partok_es_politikusok_nepszerusege__erosodo_fidesz__ingatagok
MSZP,2018-10-15,6.0,8.0,8.0,https://hvg.hu/itthon/201845__partok_es_politikusok_nepszerusege__erosodo_fidesz__ingatagok
MiHazank,2018-10-15,1.0,1.0,1.0,https://hvg.hu/itthon/201845__partok_es_politikusok_nepszerusege__erosodo_fidesz__ingatagok
Momentum,2018-10-15,3.0,4.0,3.0,https://hvg.hu/itthon/201845__partok_es_politikusok_nepszerusege__erosodo_fidesz__ingatagok
Parbeszed,2018-10-15,1.0,1.0,1.0,https://hvg.hu/itthon/201845__partok_es_politikusok_nepszerusege__erosodo_fidesz__ingatagok
egyeb,2018-10-15,1.0,1.0,1.0,https://hvg.hu/itthon/201845__partok_es_politikusok_nepszerusege__erosodo_fidesz__ingatagok
nincs_partja,2018-10-15,27.0,,,https://hvg.hu/itthon/201845__partok_es_politikusok_nepszerusege__erosodo_fidesz__ingatagok
DK,2019-01-20,6.0,9.0,9.0,https://hvg.hu/itthon/20190206_Median_Felmillio_tamogatot_veszitett_el_a_Fidesz
Fidesz,2019-01-20,38.0,55.0,56.0,https://hvg.hu/itthon/20190206_Median_Felmillio_tamogatot_veszitett_el_a_Fidesz
Jobbik,2019-01-20,9.0,12.0,13.0,https://hvg.hu/itthon/20190206_Median_Felmillio_tamogatot_veszitett_el_a_Fidesz
LMP,2019-01-20,5.0,6.0,5.0,https://hvg.hu/itthon/20190206_Median_Felmillio_tamogatot_veszitett_el_a_Fidesz
MKKP,2019-01-20,1.0,2.0,0.0,https://hvg.hu/itthon/20190206_Median_Felmillio_tamogatot_veszitett_el_a_Fidesz
MSZP,2019-01-20,8.0,11.0,12.0,https://hvg.hu/itthon/20190206_Median_Felmillio_tamogatot_veszitett_el_a_Fidesz
MiHazank,2019-01-20,0.0,1.0,1.0,https://hvg.hu/itthon/20190206_Median_Felmillio_tamogatot_veszitett_el_a_Fidesz
Momentum,2019-01-20,2.0,3.0,3.0,https://hvg.hu/itthon/20190206_Median_Felmillio_tamogatot_veszitett_el_a_Fidesz
Parbeszed,2019-01-20,1.0,1.0,1.0,https://hvg.hu/itthon/20190206_Median_Felmillio_tamogatot_veszitett_el_a_Fidesz
nincs_partja,2019-01-20,30.0,,,https://hvg.hu/itthon/20190206_Median_Felmillio_tamogatot_veszitett_el_a_Fidesz
DK,2019-04-01,7.0,8.0,10.0,https://hvg.hu/itthon/20190417_Median_Az_MSZP_beerte_a_Jobbikot_a_Fidesz_ismet_erosodott
Fidesz,2019-04-01,41.0,53.0,56.0,https://hvg.hu/itthon/20190417_Median_Az_MSZP_beerte_a_Jobbikot_a_Fidesz_ismet_erosodott
Jobbik,2019-04-01,8.0,11.0,11.0,https://hvg.hu/itthon/20190417_Median_Az_MSZP_beerte_a_Jobbikot_a_Fidesz_ismet_erosodott
LMP,2019-04-01,5.0,7.0,6.0,https://hvg.hu/itthon/20190417_Median_Az_MSZP_beerte_a_Jobbikot_a_Fidesz_ismet_erosodott
MKKP,2019-04-01,1.0,2.0,1.0,https://hvg.hu/itthon/20190417_Median_Az_MSZP_beerte_a_Jobbikot_a_Fidesz_ismet_erosodott
MSZP,2019-04-01,8.0,11.0,11.0,https://hvg.hu/itthon/20190417_Median_Az_MSZP_beerte_a_Jobbikot_a_Fidesz_ismet_erosodott
Momentum,2019-04-01,4.0,5.0,3.0,https://hvg.hu/itthon/20190417_Median_Az_MSZP_beerte_a_Jobbikot_a_Fidesz_ismet_erosodott
Parbeszed,2019-04-01,0.0,1.0,1.0,https://hvg.hu/itthon/20190417_Median_Az_MSZP_beerte_a_Jobbikot_a_Fidesz_ismet_erosodott
egyeb,2019-04-01,2.0,2.0,1.0,https://hvg.hu/itthon/20190417_Median_Az_MSZP_beerte_a_Jobbikot_a_Fidesz_ismet_erosodott
nincs_partja,2019-04-01,24.0,,,https://hvg.hu/itthon/20190417_Median_Az_MSZP_beerte_a_Jobbikot_a_Fidesz_ismet_erosodott
DK,2019-05-16,7.0,9.0,10.0,https://hvg.hu/itthon/201921_mozdulnake
Fidesz,2019-05-16,39.0,54.0,55.0,https://hvg.hu/itthon/201921_mozdulnake
Jobbik,2019-05-16,8.0,12.0,12.0,https://hvg.hu/itthon/201921_mozdulnake
LMP,2019-05-16,3.0,4.0,4.0,https://hvg.hu/itthon/201921_mozdulnake
MKKP,2019-05-16,1.0,1.0,1.0,https://hvg.hu/itthon/201921_mozdulnake
MSZP-PM,2019-05-16,8.0,11.0,11.0,https://hvg.hu/itthon/201921_mozdulnake
MiHazank,2019-05-16,1.0,2.0,2.0,https://hvg.hu/itthon/201921_mozdulnake
Momentum,2019-05-16,4.0,5.0,5.0,https://hvg.hu/itthon/201921_mozdulnake
egyeb,2019-05-16,1.0,1.0,,https://hvg.hu/itthon/201921_mozdulnake
nincs_partja,2019-05-16,29.0,,,https://hvg.hu/itthon/201921_mozdulnake
DK,2019-07-01,11.0,15.0,17.0,https://hvg.hu/itthon/20190710_Median_Erosodott_a_DK_es_a_Momentum_az_LMP_szavazotabora_a_felere_csokkent
Fidesz,2019-07-01,40.0,53.0,57.0,https://hvg.hu/itthon/20190710_Median_Erosodott_a_DK_es_a_Momentum_az_LMP_szavazotabora_a_felere_csokkent
Jobbik,2019-07-01,6.0,8.0,8.0,https://hvg.hu/itthon/20190710_Median_Erosodott_a_DK_es_a_Momentum_az_LMP_szavazotabora_a_felere_csokkent
LMP,2019-07-01,3.0,4.0,2.0,https://hvg.hu/itthon/20190710_Median_Erosodott_a_DK_es_a_Momentum_az_LMP_szavazotabora_a_felere_csokkent
MKKP,2019-07-01,1.0,2.0,1.0,https://hvg.hu/itthon/20190710_Median_Erosodott_a_DK_es_a_Momentum_az_LMP_szavazotabora_a_felere_csokkent
MSZP,2019-07-01,6.0,8.0,7.0,https://hvg.hu/itthon/20190710_Median_Erosodott_a_DK_es_a_Momentum_az_LMP_szavazotabora_a_felere_csokkent
MiHazank,2019-07-01,1.0,2.0,1.0,https://hvg.hu/itthon/20190710_Median_Erosodott_a_DK_es_a_Momentum_az_LMP_szavazotabora_a_felere_csokkent
Momentum,2019-07-01,5.0,7.0,6.0,https://hvg.hu/itthon/20190710_Median_Erosodott_a_DK_es_a_Momentum_az_LMP_szavazotabora_a_felere_csokkent
Parbeszed,2019-07-01,1.0,1.0,1.0,https://hvg.hu/itthon/20190710_Median_Erosodott_a_DK_es_a_Momentum_az_LMP_szavazotabora_a_felere_csokkent
nincs_partja,2019-07-01,26.0,,,https://hvg.hu/itthon/20190710_Median_Erosodott_a_DK_es_a_Momentum_az_LMP_szavazotabora_a_felere_csokkent
DK,2019-10-15,9.0,12.0,14.0,https://hvg.hu/360/20191106_Borkai_felmeres_Median
Fidesz,2019-10-15,43.0,55.0,59.0,https://hvg.hu/360/20191106_Borkai_felmeres_Median
Jobbik,2019-10-15,6.0,8.0,6.0,https://hvg.hu/360/20191106_Borkai_felmeres_Median
LMP,2019-10-15,3.0,4.0,3.0,https://hvg.hu/360/20191106_Borkai_felmeres_Median
MKKP,2019-10-15,1.0,1.0,1.0,https://hvg.hu/360/20191106_Borkai_felmeres_Median
MSZP,2019-10-15,8.0,9.0,9.0,https://hvg.hu/360/20191106_Borkai_felmeres_Median
MiHazank,2019-10-15,1.0,2.0,1.0,https://hvg.hu/360/20191106_Borkai_felmeres_Median
Momentum,2019-10-15,6.0,8.0,6.0,https://hvg.hu/360/20191106_Borkai_felmeres_Median
egyeb,2019-10-15,1.0,1.0,1.0,https://hvg.hu/360/20191106_Borkai_felmeres_Median
nincs_partja,2019-10-15,22.0,,,https://hvg.hu/360/20191218_median_partpreferencia
DK,2019-12-01,8.0,12.0,11.0,https://hvg.hu/360/20191218_median_partpreferencia
Fidesz,2019-12-01,36.0,49.0,54.0,https://hvg.hu/360/20191218_median_partpreferencia
Jobbik,2019-12-01,8.0,12.0,10.0,https://hvg.hu/360/20191218_median_partpreferencia
LMP,2019-12-01,3.0,4.0,3.0,https://hvg.hu/360/20191218_median_partpreferencia
MKKP,2019-12-01,2.0,2.0,2.0,https://hvg.hu/360/20191218_median_partpreferencia
MSZP,2019-12-01,6.0,8.0,6.0,https://hvg.hu/360/20191218_median_partpreferencia
MiHazank,2019-12-01,2.0,3.0,3.0,https://hvg.hu/360/20191218_median_partpreferencia
Momentum,2019-12-01,6.0,9.0,10.0,https://hvg.hu/360/20191218_median_partpreferencia
Parbeszed,2019-12-01,1.0,1.0,1.0,https://hvg.hu/360/20191218_median_partpreferencia
nincs_partja,2019-12-01,28.0,,,https://hvg.hu/360/20191218_median_partpreferencia
DK,2020-02-15,9.0,12.0,13.0,https://hvg.hu/360/20200226_Median_Jon_vissza_a_Fidesz
Fidesz,2020-02-15,40.0,52.0,55.0,https://hvg.hu/360/20200226_Median_Jon_vissza_a_Fidesz
Jobbik,2020-02-15,8.0,11.0,11.0,https://hvg.hu/360/20200226_Median_Jon_vissza_a_Fidesz
LMP,2020-02-15,4.0,5.0,4.0,https://hvg.hu/360/20200226_Median_Jon_vissza_a_Fidesz
MKKP,2020-02-15,1.0,2.0,1.0,https://hvg.hu/360/20200226_Median_Jon_vissza_a_Fidesz
MSZP,2020-02-15,5.0,7.0,6.0,https://hvg.hu/360/20200226_Median_Jon_vissza_a_Fidesz
MiHazank,2020-02-15,1.0,1.0,1.0,https://hvg.hu/360/20200226_Median_Jon_vissza_a_Fidesz
Momentum,2020-02-15,6.0,8.0,7.0,https://hvg.hu/360/20200226_Median_Jon_vissza_a_Fidesz
Parbeszed,2020-02-15,1.0,1.0,1.0,https://hvg.hu/360/20200226_Median_Jon_vissza_a_Fidesz
egyeb,2020-02-15,1.0,1.0,1.0,https://hvg.hu/360/20200226_Median_Jon_vissza_a_Fidesz
nincs_partja,2020-02-15,24.0,,,https://hvg.hu/360/20200226_Median_Jon_vissza_a_Fidesz
DK,2020-06-01,6.0,9.0,10.0,https://hvg.hu/360/20200610_A_jarvany_enyhulesevel_erosodott_a_Fidesz_de_a_30_ev_alattiak_kozt_elverezne
Fidesz,2020-06-01,40.0,58.0,60.0,https://hvg.hu/360/20200610_A_jarvany_enyhulesevel_erosodott_a_Fidesz_de_a_30_ev_alattiak_kozt_elverezne
Jobbik,2020-06-01,6.0,8.0,7.0,https://hvg.hu/360/20200610_A_jarvany_enyhulesevel_erosodott_a_Fidesz_de_a_30_ev_alattiak_kozt_elverezne
LMP,2020-06-01,1.0,2.0,1.0,https://hvg.hu/360/20200610_A_jarvany_enyhulesevel_erosodott_a_Fidesz_de_a_30_ev_alattiak_kozt_elverezne
MKKP,2020-06-01,3.0,4.0,3.0,https://hvg.hu/360/20200610_A_jarvany_enyhulesevel_erosodott_a_Fidesz_de_a_30_ev_alattiak_kozt_elverezne
MSZP,2020-06-01,3.0,4.0,3.0,https://hvg.hu/360/20200610_A_jarvany_enyhulesevel_erosodott_a_Fidesz_de_a_30_ev_alattiak_kozt_elverezne
MiHazank,2020-06-01,2.0,2.0,2.0,https://hvg.hu/360/20200610_A_jarvany_enyhulesevel_erosodott_a_Fidesz_de_a_30_ev_alattiak_kozt_elverezne
Momentum,2020-06-01,6.0,9.0,11.0,https://hvg.hu/360/20200610_A_jarvany_enyhulesevel_erosodott_a_Fidesz_de_a_30_ev_alattiak_kozt_elverezne
Munkaspart,2020-06-01,1.0,1.0,1.0,https://hvg.hu/360/20200610_A_jarvany_enyhulesevel_erosodott_a_Fidesz_de_a_30_ev_alattiak_kozt_elverezne
Parbeszed,2020-06-01,1.0,1.0,1.0,https://hvg.hu/360/20200610_A_jarvany_enyhulesevel_erosodott_a_Fidesz_de_a_30_ev_alattiak_kozt_elverezne
egyeb,2020-06-01,1.0,1.0,1.0,https://hvg.hu/360/20200610_A_jarvany_enyhulesevel_erosodott_a_Fidesz_de_a_30_ev_alattiak_kozt_elverezne
nincs_partja,2020-06-01,30.0,,,https://hvg.hu/360/20200610_A_jarvany_enyhulesevel_erosodott_a_Fidesz_de_a_30_ev_alattiak_kozt_elverezne
DK,2020-11-30,6.0,10.0,11.0,https://hvg.hu/360/20201216_Median_kozhangulat_partpreferencia
Fidesz,2020-11-30,32.0,47.0,49.0,https://hvg.hu/360/20201216_Median_kozhangulat_partpreferencia
Jobbik,2020-11-30,10.0,14.0,10.0,https://hvg.hu/360/20201216_Median_kozhangulat_partpreferencia
LMP,2020-11-30,1.0,2.0,2.0,https://hvg.hu/360/20201216_Median_kozhangulat_partpreferencia
MKKP,2020-11-30,5.0,7.0,5.0,https://hvg.hu/360/20201216_Median_kozhangulat_partpreferencia
MSZP,2020-11-30,2.0,2.0,3.0,https://hvg.hu/360/20201216_Median_kozhangulat_partpreferencia
MiHazank,2020-11-30,2.0,3.0,3.0,https://hvg.hu/360/20201216_Median_kozhangulat_partpreferencia
Momentum,2020-11-30,8.0,11.0,13.0,https://hvg.hu/360/20201216_Median_kozhangulat_partpreferencia
Parbeszed,2020-11-30,1.0,1.0,1.0,https://hvg.hu/360/20201216_Median_kozhangulat_partpreferencia
egyeb,2020-11-30,1.0,3.0,3.0,https://hvg.hu/360/20201216_Median_kozhangulat_partpreferencia
nincs_partja,2020-11-30,32.0,,,https://hvg.hu/360/20201216_Median_kozhangulat_partpreferencia
DK,2021-02-01,5.0,,,https://hvg.hu/360/20210512_Median_Jarvanyban_eloz_a_Fidesz
Fidesz,2021-02-01,39.0,,,https://hvg.hu/360/20210512_Median_Jarvanyban_eloz_a_Fidesz
Jobbik,2021-02-01,7.0,,,https://hvg.hu/360/20210512_Median_Jarvanyban_eloz_a_Fidesz
LMP,2021-02-01,2.0,,,https://hvg.hu/360/20210512_Median_Jarvanyban_eloz_a_Fidesz
MKKP,2021-02-01,7.0,,,https://hvg.hu/360/20210512_Median_Jarvanyban_eloz_a_Fidesz
MSZP,2021-02-01,2.0,,,https://hvg.hu/360/20210512_Median_Jarvanyban_eloz_a_Fidesz
MiHazank,2021-02-01,3.0,,,https://hvg.hu/360/20210512_Median_Jarvanyban_eloz_a_Fidesz
Momentum,2021-02-01,7.0,,,https://hvg.hu/360/20210512_Median_Jarvanyban_eloz_a_Fidesz
Osszefogas2022,2021-02-01,30.0,,,https://hvg.hu/360/20210512_Median_Jarvanyban_eloz_a_Fidesz
Parbeszed,2021-02-01,1.0,,,https://hvg.hu/360/20210512_Median_Jarvanyban_eloz_a_Fidesz
egyeb,2021-02-01,2.0,,,https://hvg.hu/360/20210512_Median_Jarvanyban_eloz_a_Fidesz
nincs_partja,2021-02-01,21.0,,,https://hvg.hu/360/20210512_Median_Jarvanyban_eloz_a_Fidesz
DK,2021-04-20,7.0,,,https://hvg.hu/360/20210512_Median_Jarvanyban_eloz_a_Fidesz
Fidesz,2021-04-20,40.0,,,https://hvg.hu/360/20210512_Median_Jarvanyban_eloz_a_Fidesz
Jobbik,2021-04-20,11.0,,,https://hvg.hu/360/20210512_Median_Jarvanyban_eloz_a_Fidesz
LMP,2021-04-20,2.0,,,https://hvg.hu/360/20210512_Median_Jarvanyban_eloz_a_Fidesz
MKKP,2021-04-20,4.0,,,https://hvg.hu/360/20210512_Median_Jarvanyban_eloz_a_Fidesz
MSZP,2021-04-20,2.0,,,https://hvg.hu/360/20210512_Median_Jarvanyban_eloz_a_Fidesz
MiHazank,2021-04-20,2.0,,,https://hvg.hu/360/20210512_Median_Jarvanyban_eloz_a_Fidesz
Momentum,2021-04-20,8.0,,,https://hvg.hu/360/20210512_Median_Jarvanyban_eloz_a_Fidesz
Osszefogas2022,2021-04-20,36.0,,,https://hvg.hu/360/20210512_Median_Jarvanyban_eloz_a_Fidesz
Parbeszed,2021-04-20,1.0,,,https://hvg.hu/360/20210512_Median_Jarvanyban_eloz_a_Fidesz
egyeb,2021-04-20,1.0,,,https://hvg.hu/360/20210512_Median_Jarvanyban_eloz_a_Fidesz
nincs_partja,2021-04-20,18.0,,,https://hvg.hu/360/20210512_Median_Jarvanyban_eloz_a_Fidesz
DK,2021-06-06,7.0,,,https://hvg.hu/360/20210623_Median_Stabilizacio
Fidesz,2021-06-06,39.0,49.0,50.0,https://hvg.hu/360/20210623_Median_Stabilizacio
Jobbik,2021-06-06,12.0,,,https://hvg.hu/360/20210623_Median_Stabilizacio
LMP,2021-06-06,2.0,,,https://hvg.hu/360/20210623_Median_Stabilizacio
MKKP,2021-06-06,4.0,5.0,4.0,https://hvg.hu/360/20210623_Median_Stabilizacio
MSZP,2021-06-06,1.0,,,https://hvg.hu/360/20210623_Median_Stabilizacio
MiHazank,2021-06-06,4.0,5.0,4.0,https://hvg.hu/360/20210623_Median_Stabilizacio
Momentum,2021-06-06,5.0,,,https://hvg.hu/360/20210623_Median_Stabilizacio
Osszefogas2022,2021-06-06,33.0,41.0,42.0,https://hvg.hu/360/20210623_Median_Stabilizacio
Parbeszed,2021-06-06,1.0,,,https://hvg.hu/360/20210623_Median_Stabilizacio
egyeb,2021-06-06,1.0,,,https://hvg.hu/360/20210623_Median_Stabilizacio
nincs_partja,2021-06-06,20.0,,,https://hvg.hu/360/20210623_Median_Stabilizacio
DK,2021-10-01,11.0,13.0,14.0,https://hvg.hu/360/20211013_Partos_partatlan_Valasztasi_szonda
Fidesz,2021-10-01,37.0,44.0,44.0,https://hvg.hu/360/20211013_Partos_partatlan_Valasztasi_szonda
Jobbik,2021-10-01,11.0,13.0,13.0,https://hvg.hu/360/20211013_Partos_partatlan_Valasztasi_szonda
LMP,2021-10-01,3.0,3.0,2.0,https://hvg.hu/360/20211013_Partos_partatlan_Valasztasi_szonda
MKKP,2021-10-01,5.0,6.0,5.0,https://hvg.hu/360/20211013_Partos_partatlan_Valasztasi_szonda
MMN,2021-10-01,2.0,2.0,2.0,https://hvg.hu/360/20211013_Partos_partatlan_Valasztasi_szonda
MSZP,2021-10-01,2.0,2.0,3.0,https://hvg.hu/360/20211013_Partos_partatlan_Valasztasi_szonda
MiHazank,2021-10-01,4.0,5.0,4.0,https://hvg.hu/360/20211013_Partos_partatlan_Valasztasi_szonda
Momentum,2021-10-01,6.0,7.0,7.0,https://hvg.hu/360/20211013_Partos_partatlan_Valasztasi_szonda
Osszefogas2022,2021-10-01,37.0,45.0,47.0,https://hvg.hu/360/20211013_Partos_partatlan_Valasztasi_szonda
Parbeszed,2021-10-01,2.0,2.0,3.0,https://hvg.hu/360/20211013_Partos_partatlan_Valasztasi_szonda
UjVilagNeppart,2021-10-01,1.0,1.0,1.0,https://hvg.hu/360/20211013_Partos_partatlan_Valasztasi_szonda
nincs_partja,2021-10-01,17.0,,,https://hvg.hu/360/20211013_Partos_partatlan_Valasztasi_szonda
Fidesz,2021-12-15,39.0,45.0,44.0,https://hvg.hu/360/20211229_Median_Az_emberek_ketharmada_Orban_maradasara_szamit
MKKP,2021-12-15,7.0,8.0,6.0,https://hvg.hu/360/20211229_Median_Az_emberek_ketharmada_Orban_maradasara_szamit
MiHazank,2021-12-15,7.0,7.0,5.0,https://hvg.hu/360/20211229_Median_Az_emberek_ketharmada_Orban_maradasara_szamit
Osszefogas2022,2021-12-15,34.0,40.0,45.0,https://hvg.hu/360/20211229_Median_Az_emberek_ketharmada_Orban_maradasara_szamit
nincs_partja,2021-12-15,13.0,,,https://hvg.hu/360/20211229_Median_Az_emberek_ketharmada_Orban_maradasara_szamit
Fidesz,2022-02-24,39.0,50.0,49.0,https://hvg.hu/360/20220302_Median_felmeres_kozvelemenykutatas
MKKP,2022-02-24,3.0,3.0,3.0,https://hvg.hu/360/20220302_Median_felmeres_kozvelemenykutatas
MiHazank,2022-02-24,4.0,5.0,4.0,https://hvg.hu/360/20220302_Median_felmeres_kozvelemenykutatas
Osszefogas2022,2022-02-24,32.0,40.0,43.0,https://hvg.hu/360/20220302_Median_felmeres_kozvelemenykutatas
egyeb,2022-02-24,1.0,1.0,,https://hvg.hu/360/20220302_Median_felmeres_kozvelemenykutatas
nincs_partja,2022-02-24,20.0,,,https://hvg.hu/360/20220302_Median_felmeres_kozvelemenykutatas
Fidesz,2022-03-25,40.0,50.0,,https://hvg.hu/360/20220330_Median_valasztas_2022_Fidesz_ellenzek_mandatumbecsles_kozvelemeny
MKKP,2022-03-25,4.0,4.0,,https://hvg.hu/360/20220330_Median_valasztas_2022_Fidesz_ellenzek_mandatumbecsles_kozvelemeny
MiHazank,2022-03-25,3.0,4.0,,https://hvg.hu/360/20220330_Median_valasztas_2022_Fidesz_ellenzek_mandatumbecsles_kozvelemeny
Osszefogas2022,2022-03-25,32.0,40.0,,https://hvg.hu/360/20220330_Median_valasztas_2022_Fidesz_ellenzek_mandatumbecsles_kozvelemeny
egyeb,2022-03-25,1.0,2.0,,https://hvg.hu/360/20220330_Median_valasztas_2022_Fidesz_ellenzek_mandatumbecsles_kozvelemeny
nincs_partja,2022-03-25,20.0,,,https://hvg.hu/360/20220330_Median_valasztas_2022_Fidesz_ellenzek_mandatumbecsles_kozvelemeny
DK,2022-04-30,7.0,8.0,7.0,https://hvg.hu/360/20220511_Az_emlek_mas
Fidesz,2022-04-30,48.0,57.0,60.0,https://hvg.hu/360/20220511_Az_emlek_mas
Jobbik,2022-04-30,3.0,4.0,3.0,https://hvg.hu/360/20220511_Az_emlek_mas
LMP,2022-04-30,1.0,2.0,1.0,https://hvg.hu/360/20220511_Az_emlek_mas
MKKP,2022-04-30,5.0,6.0,6.0,https://hvg.hu/360/20220511_Az_emlek_mas
MMN,2022-04-30,3.0,3.0,3.0,https://hvg.hu/360/20220511_Az_emlek_mas
MSZP,2022-04-30,2.0,2.0,2.0,https://hvg.hu/360/20220511_Az_emlek_mas
MiHazank,2022-04-30,8.0,9.0,7.0,https://hvg.hu/360/20220511_Az_emlek_mas
Momentum,2022-04-30,6.0,7.0,8.0,https://hvg.hu/360/20220511_Az_emlek_mas
Parbeszed,2022-04-30,1.0,1.0,1.0,https://hvg.hu/360/20220511_Az_emlek_mas
egyeb,2022-04-30,1.0,1.0,1.0,https://hvg.hu/360/20220511_Az_emlek_mas
nincs_partja,2022-04-30,15.0,,,https://hvg.hu/360/20220511_Az_emlek_mas
ANepPartjan,2022-10-18,2.0,2.0,2.0,https://hvg.hu/360/20221102_Sok_kicsi_kevesre_megy
DK,2022-10-18,9.0,12.0,13.0,https://hvg.hu/360/20221102_Sok_kicsi_kevesre_megy
Fidesz,2022-10-18,39.0,51.0,54.0,https://hvg.hu/360/20221102_Sok_kicsi_kevesre_megy
Jobbik,2022-10-18,2.0,3.0,3.0,https://hvg.hu/360/20221102_Sok_kicsi_kevesre_megy
LMP,2022-10-18,2.0,2.0,2.0,https://hvg.hu/360/20221102_Sok_kicsi_kevesre_megy
MKKP,2022-10-18,7.0,9.0,8.0,https://hvg.hu/360/20221102_Sok_kicsi_kevesre_megy
MMN,2022-10-18,2.0,3.0,3.0,https://hvg.hu/360/20221102_Sok_kicsi_kevesre_megy
MSZP,2022-10-18,1.0,1.0,1.0,https://hvg.hu/360/20221102_Sok_kicsi_kevesre_megy
MiHazank,2022-10-18,7.0,9.0,8.0,https://hvg.hu/360/20221102_Sok_kicsi_kevesre_megy
Momentum,2022-10-18,5.0,7.0,7.0,https://hvg.hu/360/20221102_Sok_kicsi_kevesre_megy
Parbeszed,2022-10-18,1.0,1.0,1.0,https://hvg.hu/360/20221102_Sok_kicsi_kevesre_megy
egyeb,2022-10-18,1.0,,,https://hvg.hu/360/20221102_Sok_kicsi_kevesre_megy
nincs_partja,2022-10-18,23.0,,,https://hvg.hu/360/20221102_Sok_kicsi_kevesre_megy
ANepPartjan,2022-12-15,1.0,2.0,2.0,https://hvg.hu/360/20230104_Nincs_ok_unneplesre
DK,2022-12-15,8.0,11.0,12.0,https://hvg.hu/360/20230104_Nincs_ok_unneplesre
Fidesz,2022-12-15,32.0,47.0,50.0,https://hvg.hu/360/20230104_Nincs_ok_unneplesre
Jobbik,2022-12-15,4.0,6.0,5.0,https://hvg.hu/360/20230104_Nincs_ok_unneplesre
LMP,2022-12-15,1.0,,2.0,https://hvg.hu/360/20230104_Nincs_ok_unneplesre
MKKP,2022-12-15,6.0,9.0,7.0,https://hvg.hu/360/20230104_Nincs_ok_unneplesre
MMN,2022-12-15,2.0,3.0,3.0,https://hvg.hu/360/20230104_Nincs_ok_unneplesre
MSZP,2022-12-15,1.0,2.0,2.0,https://hvg.hu/360/20230104_Nincs_ok_unneplesre
MiHazank,2022-12-15,7.0,9.0,8.0,https://hvg.hu/360/20230104_Nincs_ok_unneplesre
Momentum,2022-12-15,6.0,9.0,8.0,https://hvg.hu/360/20230104_Nincs_ok_unneplesre
Parbeszed,2022-12-15,1.0,1.0,,https://hvg.hu/360/20230104_Nincs_ok_unneplesre
egyeb,2022-12-15,1.0,,,https://hvg.hu/360/20230104_Nincs_ok_unneplesre
nincs_partja,2022-12-15,30.0,,,https://hvg.hu/360/20230104_Nincs_ok_unneplesre
ANepPartjan,2023-02-24,1.0,1.0,1.0,https://hvg.hu/360/20230308_Median_Kutyafuttatas
DK,2023-02-24,9.0,13.0,14.0,https://hvg.hu/360/20230308_Median_Kutyafuttatas
Fidesz,2023-02-24,35.0,49.0,51.0,https://hvg.hu/360/20230308_Median_Kutyafuttatas
Jobbik,2023-02-24,4.0,5.0,5.0,https://hvg.hu/360/20230308_Median_Kutyafuttatas
LMP,2023-02-24,1.0,2.0,2.0,https://hvg.hu/360/20230308_Median_Kutyafuttatas
MKKP,2023-02-24,7.0,9.0,6.0,https://hvg.hu/360/20230308_Median_Kutyafuttatas
MMN,2023-02-24,2.0,2.0,2.0,https://hvg.hu/360/20230308_Median_Kutyafuttatas
MSZP,2023-02-24,1.0,2.0,1.0,https://hvg.hu/360/20230308_Median_Kutyafuttatas
MiHazank,2023-02-24,5.0,6.0,6.0,https://hvg.hu/360/20230308_Median_Kutyafuttatas
Momentum,2023-02-24,6.0,9.0,9.0,https://hvg.hu/360/20230308_Median_Kutyafuttatas
Parbeszed,2023-02-24,1.0,1.0,2.0,https://hvg.hu/360/20230308_Median_Kutyafuttatas
egyeb,2023-02-24,1.0,1.0,1.0,https://hvg.hu/360/20230308_Median_Kutyafuttatas
nincs_partja,2023-02-24,27.0,,,https://hvg.hu/360/20230308_Median_Kutyafuttatas
ANepPartjan,2023-05-29,1.0,2.0,2.0,https://hvg.hu/360/20230615_hvg_median_kozvelemeny_kutatas_fidesz_ellenzek_gazdasagi_valsag_EU
DK,2023-05-29,9.0,13.0,14.0,https://hvg.hu/360/20230615_hvg_median_kozvelemeny_kutatas_fidesz_ellenzek_gazdasagi_valsag_EU
Fidesz,2023-05-29,32.0,45.0,49.0,https://hvg.hu/360/20230615_hvg_median_kozvelemeny_kutatas_fidesz_ellenzek_gazdasagi_valsag_EU
Jobbik,2023-05-29,4.0,6.0,4.0,https://hvg.hu/360/20230615_hvg_median_kozvelemeny_kutatas_fidesz_ellenzek_gazdasagi_valsag_EU
LMP,2023-05-29,2.0,3.0,3.0,https://hvg.hu/360/20230615_hvg_median_kozvelemeny_kutatas_fidesz_ellenzek_gazdasagi_valsag_EU
MKKP,2023-05-29,8.0,12.0,9.0,https://hvg.hu/360/20230615_hvg_median_kozvelemeny_kutatas_fidesz_ellenzek_gazdasagi_valsag_EU
MMN,2023-05-29,2.0,2.0,2.0,https://hvg.hu/360/20230615_hvg_median_kozvelemeny_kutatas_fidesz_ellenzek_gazdasagi_valsag_EU
MSZP,2023-05-29,1.0,1.0,1.0,https://hvg.hu/360/20230615_hvg_median_kozvelemeny_kutatas_fidesz_ellenzek_gazdasagi_valsag_EU
MiHazank,2023-05-29,6.0,8.0,7.0,https://hvg.hu/360/20230615_hvg_median_kozvelemeny_kutatas_fidesz_ellenzek_gazdasagi_valsag_EU
Momentum,2023-05-29,5.0,7.0,8.0,https://hvg.hu/360/20230615_hvg_median_kozvelemeny_kutatas_fidesz_ellenzek_gazdasagi_valsag_EU
Parbeszed,2023-05-29,1.0,1.0,1.0,https://hvg.hu/360/20230615_hvg_median_kozvelemeny_kutatas_fidesz_ellenzek_gazdasagi_valsag_EU
nincs_partja,2023-05-29,29.0,,,https://hvg.hu/360/20230615_hvg_median_kozvelemeny_kutatas_fidesz_ellenzek_gazdasagi_valsag_EU
2RK,2023-09-25,1.0,2.0,2.0,https://hvg.hu/360/20231004_Median_partok_partpreferenciak_kozvelemenykutatas_onkormanyzati_valasztasok_EPvalasztas
ANepPartjan,2023-09-25,3.0,5.0,5.0,https://hvg.hu/360/20231004_Median_partok_partpreferenciak_kozvelemenykutatas_onkormanyzati_valasztasok_EPvalasztas
DK,2023-09-25,7.0,10.0,12.0,https://hvg.hu/360/20231004_Median_partok_partpreferenciak_kozvelemenykutatas_onkormanyzati_valasztasok_EPvalasztas
Fidesz,2023-09-25,30.0,45.0,46.0,https://hvg.hu/360/20231004_Median_partok_partpreferenciak_kozvelemenykutatas_onkormanyzati_valasztasok_EPvalasztas
Jobbik,2023-09-25,4.0,6.0,5.0,https://hvg.hu/360/20231004_Median_partok_partpreferenciak_kozvelemenykutatas_onkormanyzati_valasztasok_EPvalasztas
LMP,2023-09-25,1.0,2.0,1.0,https://hvg.hu/360/20231004_Median_partok_partpreferenciak_kozvelemenykutatas_onkormanyzati_valasztasok_EPvalasztas
MKKP,2023-09-25,6.0,9.0,7.0,https://hvg.hu/360/20231004_Median_partok_partpreferenciak_kozvelemenykutatas_onkormanyzati_valasztasok_EPvalasztas
MMN,2023-09-25,2.0,2.0,3.0,https://hvg.hu/360/20231004_Median_partok_partpreferenciak_kozvelemenykutatas_onkormanyzati_valasztasok_EPvalasztas
MSZP,2023-09-25,1.0,2.0,2.0,https://hvg.hu/360/20231004_Median_partok_partpreferenciak_kozvelemenykutatas_onkormanyzati_valasztasok_EPvalasztas
MiHazank,2023-09-25,7.0,10.0,10.0,https://hvg.hu/360/20231004_Median_partok_partpreferenciak_kozvelemenykutatas_onkormanyzati_valasztasok_EPvalasztas
Momentum,2023-09-25,4.0,6.0,6.0,https://hvg.hu/360/20231004_Median_partok_partpreferenciak_kozvelemenykutatas_onkormanyzati_valasztasok_EPvalasztas
Parbeszed,2023-09-25,,1.0,1.0,https://hvg.hu/360/20231004_Median_partok_partpreferenciak_kozvelemenykutatas_onkormanyzati_valasztasok_EPvalasztas
nincs_partja,2023-09-25,34.0,,,https://hvg.hu/360/20231004_Median_partok_partpreferenciak_kozvelemenykutatas_onkormanyzati_valasztasok_EPvalasztas
2RK,2024-01-10,1.0,2.0,2.0,https://hvg.hu/360/20240124_hvg_onkormanyzati_valasztas_median_fidesz_ellenzek_momentum_dk_kozvelemenykutatas_epvalasztas
ANepPartjan,2024-01-10,2.0,3.0,3.0,https://hvg.hu/360/20240124_hvg_onkormanyzati_valasztas_median_fidesz_ellenzek_momentum_dk_kozvelemenykutatas_epvalasztas
DK,2024-01-10,6.0,10.0,11.0,https://hvg.hu/360/20240124_hvg_onkormanyzati_valasztas_median_fidesz_ellenzek_momentum_dk_kozvelemenykutatas_epvalasztas
Fidesz,2024-01-10,32.0,51.0,53.0,https://hvg.hu/360/20240124_hvg_onkormanyzati_valasztas_median_fidesz_ellenzek_momentum_dk_kozvelemenykutatas_epvalasztas
Jobbik,2024-01-10,4.0,6.0,5.0,https://hvg.hu/360/20240124_hvg_onkormanyzati_valasztas_median_fidesz_ellenzek_momentum_dk_kozvelemenykutatas_epvalasztas
LMP,2024-01-10,1.0,1.0,1.0,https://hvg.hu/360/20240124_hvg_onkormanyzati_valasztas_median_fidesz_ellenzek_momentum_dk_kozvelemenykutatas_epvalasztas
MKKP,2024-01-10,5.0,9.0,6.0,https://hvg.hu/360/20240124_hvg_onkormanyzati_valasztas_median_fidesz_ellenzek_momentum_dk_kozvelemenykutatas_epvalasztas
MMN,2024-01-10,1.0,1.0,1.0,https://hvg.hu/360/20240124_hvg_onkormanyzati_valasztas_median_fidesz_ellenzek_momentum_dk_kozvelemenykutatas_epvalasztas
MSZP,2024-01-10,1.0,2.0,2.0,https://hvg.hu/360/20240124_hvg_onkormanyzati_valasztas_median_fidesz_ellenzek_momentum_dk_kozvelemenykutatas_epvalasztas
MiHazank,2024-01-10,5.0,8.0,8.0,https://hvg.hu/360/20240124_hvg_onkormanyzati_valasztas_median_fidesz_ellenzek_momentum_dk_kozvelemenykutatas_epvalasztas
Momentum,2024-01-10,4.0,6.0,7.0,https://hvg.hu/360/20240124_hvg_onkormanyzati_valasztas_median_fidesz_ellenzek_momentum_dk_kozvelemenykutatas_epvalasztas
Parbeszed,2024-01-10,1.0,1.0,1.0,https://hvg.hu/360/20240124_hvg_onkormanyzati_valasztas_median_fidesz_ellenzek_momentum_dk_kozvelemenykutatas_epvalasztas
egyeb,2024-01-10,1.0,,,https://hvg.hu/360/20240124_hvg_onkormanyzati_valasztas_median_fidesz_ellenzek_momentum_dk_kozvelemenykutatas_epvalasztas
nincs_partja,2024-01-10,36.0,,,https://hvg.hu/360/20240124_hvg_onkormanyzati_valasztas_median_fidesz_ellenzek_momentum_dk_kozvelemenykutatas_epvalasztas
2RK,2024-03-01,2.0,3.0,3.0,https://hvg.hu/360/20240313_median
ANepPartjan,2024-03-01,2.0,3.0,2.0,https://hvg.hu/360/20240313_median
DK,2024-03-01,8.0,11.0,12.0,https://hvg.hu/360/20240313_median
Fidesz,2024-03-01,32.0,45.0,46.0,https://hvg.hu/360/20240313_median
Jobbik,2024-03-01,2.0,3.0,3.0,https://hvg.hu/360/20240313_median
LMP,2024-03-01,1.0,1.0,1.0,https://hvg.hu/360/20240313_median
MKKP,2024-03-01,8.0,11.0,11.0,https://hvg.hu/360/20240313_median
MMN,2024-03-01,2.0,3.0,3.0,https://hvg.hu/360/20240313_median
MSZP,2024-03-01,2.0,2.0,1.0,https://hvg.hu/360/20240313_median
MiHazank,2024-03-01,6.0,9.0,8.0,https://hvg.hu/360/20240313_median
Momentum,2024-03-01,5.0,7.0,8.0,https://hvg.hu/360/20240313_median
Parbeszed,2024-03-01,1.0,1.0,1.0,https://hvg.hu/360/20240313_median
nincs_partja,2024-03-01,29.0,,,https://hvg.hu/360/20240313_median
2RK,2024-04-27,1.0,1.0,1.0,https://hvg.hu/360/20240430_hvg-median-ep-onkormanyzati-valasztas-magyar-peter-tisza-part-fidesz-ellenzek
ANepPartjan,2024-04-27,1.0,2.0,1.0,https://hvg.hu/360/20240430_hvg-median-ep-onkormanyzati-valasztas-magyar-peter-tisza-part-fidesz-ellenzek
DK-MSZP-PM,2024-04-27,6.0,8.0,9.0,https://hvg.hu/360/20240430_hvg-median-ep-onkormanyzati-valasztas-magyar-peter-tisza-part-fidesz-ellenzek
Fidesz,2024-04-27,32.0,45.0,46.0,https://hvg.hu/360/20240430_hvg-median-ep-onkormanyzati-valasztas-magyar-peter-tisza-part-fidesz-ellenzek
Jobbik,2024-04-27,1.0,1.0,1.0,https://hvg.hu/360/20240430_hvg-median-ep-onkormanyzati-valasztas-magyar-peter-tisza-part-fidesz-ellenzek
LMP,2024-04-27,1.0,1.0,1.0,https://hvg.hu/360/20240430_hvg-median-ep-onkormanyzati-valasztas-magyar-peter-tisza-part-fidesz-ellenzek
MKKP,2024-04-27,5.0,7.0,6.0,https://hvg.hu/360/20240430_hvg-median-ep-onkormanyzati-valasztas-magyar-peter-tisza-part-fidesz-ellenzek
MMN,2024-04-27,1.0,2.0,2.0,https://hvg.hu/360/20240430_hvg-median-ep-onkormanyzati-valasztas-magyar-peter-tisza-part-fidesz-ellenzek
MiHazank,2024-04-27,4.0,6.0,4.0,https://hvg.hu/360/20240430_hvg-median-ep-onkormanyzati-valasztas-magyar-peter-tisza-part-fidesz-ellenzek
Momentum,2024-04-27,3.0,4.0,5.0,https://hvg.hu/360/20240430_hvg-median-ep-onkormanyzati-valasztas-magyar-peter-tisza-part-fidesz-ellenzek
Tisza,2024-04-27,16.0,22.0,24.0,https://hvg.hu/360/20240430_hvg-median-ep-onkormanyzati-valasztas-magyar-peter-tisza-part-fidesz-ellenzek
egyeb,2024-04-27,1.0,1.0,0.0,https://hvg.hu/360/20240430_hvg-median-ep-onkormanyzati-valasztas-magyar-peter-tisza-part-fidesz-ellenzek
2RK,2024-05-28,1.0,1.0,1.0,https://hvg.hu/itthon/20240530_median-a-tisza-tovabb-erosodott-de-a-fidesz-is
DK-MSZP-PM,2024-05-28,4.0,6.0,7.0,https://hvg.hu/itthon/20240530_median-a-tisza-tovabb-erosodott-de-a-fidesz-is
Fidesz,2024-05-28,32.0,46.0,48.0,https://hvg.hu/itthon/20240530_median-a-tisza-tovabb-erosodott-de-a-fidesz-is
Jobbik,2024-05-28,1.0,2.0,1.0,https://hvg.hu/itthon/20240530_median-a-tisza-tovabb-erosodott-de-a-fidesz-is
MKKP,2024-05-28,3.0,4.0,2.0,https://hvg.hu/itthon/20240530_median-a-tisza-tovabb-erosodott-de-a-fidesz-is
MMN,2024-05-28,1.0,1.0,1.0,https://hvg.hu/itthon/20240530_median-a-tisza-tovabb-erosodott-de-a-fidesz-is
MiHazank,2024-05-28,4.0,6.0,6.0,https://hvg.hu/itthon/20240530_median-a-tisza-tovabb-erosodott-de-a-fidesz-is
Momentum,2024-05-28,4.0,5.0,5.0,https://hvg.hu/itthon/20240530_median-a-tisza-tovabb-erosodott-de-a-fidesz-is
Tisza,2024-05-28,19.0,27.0,29.0,https://hvg.hu/itthon/20240530_median-a-tisza-tovabb-erosodott-de-a-fidesz-is
egyeb,2024-05-28,,1.0,,https://hvg.hu/itthon/20240530_median-a-tisza-tovabb-erosodott-de-a-fidesz-is
nincs_partja,2024-05-28,31.0,,,https://hvg.hu/itthon/20240530_median-a-tisza-tovabb-erosodott-de-a-fidesz-is
2RK,2024-06-02,1.0,1.0,1.0,https://hvg.hu/itthon/20240607_median-az-europai-parlamenti-valasztas-biztos-magyarorszagi-gyoztese-a-fidesz-kdnp
DK-MSZP-PM,2024-06-02,7.0,9.0,9.0,https://hvg.hu/itthon/20240607_median-az-europai-parlamenti-valasztas-biztos-magyarorszagi-gyoztese-a-fidesz-kdnp
Fidesz,2024-06-02,35.0,49.0,50.0,https://hvg.hu/itthon/20240607_median-az-europai-parlamenti-valasztas-biztos-magyarorszagi-gyoztese-a-fidesz-kdnp
Jobbik,2024-06-02,,,1.0,https://hvg.hu/itthon/20240607_median-az-europai-parlamenti-valasztas-biztos-magyarorszagi-gyoztese-a-fidesz-kdnp
MKKP,2024-06-02,3.0,5.0,4.0,https://hvg.hu/itthon/20240607_median-az-europai-parlamenti-valasztas-biztos-magyarorszagi-gyoztese-a-fidesz-kdnp
MMN,2024-06-02,1.0,1.0,,https://hvg.hu/itthon/20240607_median-az-europai-parlamenti-valasztas-biztos-magyarorszagi-gyoztese-a-fidesz-kdnp
MiHazank,2024-06-02,3.0,5.0,5.0,https://hvg.hu/itthon/20240607_median-az-europai-parlamenti-valasztas-biztos-magyarorszagi-gyoztese-a-fidesz-kdnp
Momentum,2024-06-02,2.0,3.0,3.0,https://hvg.hu/itthon/20240607_median-az-europai-parlamenti-valasztas-biztos-magyarorszagi-gyoztese-a-fidesz-kdnp
Tisza,2024-06-02,19.0,26.0,27.0,https://hvg.hu/itthon/20240607_median-az-europai-parlamenti-valasztas-biztos-magyarorszagi-gyoztese-a-fidesz-kdnp
egyeb,2024-06-02,,1.0,,https://hvg.hu/itthon/20240607_median-az-europai-parlamenti-valasztas-biztos-magyarorszagi-gyoztese-a-fidesz-kdnp
nincs_partja,2024-06-02,29.0,,,https://hvg.hu/itthon/20240607_median-az-europai-parlamenti-valasztas-biztos-magyarorszagi-gyoztese-a-fidesz-kdnp
DK-MSZP-PM,2024-07-01,6.0,8.0,9.0,https://hvg.hu/360/20240718_hvg-median-ep-valasztas-fidesz-tisza-dk-gyurcsany
Fidesz,2024-07-01,32.0,43.0,43.0,https://hvg.hu/360/20240718_hvg-median-ep-valasztas-fidesz-tisza-dk-gyurcsany
MKKP,2024-07-01,4.0,6.0,5.0,https://hvg.hu/360/20240718_hvg-median-ep-valasztas-fidesz-tisza-dk-gyurcsany
MiHazank,2024-07-01,6.0,8.0,7.0,https://hvg.hu/360/20240718_hvg-median-ep-valasztas-fidesz-tisza-dk-gyurcsany
Momentum,2024-07-01,2.0,3.0,3.0,https://hvg.hu/360/20240718_hvg-median-ep-valasztas-fidesz-tisza-dk-gyurcsany
Tisza,2024-07-01,21.0,29.0,31.0,https://hvg.hu/360/20240718_hvg-median-ep-valasztas-fidesz-tisza-dk-gyurcsany
egyeb,2024-07-01,2.0,3.0,2.0,https://hvg.hu/360/20240718_hvg-median-ep-valasztas-fidesz-tisza-dk-gyurcsany
nincs_partja,2024-07-01,27.0,,,https://hvg.hu/360/20240718_hvg-median-ep-valasztas-fidesz-tisza-dk-gyurcsany
DK,2024-09-07,2.0,3.0,3.0,https://hvg.hu/360/20240911_Median-meres-Gyorsabban-fogy-a-Fidesz-elonye-mint-Orban-Viktor-Tisza-Magyar-Peter-DK
Fidesz,2024-09-07,30.0,43.0,43.0,https://hvg.hu/360/20240911_Median-meres-Gyorsabban-fogy-a-Fidesz-elonye-mint-Orban-Viktor-Tisza-Magyar-Peter-DK
Jobbik,2024-09-07,2.0,2.0,2.0,https://hvg.hu/360/20240911_Median-meres-Gyorsabban-fogy-a-Fidesz-elonye-mint-Orban-Viktor-Tisza-Magyar-Peter-DK
MKKP,2024-09-07,4.0,5.0,3.0,https://hvg.hu/360/20240911_Median-meres-Gyorsabban-fogy-a-Fidesz-elonye-mint-Orban-Viktor-Tisza-Magyar-Peter-DK
MiHazank,2024-09-07,4.0,5.0,4.0,https://hvg.hu/360/20240911_Median-meres-Gyorsabban-fogy-a-Fidesz-elonye-mint-Orban-Viktor-Tisza-Magyar-Peter-DK
Momentum,2024-09-07,1.0,2.0,2.0,https://hvg.hu/360/20240911_Median-meres-Gyorsabban-fogy-a-Fidesz-elonye-mint-Orban-Viktor-Tisza-Magyar-Peter-DK
Tisza,2024-09-07,25.0,36.0,39.0,https://hvg.hu/360/20240911_Median-meres-Gyorsabban-fogy-a-Fidesz-elonye-mint-Orban-Viktor-Tisza-Magyar-Peter-DK
egyeb,2024-09-07,2.0,4.0,4.0,https://hvg.hu/360/20240911_Median-meres-Gyorsabban-fogy-a-Fidesz-elonye-mint-Orban-Viktor-Tisza-Magyar-Peter-DK
nincs_partja,2024-09-07,30.0,,,https://hvg.hu/360/20240911_Median-meres-Gyorsabban-fogy-a-Fidesz-elonye-mint-Orban-Viktor-Tisza-Magyar-Peter-DK
DK,2024-10-31,2.0,3.0,3.0,https://hvg.hu/360/20241105_Median-kozvelemeny-kutatas-partpreferenciak-Fidesz-Tisza
Fidesz,2024-10-31,32.0,39.0,39.0,https://hvg.hu/360/20241105_Median-kozvelemeny-kutatas-partpreferenciak-Fidesz-Tisza
Jobbik,2024-10-31,1.0,2.0,1.0,https://hvg.hu/360/20241105_Median-kozvelemeny-kutatas-partpreferenciak-Fidesz-Tisza
MKKP,2024-10-31,3.0,4.0,3.0,https://hvg.hu/360/20241105_Median-kozvelemeny-kutatas-partpreferenciak-Fidesz-Tisza
MSZP,2024-10-31,1.0,1.0,1.0,https://hvg.hu/360/20241105_Median-kozvelemeny-kutatas-partpreferenciak-Fidesz-Tisza
MiHazank,2024-10-31,5.0,5.0,6.0,https://hvg.hu/360/20241105_Median-kozvelemeny-kutatas-partpreferenciak-Fidesz-Tisza
Momentum,2024-10-31,1.0,1.0,1.0,https://hvg.hu/360/20241105_Median-kozvelemeny-kutatas-partpreferenciak-Fidesz-Tisza
Tisza,2024-10-31,34.0,43.0,46.0,https://hvg.hu/360/20241105_Median-kozvelemeny-kutatas-partpreferenciak-Fidesz-Tisza
egyeb,2024-10-31,1.0,2.0,0.0,https://hvg.hu/360/20241105_Median-kozvelemeny-kutatas-partpreferenciak-Fidesz-Tisza
nincs_partja,2024-10-31,20.0,,,https://hvg.hu/360/20241105_Median-kozvelemeny-kutatas-partpreferenciak-Fidesz-Tisza
2RK,2024-11-23,1.0,1.0,1.0,https://hvg.hu/360/20241128_Median-kozvelemenykutatas-november-Tisza-Magyar-Peter-Fidesz
DK,2024-11-23,3.0,4.0,4.0,https://hvg.hu/360/20241128_Median-kozvelemenykutatas-november-Tisza-Magyar-Peter-Fidesz
Fidesz,2024-11-23,27.0,36.0,36.0,https://hvg.hu/360/20241128_Median-kozvelemenykutatas-november-Tisza-Magyar-Peter-Fidesz
Jobbik,2024-11-23,1.0,1.0,2.0,https://hvg.hu/360/20241128_Median-kozvelemenykutatas-november-Tisza-Magyar-Peter-Fidesz
MKKP,2024-11-23,3.0,4.0,4.0,https://hvg.hu/360/20241128_Median-kozvelemenykutatas-november-Tisza-Magyar-Peter-Fidesz
MiHazank,2024-11-23,5.0,7.0,6.0,https://hvg.hu/360/20241128_Median-kozvelemenykutatas-november-Tisza-Magyar-Peter-Fidesz
Momentum,2024-11-23,1.0,1.0,0.0,https://hvg.hu/360/20241128_Median-kozvelemenykutatas-november-Tisza-Magyar-Peter-Fidesz
Tisza,2024-11-23,34.0,44.0,47.0,https://hvg.hu/360/20241128_Median-kozvelemenykutatas-november-Tisza-Magyar-Peter-Fidesz
egyeb,2024-11-23,1.0,1.0,1.0,https://hvg.hu/360/20241128_Median-kozvelemenykutatas-november-Tisza-Magyar-Peter-Fidesz
nincs_partja,2024-11-23,24.0,,,https://hvg.hu/360/20241128_Median-kozvelemenykutatas-november-Tisza-Magyar-Peter-Fidesz
DK,2025-03-01,2.0,3.0,3.0,https://hvg.hu/360/20250312_Median-Tisza-Part-Fidesz-part-preferenciak-nepszeruseg-felmeres
Fidesz,2025-03-01,29.0,38.0,37.0,https://hvg.hu/360/20250312_Median-Tisza-Part-Fidesz-part-preferenciak-nepszeruseg-felmeres
MKKP,2025-03-01,3.0,4.0,4.0,https://hvg.hu/360/20250312_Median-Tisza-Part-Fidesz-part-preferenciak-nepszeruseg-felmeres
MiHazank,2025-03-01,5.0,6.0,6.0,https://hvg.hu/360/20250312_Median-Tisza-Part-Fidesz-part-preferenciak-nepszeruseg-felmeres
Tisza,2025-03-01,33.0,43.0,46.0,https://hvg.hu/360/20250312_Median-Tisza-Part-Fidesz-part-preferenciak-nepszeruseg-felmeres
egyeb,2025-03-01,4.0,6.0,4.0,https://hvg.hu/360/20250312_Median-Tisza-Part-Fidesz-part-preferenciak-nepszeruseg-felmeres
nincs_partja,2025-03-01,24.0,,,https://hvg.hu/360/20250312_Median-Tisza-Part-Fidesz-part-preferenciak-nepszeruseg-felmeres
DK,2025-06-01,2.0,3.0,3.0,https://hvg.hu/360/20250618_A-Tisza-annyival-vezet-a-Fidesz-elott-amennyivel-Orbanek-vertek-2022-ben-Marki-Zay-hatos-fogatat
Fidesz,2025-06-01,28.0,36.0,36.0,https://hvg.hu/360/20250618_A-Tisza-annyival-vezet-a-Fidesz-elott-amennyivel-Orbanek-vertek-2022-ben-Marki-Zay-hatos-fogatat
Jobbik,2025-06-01,2.0,2.0,1.0,https://hvg.hu/360/20250618_A-Tisza-annyival-vezet-a-Fidesz-elott-amennyivel-Orbanek-vertek-2022-ben-Marki-Zay-hatos-fogatat
MKKP,2025-06-01,3.0,3.0,3.0,https://hvg.hu/360/20250618_A-Tisza-annyival-vezet-a-Fidesz-elott-amennyivel-Orbanek-vertek-2022-ben-Marki-Zay-hatos-fogatat
MiHazank,2025-06-01,4.0,5.0,5.0,https://hvg.hu/360/20250618_A-Tisza-annyival-vezet-a-Fidesz-elott-amennyivel-Orbanek-vertek-2022-ben-Marki-Zay-hatos-fogatat
Tisza,2025-06-01,38.0,49.0,51.0,https://hvg.hu/360/20250618_A-Tisza-annyival-vezet-a-Fidesz-elott-amennyivel-Orbanek-vertek-2022-ben-Marki-Zay-hatos-fogatat
egyeb,2025-06-01,1.0,2.0,1.0,https://hvg.hu/360/20250618_A-Tisza-annyival-vezet-a-Fidesz-elott-amennyivel-Orbanek-vertek-2022-ben-Marki-Zay-hatos-fogatat
nincs_partja,2025-06-01,22.0,,,https://hvg.hu/360/20250618_A-Tisza-annyival-vezet-a-Fidesz-elott-amennyivel-Orbanek-vertek-2022-ben-Marki-Zay-hatos-fogatat
DK,2025-09-05,2.0,2.0,2.0,https://hvg.hu/360/20250910_Median-A-Fidesz-kapaszkodik-de-a-Tisza-vezet-13-szazalekkal
Fidesz,2025-09-05,30.0,38.0,38.0,https://hvg.hu/360/20250910_Median-A-Fidesz-kapaszkodik-de-a-Tisza-vezet-13-szazalekkal
MKKP,2025-09-05,3.0,4.0,3.0,https://hvg.hu/360/20250910_Median-A-Fidesz-kapaszkodik-de-a-Tisza-vezet-13-szazalekkal
MiHazank,2025-09-05,4.0,5.0,4.0,https://hvg.hu/360/20250910_Median-A-Fidesz-kapaszkodik-de-a-Tisza-vezet-13-szazalekkal
Tisza,2025-09-05,37.0,48.0,51.0,https://hvg.hu/360/20250910_Median-A-Fidesz-kapaszkodik-de-a-Tisza-vezet-13-szazalekkal
egyeb,2025-09-05,2.0,3.0,2.0,https://hvg.hu/360/20250910_Median-A-Fidesz-kapaszkodik-de-a-Tisza-vezet-13-szazalekkal
nincs_partja,2025-09-05,22.0,,,https://hvg.hu/360/20250910_Median-A-Fidesz-kapaszkodik-de-a-Tisza-vezet-13-szazalekkal
DK,2025-11-23,2.0,2.0,2.0,https://hvg.hu/360/20251126_Median-meres-Nagyot-javult-a-kozhangulat-meglodult-a-Fidesz-a-Tisza-utan-valasztas-2026-partpreferencia
Fidesz,2025-11-23,33.0,41.0,40.0,https://hvg.hu/360/20251126_Median-meres-Nagyot-javult-a-kozhangulat-meglodult-a-Fidesz-a-Tisza-utan-valasztas-2026-partpreferencia
MKKP,2025-11-23,2.0,2.0,2.0,https://hvg.hu/360/20251126_Median-meres-Nagyot-javult-a-kozhangulat-meglodult-a-Fidesz-a-Tisza-utan-valasztas-2026-partpreferencia
MiHazank,2025-11-23,5.0,6.0,5.0,https://hvg.hu/360/20251126_Median-meres-Nagyot-javult-a-kozhangulat-meglodult-a-Fidesz-a-Tisza-utan-valasztas-2026-partpreferencia
Tisza,2025-11-23,38.0,47.0,50.0,https://hvg.hu/360/20251126_Median-meres-Nagyot-javult-a-kozhangulat-meglodult-a-Fidesz-a-Tisza-utan-valasztas-2026-partpreferencia
egyeb,2025-11-23,1.0,2.0,1.0,https://hvg.hu/360/20251126_Median-meres-Nagyot-javult-a-kozhangulat-meglodult-a-Fidesz-a-Tisza-utan-valasztas-2026-partpreferencia
nincs_partja,2025-11-23,19.0,,,https://hvg.hu/360/20251126_Median-meres-Nagyot-javult-a-kozhangulat-meglodult-a-Fidesz-a-Tisza-utan-valasztas-2026-partpreferencia
DK,2026-01-10,1.0,1.0,1.0,https://hvg.hu/360/20260114_median-felmeres-ujra-nyilik-az-ollo-a-tisza-part-es-a-fidesz-kozott-valasztas-2026
Fidesz,2026-01-10,33.0,41.0,39.0,https://hvg.hu/360/20260114_median-felmeres-ujra-nyilik-az-ollo-a-tisza-part-es-a-fidesz-kozott-valasztas-2026
MKKP,2026-01-10,2.0,3.0,3.0,https://hvg.hu/360/20260114_median-felmeres-ujra-nyilik-az-ollo-a-tisza-part-es-a-fidesz-kozott-valasztas-2026
MiHazank,2026-01-10,4.0,5.0,5.0,https://hvg.hu/360/20260114_median-felmeres-ujra-nyilik-az-ollo-a-tisza-part-es-a-fidesz-kozott-valasztas-2026
Tisza,2026-01-10,40.0,49.0,51.0,https://hvg.hu/360/20260114_median-felmeres-ujra-nyilik-az-ollo-a-tisza-part-es-a-fidesz-kozott-valasztas-2026
egyeb,2026-01-10,1.0,1.0,1.0,https://hvg.hu/360/20260114_median-felmeres-ujra-nyilik-az-ollo-a-tisza-part-es-a-fidesz-kozott-valasztas-2026
nincs_partja,2026-01-10,19.0,,,https://hvg.hu/360/20260114_median-felmeres-ujra-nyilik-az-ollo-a-tisza-part-es-a-fidesz-kozott-valasztas-2026
DK,2026-02-21,1.0,2.0,2.0,https://hvg.hu/360/20260225_median-vezet-tisza-mar-20-szazalek-az-elonye
Fidesz,2026-02-21,31.0,38.0,35.0,https://hvg.hu/360/20260225_median-vezet-tisza-mar-20-szazalek-az-elonye
MKKP,2026-02-21,2.0,2.0,2.0,https://hvg.hu/360/20260225_median-vezet-tisza-mar-20-szazalek-az-elonye
MiHazank,2026-02-21,5.0,7.0,6.0,https://hvg.hu/360/20260225_median-vezet-tisza-mar-20-szazalek-az-elonye
Tisza,2026-02-21,42.0,51.0,55.0,https://hvg.hu/360/20260225_median-vezet-tisza-mar-20-szazalek-az-elonye
nincs_partja,2026-02-21,19.0,,,https://hvg.hu/360/20260225_median-vezet-tisza-mar-20-szazalek-az-elonye
DK,2026-03-19,1.0,1.0,1.0,https://hvg.hu/360/20260325_median-tisza-fidesz-valasztas-marcius-kozvelemeny-kutatas
Fidesz,2026-03-19,30.0,36.0,35.0,https://hvg.hu/360/20260325_median-tisza-fidesz-valasztas-marcius-kozvelemeny-kutatas
MKKP,2026-03-19,2.0,2.0,2.0,https://hvg.hu/360/20260325_median-tisza-fidesz-valasztas-marcius-kozvelemeny-kutatas
MiHazank,2026-03-19,3.0,4.0,4.0,https://hvg.hu/360/20260325_median-tisza-fidesz-valasztas-marcius-kozvelemeny-kutatas
Tisza,2026-03-19,46.0,56.0,58.0,https://hvg.hu/360/20260325_median-tisza-fidesz-valasztas-marcius-kozvelemeny-kutatas
nincs_partja,2026-03-19,18.0,,,https://hvg.hu/360/20260325_median-tisza-fidesz-valasztas-marcius-kozvelemeny-kutatas
DK,2026-04-09,,,1.4,https://hvg.hu/360/20260412_a-tisza-tortenelmi-gyozelmet-vetiti-elore-a-median-merese-a-kampany-utolso-napjaibol
Fidesz,2026-04-09,32.0,,37.9,https://hvg.hu/360/20260412_a-tisza-tortenelmi-gyozelmet-vetiti-elore-a-median-merese-a-kampany-utolso-napjaibol
MKKP,2026-04-09,,,1.3,https://hvg.hu/360/20260412_a-tisza-tortenelmi-gyozelmet-vetiti-elore-a-median-merese-a-kampany-utolso-napjaibol
MiHazank,2026-04-09,,,3.9,https://hvg.hu/360/20260412_a-tisza-tortenelmi-gyozelmet-vetiti-elore-a-median-merese-a-kampany-utolso-napjaibol
Tisza,2026-04-09,48.0,,55.5,https://hvg.hu/360/20260412_a-tisza-tortenelmi-gyozelmet-vetiti-elore-a-median-merese-a-kampany-utolso-napjaibol
DK,2026-04-18,1.0,2.0,2.0,https://hvg.hu/360/20260422_hvg-median-gyozteshez-huzas-valasztas-2026-meg-nagyobb-tamogatas-a-tiszanak
Fidesz,2026-04-18,21.0,25.0,25.0,https://hvg.hu/360/20260422_hvg-median-gyozteshez-huzas-valasztas-2026-meg-nagyobb-tamogatas-a-tiszanak
MKKP,2026-04-18,1.0,1.0,1.0,https://hvg.hu/360/20260422_hvg-median-gyozteshez-huzas-valasztas-2026-meg-nagyobb-tamogatas-a-tiszanak
MiHazank,2026-04-18,6.0,6.0,6.0,https://hvg.hu/360/20260422_hvg-median-gyozteshez-huzas-valasztas-2026-meg-nagyobb-tamogatas-a-tiszanak
Tisza,2026-04-18,56.0,65.0,66.0,https://hvg.hu/360/20260422_hvg-median-gyozteshez-huzas-valasztas-2026-meg-nagyobb-tamogatas-a-tiszanak
egyeb,2026-04-18,1.0,1.0,0.0,https://hvg.hu/360/20260422_hvg-median-gyozteshez-huzas-valasztas-2026-meg-nagyobb-tamogatas-a-tiszanak
nincs_partja,2026-04-18,14.0,,,https://hvg.hu/360/20260422_hvg-median-gyozteshez-huzas-valasztas-2026-meg-nagyobb-tamogatas-a-tiszanak
DK,2026-05-01,1.0,1.0,1.0,https://hvg.hu/360/20260506_median-felmeres-aprilis-vege-partpreferenciak-orban-viktor-felelossegrevonas-birosag-bizakodas
Fidesz,2026-05-01,21.0,24.0,23.0,https://hvg.hu/360/20260506_median-felmeres-aprilis-vege-partpreferenciak-orban-viktor-felelossegrevonas-birosag-bizakodas
MiHazank,2026-05-01,5.0,6.0,6.0,https://hvg.hu/360/20260506_median-felmeres-aprilis-vege-partpreferenciak-orban-viktor-felelossegrevonas-birosag-bizakodas
Tisza,2026-05-01,61.0,68.0,70.0,https://hvg.hu/360/20260506_median-felmeres-aprilis-vege-partpreferenciak-orban-viktor-felelossegrevonas-birosag-bizakodas
egyeb,2026-05-01,1.0,1.0,1.0,https://hvg.hu/360/20260506_median-felmeres-aprilis-vege-partpreferenciak-orban-viktor-felelossegrevonas-birosag-bizakodas
nincs_partja,2026-05-01,11.0,,,https://hvg.hu/360/20260506_median-felmeres-aprilis-vege-partpreferenciak-orban-viktor-felelossegrevonas-birosag-bizakodas
