country,% of EU8,relative to initial value (%),absolute value (thousand USD PPP),folder,file,absolute value (% of 15+ popul.),absolute value (years),absolute value (PPS)
Lithuania,+35% (43→77),+116%,+25.3k (21.9→47.2),GDP_per_cap,table_2004_2024.html,NA,NA,NA
Poland,+33% (41→74),+116%,+24.2k (20.9→45.1),GDP_per_cap,table_2004_2024.html,NA,NA,NA
Romania,+28% (38→67),+108%,+21.1k (19.5→40.6),GDP_per_cap,table_2004_2024.html,NA,NA,NA
Bulgaria,+24% (32→56),+108%,+17.7k (16.4→34.1),GDP_per_cap,table_2004_2024.html,NA,NA,NA
Latvia,+24% (40→64),+89%,+18.4k (20.6→38.9),GDP_per_cap,table_2004_2024.html,NA,NA,NA
Slovakia,+23% (43→66),+85%,+18.5k (21.8→40.3),GDP_per_cap,table_2004_2024.html,NA,NA,NA
Croatia,+18% (52→70),+61%,+16.1k (26.5→42.6),GDP_per_cap,table_2004_2024.html,NA,NA,NA
Hungary,+15% (52→67),+53%,+14.1k (26.6→40.7),GDP_per_cap,table_2004_2024.html,NA,NA,NA
Estonia,+14% (54→68),+50%,+13.9k (27.7→41.5),GDP_per_cap,table_2004_2024.html,NA,NA,NA
Czechia,+13% (66→79),+43%,+14.5k (33.5→48),GDP_per_cap,table_2004_2024.html,NA,NA,NA
Slovenia,+12% (67→80),+41%,+14.2k (34.3→48.5),GDP_per_cap,table_2004_2024.html,NA,NA,NA
Lithuania,+28% (50→77),+75%,+20.3k (26.9→47.2),GDP_per_cap,table_2010_2024.html,NA,NA,NA
Poland,+24% (50→74),+66%,+18k (27.1→45.1),GDP_per_cap,table_2010_2024.html,NA,NA,NA
Romania,+20% (46→67),+63%,+15.7k (24.9→40.6),GDP_per_cap,table_2010_2024.html,NA,NA,NA
Latvia,+19% (45→64),+61%,+14.8k (24.1→38.9),GDP_per_cap,table_2010_2024.html,NA,NA,NA
Croatia,+17% (53→70),+49%,+13.9k (28.7→42.6),GDP_per_cap,table_2010_2024.html,NA,NA,NA
Bulgaria,+16% (40→56),+57%,+12.4k (21.7→34.1),GDP_per_cap,table_2010_2024.html,NA,NA,NA
Hungary,+15% (51→67),+46%,+12.9k (27.8→40.7),GDP_per_cap,table_2010_2024.html,NA,NA,NA
Estonia,+12% (56→68),+37%,+11.2k (30.4→41.5),GDP_per_cap,table_2010_2024.html,NA,NA,NA
Slovakia,+11% (55→66),+36%,+10.6k (29.7→40.3),GDP_per_cap,table_2010_2024.html,NA,NA,NA
Slovenia,+9.1% (70→80),+27%,+10.4k (38.1→48.5),GDP_per_cap,table_2010_2024.html,NA,NA,NA
Czechia,+6.3% (72→79),+23%,+8.9k (39.1→48),GDP_per_cap,table_2010_2024.html,NA,NA,NA
Poland,+29% (39→68),+107%,+21.8k (20.4→42.2),GNI_per_cap,table_2004_2023.html,NA,NA,NA
Romania,+27% (36→64),+108%,+20.5k (18.9→39.4),GNI_per_cap,table_2004_2023.html,NA,NA,NA
Latvia,+25% (37→61),+98%,+18.8k (19.2→38),GNI_per_cap,table_2004_2023.html,NA,NA,NA
Lithuania,+24% (43→68),+85%,+19.3k (22.6→41.9),GNI_per_cap,table_2004_2023.html,NA,NA,NA
Estonia,+23% (43→66),+82%,+18.4k (22.5→40.9),GNI_per_cap,table_2004_2023.html,NA,NA,NA
Bulgaria,+20% (32→52),+92%,+15.4k (16.8→32.2),GNI_per_cap,table_2004_2023.html,NA,NA,NA
Croatia,+17% (50→67),+59%,+15.3k (26.1→41.4),GNI_per_cap,table_2004_2023.html,NA,NA,NA
Slovakia,+15% (45→60),+57%,+13.3k (23.5→36.8),GNI_per_cap,table_2004_2023.html,NA,NA,NA
Czechia,+11% (63→74),+39%,+12.9k (33→45.9),GNI_per_cap,table_2004_2023.html,NA,NA,NA
Hungary,+9.6% (51→60),+41%,+10.8k (26.4→37.2),GNI_per_cap,table_2004_2023.html,NA,NA,NA
Slovenia,+7.2% (68→75),+31%,+11k (35.4→46.4),GNI_per_cap,table_2004_2023.html,NA,NA,NA
Poland,+20% (48→68),+59%,+15.7k (26.5→42.2),GNI_per_cap,table_2010_2023.html,NA,NA,NA
Romania,+19% (45→64),+59%,+14.6k (24.8→39.4),GNI_per_cap,table_2010_2023.html,NA,NA,NA
Estonia,+18% (48→66),+53%,+14.2k (26.7→40.9),GNI_per_cap,table_2010_2023.html,NA,NA,NA
Latvia,+18% (43→61),+60%,+14.3k (23.7→38),GNI_per_cap,table_2010_2023.html,NA,NA,NA
Croatia,+17% (50→67),+50%,+13.7k (27.6→41.4),GNI_per_cap,table_2010_2023.html,NA,NA,NA
Lithuania,+16% (52→68),+47%,+13.3k (28.6→41.9),GNI_per_cap,table_2010_2023.html,NA,NA,NA
Bulgaria,+13% (39→52),+50%,+10.7k (21.5→32.2),GNI_per_cap,table_2010_2023.html,NA,NA,NA
Hungary,+10% (50→60),+35%,+9.7k (27.6→37.2),GNI_per_cap,table_2010_2023.html,NA,NA,NA
Czechia,+8.4% (66→74),+26%,+9.5k (36.4→45.9),GNI_per_cap,table_2010_2023.html,NA,NA,NA
Slovenia,+5.5% (70→75),+21%,+8k (38.4→46.4),GNI_per_cap,table_2010_2023.html,NA,NA,NA
Slovakia,+3.4% (56→60),+19%,+5.8k (31→36.8),GNI_per_cap,table_2010_2023.html,NA,NA,NA
Romania,+46% (33→78),+305%,+17.4k (5.7→23.1),actual_indiv_consump,table_2004_2024.html,NA,NA,NA
Bulgaria,+33% (33→65),+239%,+13.6k (5.7→19.3),actual_indiv_consump,table_2004_2024.html,NA,NA,NA
Lithuania,+31% (48→79),+181%,+15k (8.3→23.3),actual_indiv_consump,table_2004_2024.html,NA,NA,NA
Poland,+28% (47→75),+171%,+14k (8.2→22.2),actual_indiv_consump,table_2004_2024.html,NA,NA,NA
Latvia,+27% (40→67),+187%,+12.9k (6.9→19.8),actual_indiv_consump,table_2004_2024.html,NA,NA,NA
Slovakia,+22% (47→69),+149%,+12.2k (8.2→20.4),actual_indiv_consump,table_2004_2024.html,NA,NA,NA
Croatia,+20% (50→70),+138%,+11.9k (8.6→20.5),actual_indiv_consump,table_2004_2024.html,NA,NA,NA
Estonia,+20% (46→66),+144%,+11.5k (8→19.5),actual_indiv_consump,table_2004_2024.html,NA,NA,NA
Czechia,+11% (62→73),+101%,+10.8k (10.7→21.5),actual_indiv_consump,table_2004_2024.html,NA,NA,NA
Hungary,+11% (53→64),+104%,+9.6k (9.2→18.8),actual_indiv_consump,table_2004_2024.html,NA,NA,NA
Slovenia,+8.2% (67→76),+91%,+10.6k (11.7→22.3),actual_indiv_consump,table_2004_2024.html,NA,NA,NA
Romania,+31% (47→78),+141%,+13.5k (9.6→23.1),actual_indiv_consump,table_2010_2024.html,NA,NA,NA
Bulgaria,+27% (39→65),+144%,+11.4k (7.9→19.3),actual_indiv_consump,table_2010_2024.html,NA,NA,NA
Lithuania,+23% (56→79),+104%,+11.9k (11.4→23.3),actual_indiv_consump,table_2010_2024.html,NA,NA,NA
Latvia,+21% (46→67),+111%,+10.4k (9.4→19.8),actual_indiv_consump,table_2010_2024.html,NA,NA,NA
Croatia,+18% (52→70),+93%,+9.9k (10.6→20.5),actual_indiv_consump,table_2010_2024.html,NA,NA,NA
Poland,+16% (60→75),+82%,+10k (12.2→22.2),actual_indiv_consump,table_2010_2024.html,NA,NA,NA
Estonia,+15% (51→66),+87%,+9.1k (10.4→19.5),actual_indiv_consump,table_2010_2024.html,NA,NA,NA
Hungary,+11% (52→64),+76%,+8.1k (10.7→18.8),actual_indiv_consump,table_2010_2024.html,NA,NA,NA
Czechia,+7.3% (66→73),+60%,+8.1k (13.4→21.5),actual_indiv_consump,table_2010_2024.html,NA,NA,NA
Slovenia,+7.5% (68→76),+60%,+8.4k (13.9→22.3),actual_indiv_consump,table_2010_2024.html,NA,NA,NA
Slovakia,+6% (63→69),+58%,+7.5k (12.9→20.4),actual_indiv_consump,table_2010_2024.html,NA,NA,NA
Poland,+18% (83→100),+30%,NA,employment,table_2004_2024.html,+13% (44.1→57.1),NA,NA
Bulgaria,+12% (85→96),+21%,NA,employment,table_2004_2024.html,+9.6% (44.8→54.4),NA,NA
Hungary,+9.6% (93→100),+18%,NA,employment,table_2004_2024.html,+8.7% (49.2→57.8),NA,NA
Slovakia,+9.4% (93→100),+17%,NA,employment,table_2004_2024.html,+8.5% (49.1→57.7),NA,NA
Estonia,+6.8% (100→110),+14%,NA,employment,table_2004_2024.html,+7.3% (52.9→60.2),NA,NA
Lithuania,+6.8% (96→100),+14%,NA,employment,table_2004_2024.html,+7.2% (50.9→58.1),NA,NA
Latvia,+4.8% (95→100),+12%,NA,employment,table_2004_2024.html,+6% (50.5→56.5),NA,NA
Czechia,+1.4% (100→100),+8%,NA,employment,table_2004_2024.html,+4.4% (54.3→58.7),NA,NA
Croatia,+1.2% (86→87),+8%,NA,employment,table_2004_2024.html,+3.7% (45.7→49.4),NA,NA
Romania,-2.3% (89→86),+4%,NA,employment,table_2004_2024.html,+1.8% (46.9→48.6),NA,NA
Slovenia,-5% (100→100),+2%,NA,employment,table_2004_2024.html,+0.9% (55.5→56.4),NA,NA
Hungary,+18% (85→100),+25%,NA,employment,table_2010_2024.html,+11.6% (46.2→57.8),NA,NA
Lithuania,+18% (85→100),+25%,NA,employment,table_2010_2024.html,+11.6% (46.5→58.1),NA,NA
Estonia,+14% (92→110),+19%,NA,employment,table_2010_2024.html,+9.8% (50.4→60.2),NA,NA
Latvia,+13% (87→100),+19%,NA,employment,table_2010_2024.html,+9.2% (47.4→56.5),NA,NA
Slovakia,+9.8% (92→100),+14%,NA,employment,table_2010_2024.html,+7.3% (50.4→57.7),NA,NA
Bulgaria,+8.2% (88→96),+13%,NA,employment,table_2010_2024.html,+6.3% (48→54.4),NA,NA
Poland,+8.6% (93→100),+13%,NA,employment,table_2010_2024.html,+6.7% (50.5→57.1),NA,NA
Czechia,+4.7% (99→100),+8%,NA,employment,table_2010_2024.html,+4.6% (54.1→58.7),NA,NA
Croatia,+2.3% (85→87),+6%,NA,employment,table_2010_2024.html,+2.9% (46.4→49.4),NA,NA
Romania,+0.15% (86→86),+4%,NA,employment,table_2010_2024.html,+1.8% (46.9→48.6),NA,NA
Slovenia,-1.1% (100→100),+2%,NA,employment,table_2010_2024.html,+1.3% (55.1→56.4),NA,NA
Estonia,+5.2% (91→96),+9.4%,NA,life_exp,table_2004_2023.html,NA,+6.8y (72.4→79.2),NA
Latvia,+3.4% (89→93),+7.4%,NA,life_exp,table_2004_2023.html,NA,+5.3y (70.9→76.2),NA
Hungary,+2% (92→94),+5.6%,NA,life_exp,table_2004_2023.html,NA,+4.1y (72.9→77),NA
Lithuania,+1.9% (91→92),+5.6%,NA,life_exp,table_2004_2023.html,NA,+4y (72→76),NA
Romania,+2.9% (89→92),+6.8%,NA,life_exp,table_2004_2023.html,NA,+4.8y (71.1→75.9),NA
Slovakia,+1.9% (93→95),+5.6%,NA,life_exp,table_2004_2023.html,NA,+4.1y (74.2→78.3),NA
Slovenia,+2.5% (97→99),+6.1%,NA,life_exp,table_2004_2023.html,NA,+4.7y (76.9→81.6),NA
Bulgaria,+0.71% (91→92),+4.2%,NA,life_exp,table_2004_2023.html,NA,+3.1y (72.6→75.6),NA
Croatia,+0.9% (95→96),+4.4%,NA,life_exp,table_2004_2023.html,NA,+3.3y (75.3→78.6),NA
Czechia,+1.6% (95→97),+5.1%,NA,life_exp,table_2004_2023.html,NA,+3.9y (75.9→79.8),NA
Poland,+1.4% (94→96),+4.9%,NA,life_exp,table_2004_2023.html,NA,+3.7y (74.9→78.6),NA
Estonia,+2.1% (94→96),+4.3%,NA,life_exp,table_2010_2023.html,NA,+3.3y (75.9→79.2),NA
Latvia,+2.1% (91→93),+4.3%,NA,life_exp,table_2010_2023.html,NA,+3.2y (73→76.2),NA
Czechia,+0.85% (96→97),+2.9%,NA,life_exp,table_2010_2023.html,NA,+2.3y (77.6→79.8),NA
Hungary,+1.2% (92→94),+3.4%,NA,life_exp,table_2010_2023.html,NA,+2.5y (74.5→77),NA
Lithuania,+1.6% (91→92),+3.9%,NA,life_exp,table_2010_2023.html,NA,+2.8y (73.2→76),NA
Poland,+0.99% (95→96),+3.1%,NA,life_exp,table_2010_2023.html,NA,+2.4y (76.3→78.6),NA
Romania,+1.1% (91→92),+3.2%,NA,life_exp,table_2010_2023.html,NA,+2.4y (73.6→75.9),NA
Slovakia,+1.6% (94→95),+3.8%,NA,life_exp,table_2010_2023.html,NA,+2.8y (75.5→78.3),NA
Slovenia,+0.86% (98→99),+2.9%,NA,life_exp,table_2010_2023.html,NA,+2.3y (79.3→81.6),NA
Bulgaria,+0.41% (92→92),+2.5%,NA,life_exp,table_2010_2023.html,NA,+1.8y (73.8→75.6),NA
Croatia,+0.44% (95→96),+2.5%,NA,life_exp,table_2010_2023.html,NA,+1.9y (76.7→78.6),NA
Romania,+34% (24→58),+213%,NA,per_hr_work,table_2004_2023.html,NA,NA,+32 (15→47.1)
Estonia,+20% (37→57),+97%,NA,per_hr_work,table_2004_2023.html,NA,NA,+22.7 (23.4→46.2)
Latvia,+20% (34→54),+105%,NA,per_hr_work,table_2004_2023.html,NA,NA,+22.5 (21.5→44)
Lithuania,+20% (39→59),+95%,NA,per_hr_work,table_2004_2023.html,NA,NA,+23.4 (24.6→48)
Bulgaria,+14% (32→46),+87%,NA,per_hr_work,table_2004_2023.html,NA,NA,+17.3 (20→37.3)
Poland,+14% (43→58),+70%,NA,per_hr_work,table_2004_2023.html,NA,NA,+19.2 (27.5→46.7)
Czechia,+9.5% (53→62),+51%,NA,per_hr_work,table_2004_2023.html,NA,NA,+17.2 (33.5→50.7)
Croatia,+7.3% (44→51),+50%,NA,per_hr_work,table_2004_2023.html,NA,NA,+13.8 (27.8→41.6)
Slovakia,+6.7% (48→54),+46%,NA,per_hr_work,table_2004_2023.html,NA,NA,+13.9 (30.1→44)
Slovenia,+6.1% (57→63),+42%,NA,per_hr_work,table_2004_2023.html,NA,NA,+15.2 (36.2→51.5)
Hungary,+5.7% (46→52),+44%,NA,per_hr_work,table_2004_2023.html,NA,NA,+13 (29.4→42.3)
Romania,+22% (36→58),+85%,NA,per_hr_work,table_2010_2023.html,NA,NA,+21.7 (25.4→47.1)
Lithuania,+13% (46→59),+46%,NA,per_hr_work,table_2010_2023.html,NA,NA,+15.2 (32.8→48)
Latvia,+11% (44→54),+43%,NA,per_hr_work,table_2010_2023.html,NA,NA,+13.1 (30.9→44)
Bulgaria,+8.7% (37→46),+41%,NA,per_hr_work,table_2010_2023.html,NA,NA,+10.9 (26.3→37.3)
Czechia,+8.1% (54→62),+32%,NA,per_hr_work,table_2010_2023.html,NA,NA,+12.3 (38.4→50.7)
Poland,+8.3% (49→58),+34%,NA,per_hr_work,table_2010_2023.html,NA,NA,+11.9 (34.8→46.7)
Croatia,+7.3% (44→51),+34%,NA,per_hr_work,table_2010_2023.html,NA,NA,+10.5 (31.1→41.6)
Estonia,+7.4% (50→57),+32%,NA,per_hr_work,table_2010_2023.html,NA,NA,+11.2 (35→46.2)
Slovenia,+4.8% (59→63),+24%,NA,per_hr_work,table_2010_2023.html,NA,NA,+10.1 (41.4→51.5)
Hungary,-1.8% (54→52),+11%,NA,per_hr_work,table_2010_2023.html,NA,NA,+4.2 (38.2→42.3)
Slovakia,-4% (58→54),+7%,NA,per_hr_work,table_2010_2023.html,NA,NA,+2.9 (41.1→44)
Latvia,+37% (30→68),+150%,+27.4k (18.2→45.6),annual_aver_wage,table_2004_2024.html,NA,NA,NA
Lithuania,+34% (44→79),+100%,+26.4k (26.5→52.9),annual_aver_wage,table_2004_2024.html,NA,NA,NA
Estonia,+23% (35→58),+85%,+18k (21→39),annual_aver_wage,table_2004_2024.html,NA,NA,NA
Slovenia,+21% (71→92),+45%,+19.1k (42.7→61.8),annual_aver_wage,table_2004_2024.html,NA,NA,NA
Poland,+19% (47→66),+56%,+15.9k (28.3→44.2),annual_aver_wage,table_2004_2024.html,NA,NA,NA
Slovakia,+14% (39→54),+53%,+12.6k (23.5→36.1),annual_aver_wage,table_2004_2024.html,NA,NA,NA
Czechia,+11% (47→57),+38%,+10.6k (27.9→38.5),annual_aver_wage,table_2004_2024.html,NA,NA,NA
Hungary,+8.3% (44→52),+34%,+8.8k (26.2→35),annual_aver_wage,table_2004_2024.html,NA,NA,NA
Lithuania,+28% (51→79),+67%,+21.1k (31.8→52.9),annual_aver_wage,table_2010_2024.html,NA,NA,NA
Latvia,+27% (41→68),+77%,+19.8k (25.8→45.6),annual_aver_wage,table_2010_2024.html,NA,NA,NA
Poland,+14% (51→66),+38%,+12.1k (32.1→44.2),annual_aver_wage,table_2010_2024.html,NA,NA,NA
Estonia,+13% (45→58),+40%,+11.2k (27.8→39),annual_aver_wage,table_2010_2024.html,NA,NA,NA
Slovenia,+13% (79→92),+25%,+12.5k (49.3→61.8),annual_aver_wage,table_2010_2024.html,NA,NA,NA
Hungary,+9.2% (43→52),+31%,+8.2k (26.8→35),annual_aver_wage,table_2010_2024.html,NA,NA,NA
Czechia,+6.6% (51→57),+21%,+6.8k (31.7→38.5),annual_aver_wage,table_2010_2024.html,NA,NA,NA
Slovakia,+5.9% (48→54),+21%,+6.2k (29.9→36.1),annual_aver_wage,table_2010_2024.html,NA,NA,NA
Poland,+39% (34→73),+222%,+12.5k (5.6→18.1),median_equiv_net_income,table_2007_2024.html,NA,NA,NA
Romania,+36% (17→52),+368%,+10.2k (2.8→13),median_equiv_net_income,table_2007_2024.html,NA,NA,NA
Bulgaria,+33% (20→53),+296%,+9.8k (3.3→13.1),median_equiv_net_income,table_2007_2024.html,NA,NA,NA
Estonia,+27% (39→66),+154%,+10k (6.5→16.5),median_equiv_net_income,table_2007_2024.html,NA,NA,NA
Lithuania,+26% (35→61),+164%,+9.4k (5.7→15.1),median_equiv_net_income,table_2007_2024.html,NA,NA,NA
Latvia,+25% (34→59),+163%,+9.1k (5.6→14.7),median_equiv_net_income,table_2007_2024.html,NA,NA,NA
Czechia,+15% (54→68),+92%,+8.1k (8.8→17),median_equiv_net_income,table_2007_2024.html,NA,NA,NA
Slovakia,+12% (34→46),+104%,+5.8k (5.6→11.4),median_equiv_net_income,table_2007_2024.html,NA,NA,NA
Slovenia,+8.5% (78→87),+67%,+8.6k (12.9→21.6),median_equiv_net_income,table_2007_2024.html,NA,NA,NA
Hungary,+5.8% (39→45),+73%,+4.7k (6.5→11.2),median_equiv_net_income,table_2007_2024.html,NA,NA,NA
Romania,+33% (20→52),+268%,+9.5k (3.5→13),median_equiv_net_income,table_2010_2024.html,NA,NA,NA
Poland,+30% (43→73),+138%,+10.5k (7.6→18.1),median_equiv_net_income,table_2010_2024.html,NA,NA,NA
Lithuania,+27% (34→61),+151%,+9.1k (6→15.1),median_equiv_net_income,table_2010_2024.html,NA,NA,NA
Latvia,+26% (33→59),+151%,+8.8k (5.9→14.7),median_equiv_net_income,table_2010_2024.html,NA,NA,NA
Estonia,+25% (42→66),+122%,+9.1k (7.4→16.5),median_equiv_net_income,table_2010_2024.html,NA,NA,NA
Croatia,+23% (43→66),+114%,+8.7k (7.6→16.3),median_equiv_net_income,table_2010_2024.html,NA,NA,NA
Bulgaria,+20% (33→53),+122%,+7.2k (5.9→13.1),median_equiv_net_income,table_2010_2024.html,NA,NA,NA
Czechia,+14% (54→68),+76%,+7.3k (9.7→17),median_equiv_net_income,table_2010_2024.html,NA,NA,NA
Slovenia,+12% (75→87),+62%,+8.2k (13.3→21.6),median_equiv_net_income,table_2010_2024.html,NA,NA,NA
Hungary,+7.4% (38→45),+67%,+4.5k (6.7→11.2),median_equiv_net_income,table_2010_2024.html,NA,NA,NA
Slovakia,-0.88% (47→46),+37%,+3.1k (8.4→11.4),median_equiv_net_income,table_2010_2024.html,NA,NA,NA
Romania,+47% (15→62),+396%,+15.9k (4→19.9),min_wage,table_2004_2024.html,NA,NA,NA
Poland,+43% (34→77),+169%,+15.5k (9.2→24.7),min_wage,table_2004_2024.html,NA,NA,NA
Lithuania,+39% (25→64),+203%,+13.7k (6.7→20.4),min_wage,table_2004_2024.html,NA,NA,NA
Bulgaria,+31% (14→45),+277%,+10.6k (3.8→14.4),min_wage,table_2004_2024.html,NA,NA,NA
Latvia,+27% (21→48),+166%,+9.6k (5.8→15.4),min_wage,table_2004_2024.html,NA,NA,NA
Croatia,+24% (38→62),+90%,+9.4k (10.4→19.8),min_wage,table_2004_2024.html,NA,NA,NA
Slovenia,+23% (56→78),+66%,+9.9k (15.1→25),min_wage,table_2004_2024.html,NA,NA,NA
Estonia,+22% (24→46),+129%,+8.3k (6.4→14.8),min_wage,table_2004_2024.html,NA,NA,NA
Hungary,+22% (30→52),+103%,+8.4k (8.1→16.5),min_wage,table_2004_2024.html,NA,NA,NA
Slovakia,+20% (29→50),+99%,+7.9k (8→15.9),min_wage,table_2004_2024.html,NA,NA,NA
Czechia,+9.8% (38→48),+48%,+5k (10.4→15.3),min_wage,table_2004_2024.html,NA,NA,NA
Romania,+42% (20→62),+241%,+14.1k (5.8→19.9),min_wage,table_2010_2024.html,NA,NA,NA
Lithuania,+35% (29→64),+142%,+12k (8.4→20.4),min_wage,table_2010_2024.html,NA,NA,NA
Poland,+34% (43→77),+98%,+12.2k (12.5→24.7),min_wage,table_2010_2024.html,NA,NA,NA
Bulgaria,+27% (18→45),+173%,+9.1k (5.3→14.4),min_wage,table_2010_2024.html,NA,NA,NA
Hungary,+23% (29→52),+97%,+8.2k (8.4→16.5),min_wage,table_2010_2024.html,NA,NA,NA
Croatia,+19% (43→62),+58%,+7.3k (12.6→19.8),min_wage,table_2010_2024.html,NA,NA,NA
Latvia,+18% (30→48),+75%,+6.6k (8.8→15.4),min_wage,table_2010_2024.html,NA,NA,NA
Estonia,+16% (30→46),+72%,+6.2k (8.6→14.8),min_wage,table_2010_2024.html,NA,NA,NA
Slovakia,+15% (35→50),+57%,+5.8k (10.2→15.9),min_wage,table_2010_2024.html,NA,NA,NA
Slovenia,+12% (66→78),+31%,+5.9k (19.2→25),min_wage,table_2010_2024.html,NA,NA,NA
Czechia,+11% (36→48),+45%,+4.8k (10.6→15.3),min_wage,table_2010_2024.html,NA,NA,NA
Lithuania,+40% (30→70),+196%,NA,real_median_hourly,table_2006_2022.html,NA,NA,+7.8 (4→11.7)
Romania,+38% (21→59),+257%,NA,real_median_hourly,table_2006_2022.html,NA,NA,+7.2 (2.8→9.9)
Slovakia,+30% (28→58),+163%,NA,real_median_hourly,table_2006_2022.html,NA,NA,+6 (3.7→9.7)
Estonia,+27% (35→62),+129%,NA,real_median_hourly,table_2006_2022.html,NA,NA,+5.9 (4.6→10.4)
Latvia,+27% (26→53),+163%,NA,real_median_hourly,table_2006_2022.html,NA,NA,+5.5 (3.4→8.9)
Poland,+25% (41→67),+107%,NA,real_median_hourly,table_2006_2022.html,NA,NA,+5.8 (5.4→11.2)
Bulgaria,+24% (16→40),+222%,NA,real_median_hourly,table_2006_2022.html,NA,NA,+4.6 (2.1→6.7)
Hungary,+19% (34→53),+100%,NA,real_median_hourly,table_2006_2022.html,NA,NA,+4.4 (4.4→8.9)
Slovenia,+17% (56→73),+68%,NA,real_median_hourly,table_2006_2022.html,NA,NA,+5 (7.3→12.3)
Czechia,+16% (45→61),+75%,NA,real_median_hourly,table_2006_2022.html,NA,NA,+4.4 (5.8→10.2)
Lithuania,+37% (33→70),+158%,NA,real_median_hourly,table_2010_2022.html,NA,NA,+7.2 (4.6→11.7)
Romania,+31% (29→59),+154%,NA,real_median_hourly,table_2010_2022.html,NA,NA,+6 (3.9→9.9)
Latvia,+30% (23→53),+184%,NA,real_median_hourly,table_2010_2022.html,NA,NA,+5.8 (3.1→8.9)
Estonia,+19% (43→62),+75%,NA,real_median_hourly,table_2010_2022.html,NA,NA,+4.5 (6→10.4)
Poland,+18% (49→67),+67%,NA,real_median_hourly,table_2010_2022.html,NA,NA,+4.5 (6.7→11.2)
Bulgaria,+15% (25→40),+96%,NA,real_median_hourly,table_2010_2022.html,NA,NA,+3.3 (3.4→6.7)
Czechia,+15% (46→61),+61%,NA,real_median_hourly,table_2010_2022.html,NA,NA,+3.9 (6.3→10.2)
Slovakia,+15% (43→58),+66%,NA,real_median_hourly,table_2010_2022.html,NA,NA,+3.9 (5.9→9.7)
Hungary,+12% (41→53),+57%,NA,real_median_hourly,table_2010_2022.html,NA,NA,+3.2 (5.6→8.9)
Slovenia,+11% (62→73),+44%,NA,real_median_hourly,table_2010_2022.html,NA,NA,+3.8 (8.6→12.3)
Croatia,+5.7% (50→56),+36%,NA,real_median_hourly,table_2010_2022.html,NA,NA,+2.5 (6.9→9.4)
