telepules,szerkezet,szerkezet_tipus,szerep,bp_legal_81
Baja,Bajai településegyüttes,településegyüttes,központ,n/a
Bátmonostor,Bajai településegyüttes,településegyüttes,egyéb,n/a
Vaskút,Bajai településegyüttes,településegyüttes,egyéb,n/a
Alsópáhok,Balatoni agglomerálódó térség,agglomerálódó térség,egyéb,n/a
Alsóörs,Balatoni agglomerálódó térség,agglomerálódó térség,egyéb,n/a
Aszófő,Balatoni agglomerálódó térség,agglomerálódó térség,egyéb,n/a
Badacsonytomaj,Balatoni agglomerálódó térség,agglomerálódó térség,egyéb,n/a
Badacsonytördemic,Balatoni agglomerálódó térség,agglomerálódó térség,egyéb,n/a
Balatonakali,Balatoni agglomerálódó térség,agglomerálódó térség,egyéb,n/a
Balatonalmádi,Balatoni agglomerálódó térség,agglomerálódó térség,központ,n/a
Balatonberény,Balatoni agglomerálódó térség,agglomerálódó térség,egyéb,n/a
Balatonboglár,Balatoni agglomerálódó térség,agglomerálódó térség,központ,n/a
Balatonederics,Balatoni agglomerálódó térség,agglomerálódó térség,egyéb,n/a
Balatonfenyves,Balatoni agglomerálódó térség,agglomerálódó térség,egyéb,n/a
Balatonföldvár,Balatoni agglomerálódó térség,agglomerálódó térség,központ,n/a
Balatonfüred,Balatoni agglomerálódó térség,agglomerálódó térség,központ,n/a
Balatonfőkajár,Balatoni agglomerálódó térség,agglomerálódó térség,egyéb,n/a
Balatonfűzfő,Balatoni agglomerálódó térség,agglomerálódó térség,egyéb,n/a
Balatongyörök,Balatoni agglomerálódó térség,agglomerálódó térség,egyéb,n/a
Balatonkenese,Balatoni agglomerálódó térség,agglomerálódó térség,egyéb,n/a
Balatonkeresztúr,Balatoni agglomerálódó térség,agglomerálódó térség,egyéb,n/a
Balatonlelle,Balatoni agglomerálódó térség,agglomerálódó térség,központ,n/a
Balatonmáriafürdő,Balatoni agglomerálódó térség,agglomerálódó térség,egyéb,n/a
Balatonrendes,Balatoni agglomerálódó térség,agglomerálódó térség,egyéb,n/a
Balatonszabadi,Balatoni agglomerálódó térség,agglomerálódó térség,egyéb,n/a
Balatonszemes,Balatoni agglomerálódó térség,agglomerálódó térség,egyéb,n/a
Balatonszentgyörgy,Balatoni agglomerálódó térség,agglomerálódó térség,egyéb,n/a
Balatonszepezd,Balatoni agglomerálódó térség,agglomerálódó térség,egyéb,n/a
Balatonszárszó,Balatoni agglomerálódó térség,agglomerálódó térség,egyéb,n/a
Balatonudvari,Balatoni agglomerálódó térség,agglomerálódó térség,egyéb,n/a
Balatonvilágos,Balatoni agglomerálódó térség,agglomerálódó térség,egyéb,n/a
Balatonőszöd,Balatoni agglomerálódó térség,agglomerálódó térség,egyéb,n/a
Cserszegtomaj,Balatoni agglomerálódó térség,agglomerálódó térség,egyéb,n/a
Csopak,Balatoni agglomerálódó térség,agglomerálódó térség,egyéb,n/a
Felsőpáhok,Balatoni agglomerálódó térség,agglomerálódó térség,egyéb,n/a
Felsőörs,Balatoni agglomerálódó térség,agglomerálódó térség,egyéb,n/a
Fonyód,Balatoni agglomerálódó térség,agglomerálódó térség,központ,n/a
Gyenesdiás,Balatoni agglomerálódó térség,agglomerálódó térség,egyéb,n/a
Hévíz,Balatoni agglomerálódó térség,agglomerálódó térség,egyéb,n/a
Keszthely,Balatoni agglomerálódó térség,agglomerálódó térség,központ,n/a
Kőröshegy,Balatoni agglomerálódó térség,agglomerálódó térség,egyéb,n/a
Kővágóörs,Balatoni agglomerálódó térség,agglomerálódó térség,egyéb,n/a
Lovas,Balatoni agglomerálódó térség,agglomerálódó térség,egyéb,n/a
Paloznak,Balatoni agglomerálódó térség,agglomerálódó térség,egyéb,n/a
Rezi,Balatoni agglomerálódó térség,agglomerálódó térség,egyéb,n/a
Révfülöp,Balatoni agglomerálódó térség,agglomerálódó térség,egyéb,n/a
Siófok,Balatoni agglomerálódó térség,agglomerálódó térség,központ,n/a
Szigliget,Balatoni agglomerálódó térség,agglomerálódó térség,egyéb,n/a
Szántód,Balatoni agglomerálódó térség,agglomerálódó térség,egyéb,n/a
Tihany,Balatoni agglomerálódó térség,agglomerálódó térség,egyéb,n/a
Vonyarcvashegy,Balatoni agglomerálódó térség,agglomerálódó térség,egyéb,n/a
Zamárdi,Balatoni agglomerálódó térség,agglomerálódó térség,egyéb,n/a
Zánka,Balatoni agglomerálódó térség,agglomerálódó térség,egyéb,n/a
Ábrahámhegy,Balatoni agglomerálódó térség,agglomerálódó térség,egyéb,n/a
Örvényes,Balatoni agglomerálódó térség,agglomerálódó térség,egyéb,n/a
Albertirsa,Budapesti agglomeráció,agglomeráció,egyéb,nem
Alsónémedi,Budapesti agglomeráció,agglomeráció,egyéb,igen
Bag,Budapesti agglomeráció,agglomeráció,egyéb,nem
Biatorbágy,Budapesti agglomeráció,agglomeráció,egyéb,igen
Budajenő,Budapesti agglomeráció,agglomeráció,egyéb,igen
Budakalász,Budapesti agglomeráció,agglomeráció,egyéb,igen
Budakeszi,Budapesti agglomeráció,agglomeráció,egyéb,igen
Budapest,Budapesti agglomeráció,agglomeráció,központ,igen
Budaörs,Budapesti agglomeráció,agglomeráció,egyéb,igen
Bénye,Budapesti agglomeráció,agglomeráció,egyéb,nem
Ceglédbercel,Budapesti agglomeráció,agglomeráció,egyéb,nem
Csobánka,Budapesti agglomeráció,agglomeráció,egyéb,igen
Csomád,Budapesti agglomeráció,agglomeráció,egyéb,igen
Csömör,Budapesti agglomeráció,agglomeráció,egyéb,igen
Csörög,Budapesti agglomeráció,agglomeráció,egyéb,igen
Diósd,Budapesti agglomeráció,agglomeráció,egyéb,igen
Dunabogdány,Budapesti agglomeráció,agglomeráció,egyéb,igen
Dunaharaszti,Budapesti agglomeráció,agglomeráció,egyéb,igen
Dunakeszi,Budapesti agglomeráció,agglomeráció,egyéb,igen
Dunavarsány,Budapesti agglomeráció,agglomeráció,egyéb,igen
Dány,Budapesti agglomeráció,agglomeráció,egyéb,nem
Délegyháza,Budapesti agglomeráció,agglomeráció,egyéb,igen
Dömös,Budapesti agglomeráció,agglomeráció,egyéb,nem
Ecser,Budapesti agglomeráció,agglomeráció,egyéb,igen
Erdőkertes,Budapesti agglomeráció,agglomeráció,egyéb,igen
Felsőpakony,Budapesti agglomeráció,agglomeráció,egyéb,igen
Fót,Budapesti agglomeráció,agglomeráció,egyéb,igen
Galgahévíz,Budapesti agglomeráció,agglomeráció,egyéb,nem
Gomba,Budapesti agglomeráció,agglomeráció,egyéb,nem
Gyál,Budapesti agglomeráció,agglomeráció,egyéb,igen
Gyömrő,Budapesti agglomeráció,agglomeráció,egyéb,igen
Göd,Budapesti agglomeráció,agglomeráció,egyéb,igen
Gödöllő,Budapesti agglomeráció,agglomeráció,egyéb,igen
Halásztelek,Budapesti agglomeráció,agglomeráció,egyéb,igen
Herceghalom,Budapesti agglomeráció,agglomeráció,egyéb,igen
Hévízgyörk,Budapesti agglomeráció,agglomeráció,egyéb,nem
Inárcs,Budapesti agglomeráció,agglomeráció,egyéb,nem
Isaszeg,Budapesti agglomeráció,agglomeráció,egyéb,igen
Kajászó,Budapesti agglomeráció,agglomeráció,egyéb,nem
Kakucs,Budapesti agglomeráció,agglomeráció,egyéb,nem
Kerepes,Budapesti agglomeráció,agglomeráció,egyéb,igen
Kismaros,Budapesti agglomeráció,agglomeráció,egyéb,nem
Kisoroszi,Budapesti agglomeráció,agglomeráció,egyéb,igen
Kistarcsa,Budapesti agglomeráció,agglomeráció,egyéb,igen
Káva,Budapesti agglomeráció,agglomeráció,egyéb,nem
Kóka,Budapesti agglomeráció,agglomeráció,egyéb,nem
Leányfalu,Budapesti agglomeráció,agglomeráció,egyéb,igen
Maglód,Budapesti agglomeráció,agglomeráció,egyéb,igen
Majosháza,Budapesti agglomeráció,agglomeráció,egyéb,igen
Martonvásár,Budapesti agglomeráció,agglomeráció,egyéb,nem
Mende,Budapesti agglomeráció,agglomeráció,egyéb,nem
Mogyoród,Budapesti agglomeráció,agglomeráció,egyéb,igen
Monor,Budapesti agglomeráció,agglomeráció,egyéb,nem
Monorierdő,Budapesti agglomeráció,agglomeráció,egyéb,nem
Nagykovácsi,Budapesti agglomeráció,agglomeráció,egyéb,igen
Nagymaros,Budapesti agglomeráció,agglomeráció,egyéb,nem
Nagytarcsa,Budapesti agglomeráció,agglomeráció,egyéb,igen
Nyáregyháza,Budapesti agglomeráció,agglomeráció,egyéb,nem
Perbál,Budapesti agglomeráció,agglomeráció,egyéb,igen
Pilis,Budapesti agglomeráció,agglomeráció,egyéb,nem
Pilisborosjenő,Budapesti agglomeráció,agglomeráció,egyéb,igen
Piliscsaba,Budapesti agglomeráció,agglomeráció,egyéb,igen
Pilisjászfalu,Budapesti agglomeráció,agglomeráció,egyéb,igen
Pilisszentiván,Budapesti agglomeráció,agglomeráció,egyéb,igen
Pilisszentkereszt,Budapesti agglomeráció,agglomeráció,egyéb,igen
Pilisszentlászló,Budapesti agglomeráció,agglomeráció,egyéb,igen
Pilisszántó,Budapesti agglomeráció,agglomeráció,egyéb,igen
Pilisvörösvár,Budapesti agglomeráció,agglomeráció,egyéb,igen
Pomáz,Budapesti agglomeráció,agglomeráció,egyéb,igen
Pusztazámor,Budapesti agglomeráció,agglomeráció,egyéb,igen
Pánd,Budapesti agglomeráció,agglomeráció,egyéb,nem
Páty,Budapesti agglomeráció,agglomeráció,egyéb,igen
Pécel,Budapesti agglomeráció,agglomeráció,egyéb,igen
Péteri,Budapesti agglomeráció,agglomeráció,egyéb,nem
Pócsmegyer,Budapesti agglomeráció,agglomeráció,egyéb,igen
Remeteszőlős,Budapesti agglomeráció,agglomeráció,egyéb,igen
Solymár,Budapesti agglomeráció,agglomeráció,egyéb,igen
Szada,Budapesti agglomeráció,agglomeráció,egyéb,igen
Szentendre,Budapesti agglomeráció,agglomeráció,egyéb,igen
Szentmártonkáta,Budapesti agglomeráció,agglomeráció,egyéb,nem
Szigetcsép,Budapesti agglomeráció,agglomeráció,egyéb,nem
Szigethalom,Budapesti agglomeráció,agglomeráció,egyéb,igen
Szigetmonostor,Budapesti agglomeráció,agglomeráció,egyéb,igen
Szigetszentmiklós,Budapesti agglomeráció,agglomeráció,egyéb,igen
Százhalombatta,Budapesti agglomeráció,agglomeráció,egyéb,igen
Sződ,Budapesti agglomeráció,agglomeráció,egyéb,igen
Sződliget,Budapesti agglomeráció,agglomeráció,egyéb,igen
Sóskút,Budapesti agglomeráció,agglomeráció,egyéb,igen
Sülysáp,Budapesti agglomeráció,agglomeráció,egyéb,nem
Tahitótfalu,Budapesti agglomeráció,agglomeráció,egyéb,igen
Taksony,Budapesti agglomeráció,agglomeráció,egyéb,igen
Telki,Budapesti agglomeráció,agglomeráció,egyéb,igen
Tinnye,Budapesti agglomeráció,agglomeráció,egyéb,igen
Tordas,Budapesti agglomeráció,agglomeráció,egyéb,nem
Tápiószecső,Budapesti agglomeráció,agglomeráció,egyéb,nem
Tápióság,Budapesti agglomeráció,agglomeráció,egyéb,nem
Tárnok,Budapesti agglomeráció,agglomeráció,egyéb,igen
Tóalmás,Budapesti agglomeráció,agglomeráció,egyéb,nem
Tök,Budapesti agglomeráció,agglomeráció,egyéb,igen
Tököl,Budapesti agglomeráció,agglomeráció,egyéb,igen
Törökbálint,Budapesti agglomeráció,agglomeráció,egyéb,igen
Vecsés,Budapesti agglomeráció,agglomeráció,egyéb,igen
Veresegyház,Budapesti agglomeráció,agglomeráció,egyéb,igen
Verőce,Budapesti agglomeráció,agglomeráció,egyéb,nem
Visegrád,Budapesti agglomeráció,agglomeráció,egyéb,igen
Vác,Budapesti agglomeráció,agglomeráció,egyéb,igen
Vácrátót,Budapesti agglomeráció,agglomeráció,egyéb,igen
Zebegény,Budapesti agglomeráció,agglomeráció,egyéb,nem
Zsámbék,Budapesti agglomeráció,agglomeráció,egyéb,igen
Érd,Budapesti agglomeráció,agglomeráció,központ,igen
Ócsa,Budapesti agglomeráció,agglomeráció,egyéb,igen
Úri,Budapesti agglomeráció,agglomeráció,egyéb,nem
Üllő,Budapesti agglomeráció,agglomeráció,egyéb,igen
Üröm,Budapesti agglomeráció,agglomeráció,egyéb,igen
Őrbottyán,Budapesti agglomeráció,agglomeráció,egyéb,igen
Békés,Békéscsabai településegyüttes,településegyüttes,központ,n/a
Békéscsaba,Békéscsabai településegyüttes,településegyüttes,központ,n/a
Csabaszabadi,Békéscsabai településegyüttes,településegyüttes,egyéb,n/a
Doboz,Békéscsabai településegyüttes,településegyüttes,egyéb,n/a
Gyula,Békéscsabai településegyüttes,településegyüttes,egyéb,n/a
Kétsoprony,Békéscsabai településegyüttes,településegyüttes,egyéb,n/a
Murony,Békéscsabai településegyüttes,településegyüttes,egyéb,n/a
Sarkad,Békéscsabai településegyüttes,településegyüttes,egyéb,n/a
Szabadkígyós,Békéscsabai településegyüttes,településegyüttes,egyéb,n/a
Telekgerendás,Békéscsabai településegyüttes,településegyüttes,egyéb,n/a
Újkígyós,Békéscsabai településegyüttes,településegyüttes,egyéb,n/a
Bocskaikert,Debreceni településegyüttes,településegyüttes,egyéb,n/a
Debrecen,Debreceni településegyüttes,településegyüttes,központ,n/a
Ebes,Debreceni településegyüttes,településegyüttes,egyéb,n/a
Hajdúbagos,Debreceni településegyüttes,településegyüttes,egyéb,n/a
Hajdúhadház,Debreceni településegyüttes,településegyüttes,egyéb,n/a
Hajdúsámson,Debreceni településegyüttes,településegyüttes,egyéb,n/a
Hosszúpályi,Debreceni településegyüttes,településegyüttes,egyéb,n/a
Mikepércs,Debreceni településegyüttes,településegyüttes,egyéb,n/a
Monostorpályi,Debreceni településegyüttes,településegyüttes,egyéb,n/a
Nyírmártonfalva,Debreceni településegyüttes,településegyüttes,egyéb,n/a
Sáránd,Debreceni településegyüttes,településegyüttes,egyéb,n/a
Téglás,Debreceni településegyüttes,településegyüttes,egyéb,n/a
Vámospércs,Debreceni településegyüttes,településegyüttes,egyéb,n/a
Baracs,Dunaújvárosi településegyüttes,településegyüttes,egyéb,n/a
Dunaújváros,Dunaújvárosi településegyüttes,településegyüttes,központ,n/a
Előszállás,Dunaújvárosi településegyüttes,településegyüttes,egyéb,n/a
Kisapostag,Dunaújvárosi településegyüttes,településegyüttes,egyéb,n/a
Kulcs,Dunaújvárosi településegyüttes,településegyüttes,egyéb,n/a
Mezőfalva,Dunaújvárosi településegyüttes,településegyüttes,egyéb,n/a
Nagykarácsony,Dunaújvárosi településegyüttes,településegyüttes,egyéb,n/a
Nagyvenyim,Dunaújvárosi településegyüttes,településegyüttes,egyéb,n/a
Rácalmás,Dunaújvárosi településegyüttes,településegyüttes,egyéb,n/a
Andornaktálya,Egri agglomerálódó térség,agglomerálódó térség,egyéb,n/a
Bátor,Egri agglomerálódó térség,agglomerálódó térség,egyéb,n/a
Bélapátfalva,Egri agglomerálódó térség,agglomerálódó térség,egyéb,n/a
Demjén,Egri agglomerálódó térség,agglomerálódó térség,egyéb,n/a
Eger,Egri agglomerálódó térség,agglomerálódó térség,központ,n/a
Egerbakta,Egri agglomerálódó térség,agglomerálódó térség,egyéb,n/a
Egerbocs,Egri agglomerálódó térség,agglomerálódó térség,egyéb,n/a
Egerszalók,Egri agglomerálódó térség,agglomerálódó térség,egyéb,n/a
Egerszólát,Egri agglomerálódó térség,agglomerálódó térség,egyéb,n/a
Felsőtárkány,Egri agglomerálódó térség,agglomerálódó térség,egyéb,n/a
Hevesaranyos,Egri agglomerálódó térség,agglomerálódó térség,egyéb,n/a
Maklár,Egri agglomerálódó térség,agglomerálódó térség,egyéb,n/a
Mikófalva,Egri agglomerálódó térség,agglomerálódó térség,egyéb,n/a
Mónosbél,Egri agglomerálódó térség,agglomerálódó térség,egyéb,n/a
Nagytálya,Egri agglomerálódó térség,agglomerálódó térség,egyéb,n/a
Noszvaj,Egri agglomerálódó térség,agglomerálódó térség,egyéb,n/a
Novaj,Egri agglomerálódó térség,agglomerálódó térség,egyéb,n/a
Ostoros,Egri agglomerálódó térség,agglomerálódó térség,egyéb,n/a
Szarvaskő,Egri agglomerálódó térség,agglomerálódó térség,egyéb,n/a
Esztergom,Esztergomi településegyüttes,településegyüttes,központ,n/a
Pilismarót,Esztergomi településegyüttes,településegyüttes,egyéb,n/a
Abda,Győri agglomeráció,agglomeráció,egyéb,n/a
Bakonygyirót,Győri agglomeráció,agglomeráció,egyéb,n/a
Bakonypéterd,Győri agglomeráció,agglomeráció,egyéb,n/a
Bakonyszentlászló,Győri agglomeráció,agglomeráció,egyéb,n/a
Bakonytamási,Győri agglomeráció,agglomeráció,egyéb,n/a
Bana,Győri agglomeráció,agglomeráció,egyéb,n/a
Barbacs,Győri agglomeráció,agglomeráció,egyéb,n/a
Bezi,Győri agglomeráció,agglomeráció,egyéb,n/a
Bodonhely,Győri agglomeráció,agglomeráció,egyéb,n/a
Bágyogszovát,Győri agglomeráció,agglomeráció,egyéb,n/a
Bársonyos,Győri agglomeráció,agglomeráció,egyéb,n/a
Börcs,Győri agglomeráció,agglomeráció,egyéb,n/a
Bőny,Győri agglomeráció,agglomeráció,egyéb,n/a
Csikvánd,Győri agglomeráció,agglomeráció,egyéb,n/a
Dunaszeg,Győri agglomeráció,agglomeráció,egyéb,n/a
Dunaszentpál,Győri agglomeráció,agglomeráció,egyéb,n/a
Enese,Győri agglomeráció,agglomeráció,egyéb,n/a
Fehértó,Győri agglomeráció,agglomeráció,egyéb,n/a
Felpéc,Győri agglomeráció,agglomeráció,egyéb,n/a
Gecse,Győri agglomeráció,agglomeráció,egyéb,n/a
Gic,Győri agglomeráció,agglomeráció,egyéb,n/a
Gyarmat,Győri agglomeráció,agglomeráció,egyéb,n/a
Gyömöre,Győri agglomeráció,agglomeráció,egyéb,n/a
Győr,Győri agglomeráció,agglomeráció,központ,n/a
Győrasszonyfa,Győri agglomeráció,agglomeráció,egyéb,n/a
Győrladamér,Győri agglomeráció,agglomeráció,egyéb,n/a
Győrszemere,Győri agglomeráció,agglomeráció,egyéb,n/a
Győrság,Győri agglomeráció,agglomeráció,egyéb,n/a
Győrsövényház,Győri agglomeráció,agglomeráció,egyéb,n/a
Győrzámoly,Győri agglomeráció,agglomeráció,egyéb,n/a
Győrújbarát,Győri agglomeráció,agglomeráció,egyéb,n/a
Győrújfalu,Győri agglomeráció,agglomeráció,egyéb,n/a
Gönyű,Győri agglomeráció,agglomeráció,egyéb,n/a
Ikrény,Győri agglomeráció,agglomeráció,egyéb,n/a
Kajárpéc,Győri agglomeráció,agglomeráció,egyéb,n/a
Kisbabot,Győri agglomeráció,agglomeráció,egyéb,n/a
Kisbajcs,Győri agglomeráció,agglomeráció,egyéb,n/a
Koroncó,Győri agglomeráció,agglomeráció,egyéb,n/a
Kunsziget,Győri agglomeráció,agglomeráció,egyéb,n/a
Kóny,Győri agglomeráció,agglomeráció,egyéb,n/a
Lázi,Győri agglomeráció,agglomeráció,egyéb,n/a
Lébény,Győri agglomeráció,agglomeráció,egyéb,n/a
Markotabödöge,Győri agglomeráció,agglomeráció,egyéb,n/a
Mecsér,Győri agglomeráció,agglomeráció,egyéb,n/a
Mezőörs,Győri agglomeráció,agglomeráció,egyéb,n/a
Mosonszentmiklós,Győri agglomeráció,agglomeráció,egyéb,n/a
Mérges,Győri agglomeráció,agglomeráció,egyéb,n/a
Mórichida,Győri agglomeráció,agglomeráció,egyéb,n/a
Nagybajcs,Győri agglomeráció,agglomeráció,egyéb,n/a
Nagyszentjános,Győri agglomeráció,agglomeráció,egyéb,n/a
Nyalka,Győri agglomeráció,agglomeráció,egyéb,n/a
Nyúl,Győri agglomeráció,agglomeráció,egyéb,n/a
Pannonhalma,Győri agglomeráció,agglomeráció,egyéb,n/a
Pázmándfalu,Győri agglomeráció,agglomeráció,egyéb,n/a
Pér,Győri agglomeráció,agglomeráció,egyéb,n/a
Ravazd,Győri agglomeráció,agglomeráció,egyéb,n/a
Románd,Győri agglomeráció,agglomeráció,egyéb,n/a
Rábacsécsény,Győri agglomeráció,agglomeráció,egyéb,n/a
Rábapatona,Győri agglomeráció,agglomeráció,egyéb,n/a
Rábaszentmihály,Győri agglomeráció,agglomeráció,egyéb,n/a
Rábaszentmiklós,Győri agglomeráció,agglomeráció,egyéb,n/a
Rétalap,Győri agglomeráció,agglomeráció,egyéb,n/a
Sikátor,Győri agglomeráció,agglomeráció,egyéb,n/a
Sokorópátka,Győri agglomeráció,agglomeráció,egyéb,n/a
Szerecseny,Győri agglomeráció,agglomeráció,egyéb,n/a
Tarjánpuszta,Győri agglomeráció,agglomeráció,egyéb,n/a
Táp,Győri agglomeráció,agglomeráció,egyéb,n/a
Tápszentmiklós,Győri agglomeráció,agglomeráció,egyéb,n/a
Tényő,Győri agglomeráció,agglomeráció,egyéb,n/a
Tét,Győri agglomeráció,agglomeráció,egyéb,n/a
Töltéstava,Győri agglomeráció,agglomeráció,egyéb,n/a
Veszprémvarsány,Győri agglomeráció,agglomeráció,egyéb,n/a
Vámosszabadi,Győri agglomeráció,agglomeráció,egyéb,n/a
Vének,Győri agglomeráció,agglomeráció,egyéb,n/a
Árpás,Győri agglomeráció,agglomeráció,egyéb,n/a
Ásványráró,Győri agglomeráció,agglomeráció,egyéb,n/a
Écs,Győri agglomeráció,agglomeráció,egyéb,n/a
Öttevény,Győri agglomeráció,agglomeráció,egyéb,n/a
Baté,Kaposvári településegyüttes,településegyüttes,egyéb,n/a
Bárdudvarnok,Kaposvári településegyüttes,településegyüttes,egyéb,n/a
Cserénfa,Kaposvári településegyüttes,településegyüttes,egyéb,n/a
Csombárd,Kaposvári településegyüttes,településegyüttes,egyéb,n/a
Hetes,Kaposvári településegyüttes,településegyüttes,egyéb,n/a
Juta,Kaposvári településegyüttes,településegyüttes,egyéb,n/a
Kaposfő,Kaposvári településegyüttes,településegyüttes,egyéb,n/a
Kaposgyarmat,Kaposvári településegyüttes,településegyüttes,egyéb,n/a
Kaposmérő,Kaposvári településegyüttes,településegyüttes,egyéb,n/a
Kaposszerdahely,Kaposvári településegyüttes,településegyüttes,egyéb,n/a
Kaposvár,Kaposvári településegyüttes,településegyüttes,központ,n/a
Kaposújlak,Kaposvári településegyüttes,településegyüttes,egyéb,n/a
Magyaratád,Kaposvári településegyüttes,településegyüttes,egyéb,n/a
Magyaregres,Kaposvári településegyüttes,településegyüttes,egyéb,n/a
Mernye,Kaposvári településegyüttes,településegyüttes,egyéb,n/a
Orci,Kaposvári településegyüttes,településegyüttes,egyéb,n/a
Patca,Kaposvári településegyüttes,településegyüttes,egyéb,n/a
Ráksi,Kaposvári településegyüttes,településegyüttes,egyéb,n/a
Simonfa,Kaposvári településegyüttes,településegyüttes,egyéb,n/a
Somogyaszaló,Kaposvári településegyüttes,településegyüttes,egyéb,n/a
Szenna,Kaposvári településegyüttes,településegyüttes,egyéb,n/a
Szentbalázs,Kaposvári településegyüttes,településegyüttes,egyéb,n/a
Szilvásszentmárton,Kaposvári településegyüttes,településegyüttes,egyéb,n/a
Sántos,Kaposvári településegyüttes,településegyüttes,egyéb,n/a
Taszár,Kaposvári településegyüttes,településegyüttes,egyéb,n/a
Várda,Kaposvári településegyüttes,településegyüttes,egyéb,n/a
Zimány,Kaposvári településegyüttes,településegyüttes,egyéb,n/a
Zselickisfalud,Kaposvári településegyüttes,településegyüttes,egyéb,n/a
Zselickislak,Kaposvári településegyüttes,településegyüttes,egyéb,n/a
Zselicszentpál,Kaposvári településegyüttes,településegyüttes,egyéb,n/a
Ballószög,Kecskeméti településegyüttes,településegyüttes,egyéb,n/a
Fülöpháza,Kecskeméti településegyüttes,településegyüttes,egyéb,n/a
Fülöpjakab,Kecskeméti településegyüttes,településegyüttes,egyéb,n/a
Helvécia,Kecskeméti településegyüttes,településegyüttes,egyéb,n/a
Jakabszállás,Kecskeméti településegyüttes,településegyüttes,egyéb,n/a
Kecskemét,Kecskeméti településegyüttes,településegyüttes,központ,n/a
Kerekegyháza,Kecskeméti településegyüttes,településegyüttes,egyéb,n/a
Kunszállás,Kecskeméti településegyüttes,településegyüttes,egyéb,n/a
Lakitelek,Kecskeméti településegyüttes,településegyüttes,egyéb,n/a
Nyárlőrinc,Kecskeméti településegyüttes,településegyüttes,egyéb,n/a
Szentkirály,Kecskeméti településegyüttes,településegyüttes,egyéb,n/a
Városföld,Kecskeméti településegyüttes,településegyüttes,egyéb,n/a
Ágasegyháza,Kecskeméti településegyüttes,településegyüttes,egyéb,n/a
Alacska,Miskolci agglomeráció,agglomeráció,egyéb,n/a
Alsódobsza,Miskolci agglomeráció,agglomeráció,egyéb,n/a
Alsózsolca,Miskolci agglomeráció,agglomeráció,egyéb,n/a
Arnót,Miskolci agglomeráció,agglomeráció,egyéb,n/a
Boldva,Miskolci agglomeráció,agglomeráció,egyéb,n/a
Bükkaranyos,Miskolci agglomeráció,agglomeráció,egyéb,n/a
Bükkszentkereszt,Miskolci agglomeráció,agglomeráció,egyéb,n/a
Emőd,Miskolci agglomeráció,agglomeráció,egyéb,n/a
Felsőzsolca,Miskolci agglomeráció,agglomeráció,egyéb,n/a
Gesztely,Miskolci agglomeráció,agglomeráció,egyéb,n/a
Harsány,Miskolci agglomeráció,agglomeráció,egyéb,n/a
Hejőkeresztúr,Miskolci agglomeráció,agglomeráció,egyéb,n/a
Hernádkak,Miskolci agglomeráció,agglomeráció,egyéb,n/a
Hernádnémeti,Miskolci agglomeráció,agglomeráció,egyéb,n/a
Kisgyőr,Miskolci agglomeráció,agglomeráció,egyéb,n/a
Kistokaj,Miskolci agglomeráció,agglomeráció,egyéb,n/a
Kondó,Miskolci agglomeráció,agglomeráció,egyéb,n/a
Miskolc,Miskolci agglomeráció,agglomeráció,központ,n/a
Mályi,Miskolci agglomeráció,agglomeráció,egyéb,n/a
Nyékládháza,Miskolci agglomeráció,agglomeráció,egyéb,n/a
Onga,Miskolci agglomeráció,agglomeráció,egyéb,n/a
Parasznya,Miskolci agglomeráció,agglomeráció,egyéb,n/a
Radostyán,Miskolci agglomeráció,agglomeráció,egyéb,n/a
Répáshuta,Miskolci agglomeráció,agglomeráció,egyéb,n/a
Sajóbábony,Miskolci agglomeráció,agglomeráció,egyéb,n/a
Sajóecseg,Miskolci agglomeráció,agglomeráció,egyéb,n/a
Sajókeresztúr,Miskolci agglomeráció,agglomeráció,egyéb,n/a
Sajókápolna,Miskolci agglomeráció,agglomeráció,egyéb,n/a
Sajólád,Miskolci agglomeráció,agglomeráció,egyéb,n/a
Sajólászlófalva,Miskolci agglomeráció,agglomeráció,egyéb,n/a
Sajópetri,Miskolci agglomeráció,agglomeráció,egyéb,n/a
Sajópálfala,Miskolci agglomeráció,agglomeráció,egyéb,n/a
Sajósenye,Miskolci agglomeráció,agglomeráció,egyéb,n/a
Sajószentpéter,Miskolci agglomeráció,agglomeráció,egyéb,n/a
Sajóvámos,Miskolci agglomeráció,agglomeráció,egyéb,n/a
Szikszó,Miskolci agglomeráció,agglomeráció,egyéb,n/a
Szirmabesenyő,Miskolci agglomeráció,agglomeráció,egyéb,n/a
Sóstófalva,Miskolci agglomeráció,agglomeráció,egyéb,n/a
Varbó,Miskolci agglomeráció,agglomeráció,egyéb,n/a
Vatta,Miskolci agglomeráció,agglomeráció,egyéb,n/a
Újcsanálos,Miskolci agglomeráció,agglomeráció,egyéb,n/a
Bocska,Nagykanizsai településegyüttes,településegyüttes,egyéb,n/a
Csapi,Nagykanizsai településegyüttes,településegyüttes,egyéb,n/a
Eszteregnye,Nagykanizsai településegyüttes,településegyüttes,egyéb,n/a
Fityeház,Nagykanizsai településegyüttes,településegyüttes,egyéb,n/a
Fűzvölgy,Nagykanizsai településegyüttes,településegyüttes,egyéb,n/a
Gelse,Nagykanizsai településegyüttes,településegyüttes,egyéb,n/a
Gelsesziget,Nagykanizsai településegyüttes,településegyüttes,egyéb,n/a
Homokkomárom,Nagykanizsai településegyüttes,településegyüttes,egyéb,n/a
Hosszúvölgy,Nagykanizsai településegyüttes,településegyüttes,egyéb,n/a
Kacorlak,Nagykanizsai településegyüttes,településegyüttes,egyéb,n/a
Kisrécse,Nagykanizsai településegyüttes,településegyüttes,egyéb,n/a
Liszó,Nagykanizsai településegyüttes,településegyüttes,egyéb,n/a
Magyarszentmiklós,Nagykanizsai településegyüttes,településegyüttes,egyéb,n/a
Magyarszerdahely,Nagykanizsai településegyüttes,településegyüttes,egyéb,n/a
Molnári,Nagykanizsai településegyüttes,településegyüttes,egyéb,n/a
Murakeresztúr,Nagykanizsai településegyüttes,településegyüttes,egyéb,n/a
Nagykanizsa,Nagykanizsai településegyüttes,településegyüttes,központ,n/a
Nagyrécse,Nagykanizsai településegyüttes,településegyüttes,egyéb,n/a
Petrivente,Nagykanizsai településegyüttes,településegyüttes,egyéb,n/a
Rigyác,Nagykanizsai településegyüttes,településegyüttes,egyéb,n/a
Semjénháza,Nagykanizsai településegyüttes,településegyüttes,egyéb,n/a
Sormás,Nagykanizsai településegyüttes,településegyüttes,egyéb,n/a
Szepetnek,Nagykanizsai településegyüttes,településegyüttes,egyéb,n/a
Zalaszentbalázs,Nagykanizsai településegyüttes,településegyüttes,egyéb,n/a
Zalasárszeg,Nagykanizsai településegyüttes,településegyüttes,egyéb,n/a
Zalaújlak,Nagykanizsai településegyüttes,településegyüttes,egyéb,n/a
Újudvar,Nagykanizsai településegyüttes,településegyüttes,egyéb,n/a
Apagy,Nyíregyházi településegyüttes,településegyüttes,egyéb,n/a
Kemecse,Nyíregyházi településegyüttes,településegyüttes,egyéb,n/a
Kótaj,Nyíregyházi településegyüttes,településegyüttes,egyéb,n/a
Napkor,Nyíregyházi településegyüttes,településegyüttes,egyéb,n/a
Nyíregyháza,Nyíregyházi településegyüttes,településegyüttes,központ,n/a
Nyírpazony,Nyíregyházi településegyüttes,településegyüttes,egyéb,n/a
Nyírtelek,Nyíregyházi településegyüttes,településegyüttes,egyéb,n/a
Nyírtura,Nyíregyházi településegyüttes,településegyüttes,egyéb,n/a
Sényő,Nyíregyházi településegyüttes,településegyüttes,egyéb,n/a
Tiszatelek,Nyíregyházi településegyüttes,településegyüttes,egyéb,n/a
Vasmegyer,Nyíregyházi településegyüttes,településegyüttes,egyéb,n/a
Abaliget,Pécsi agglomeráció,agglomeráció,egyéb,n/a
Aranyosgadány,Pécsi agglomeráció,agglomeráció,egyéb,n/a
Bakonya,Pécsi agglomeráció,agglomeráció,egyéb,n/a
Baksa,Pécsi agglomeráció,agglomeráció,egyéb,n/a
Berkesd,Pécsi agglomeráció,agglomeráció,egyéb,n/a
Bicsérd,Pécsi agglomeráció,agglomeráció,egyéb,n/a
Birján,Pécsi agglomeráció,agglomeráció,egyéb,n/a
Bisse,Pécsi agglomeráció,agglomeráció,egyéb,n/a
Boda,Pécsi agglomeráció,agglomeráció,egyéb,n/a
Bogád,Pécsi agglomeráció,agglomeráció,egyéb,n/a
Cserkút,Pécsi agglomeráció,agglomeráció,egyéb,n/a
Egerág,Pécsi agglomeráció,agglomeráció,egyéb,n/a
Ellend,Pécsi agglomeráció,agglomeráció,egyéb,n/a
Erzsébet,Pécsi agglomeráció,agglomeráció,egyéb,n/a
Gyód,Pécsi agglomeráció,agglomeráció,egyéb,n/a
Görcsöny,Pécsi agglomeráció,agglomeráció,egyéb,n/a
Hosszúhetény,Pécsi agglomeráció,agglomeráció,egyéb,n/a
Hásságy,Pécsi agglomeráció,agglomeráció,egyéb,n/a
Keszü,Pécsi agglomeráció,agglomeráció,egyéb,n/a
Kisherend,Pécsi agglomeráció,agglomeráció,egyéb,n/a
Kistótfalu,Pécsi agglomeráció,agglomeráció,egyéb,n/a
Kozármisleny,Pécsi agglomeráció,agglomeráció,egyéb,n/a
Kökény,Pécsi agglomeráció,agglomeráció,egyéb,n/a
Kővágószőlős,Pécsi agglomeráció,agglomeráció,egyéb,n/a
Kővágótöttös,Pécsi agglomeráció,agglomeráció,egyéb,n/a
Lothárd,Pécsi agglomeráció,agglomeráció,egyéb,n/a
Magyarsarlós,Pécsi agglomeráció,agglomeráció,egyéb,n/a
Martonfa,Pécsi agglomeráció,agglomeráció,egyéb,n/a
Mánfa,Pécsi agglomeráció,agglomeráció,egyéb,n/a
Nagykozár,Pécsi agglomeráció,agglomeráció,egyéb,n/a
Olasz,Pécsi agglomeráció,agglomeráció,egyéb,n/a
Orfű,Pécsi agglomeráció,agglomeráció,egyéb,n/a
Pellérd,Pécsi agglomeráció,agglomeráció,egyéb,n/a
Pereked,Pécsi agglomeráció,agglomeráció,egyéb,n/a
Pogány,Pécsi agglomeráció,agglomeráció,egyéb,n/a
Pécs,Pécsi agglomeráció,agglomeráció,központ,n/a
Pécsbagota,Pécsi agglomeráció,agglomeráció,egyéb,n/a
Pécsudvard,Pécsi agglomeráció,agglomeráció,egyéb,n/a
Pécsvárad,Pécsi agglomeráció,agglomeráció,egyéb,n/a
Romonya,Pécsi agglomeráció,agglomeráció,egyéb,n/a
Szabadszentkirály,Pécsi agglomeráció,agglomeráció,egyéb,n/a
Szalánta,Pécsi agglomeráció,agglomeráció,egyéb,n/a
Szemely,Pécsi agglomeráció,agglomeráció,egyéb,n/a
Szentlőrinc,Pécsi agglomeráció,agglomeráció,egyéb,n/a
Szilágy,Pécsi agglomeráció,agglomeráció,egyéb,n/a
Szőkéd,Pécsi agglomeráció,agglomeráció,egyéb,n/a
Túrony,Pécsi agglomeráció,agglomeráció,egyéb,n/a
Zók,Pécsi agglomeráció,agglomeráció,egyéb,n/a
Áta,Pécsi agglomeráció,agglomeráció,egyéb,n/a
Cered,Salgótarjáni településegyüttes,településegyüttes,egyéb,n/a
Etes,Salgótarjáni településegyüttes,településegyüttes,egyéb,n/a
Karancsalja,Salgótarjáni településegyüttes,településegyüttes,egyéb,n/a
Karancsberény,Salgótarjáni településegyüttes,településegyüttes,egyéb,n/a
Karancslapujtő,Salgótarjáni településegyüttes,településegyüttes,egyéb,n/a
Kazár,Salgótarjáni településegyüttes,településegyüttes,egyéb,n/a
Kishartyán,Salgótarjáni településegyüttes,településegyüttes,egyéb,n/a
Mátraszele,Salgótarjáni településegyüttes,településegyüttes,egyéb,n/a
Nagykeresztúr,Salgótarjáni településegyüttes,településegyüttes,egyéb,n/a
Salgótarján,Salgótarjáni településegyüttes,településegyüttes,központ,n/a
Somoskőújfalu,Salgótarjáni településegyüttes,településegyüttes,egyéb,n/a
Vizslás,Salgótarjáni településegyüttes,településegyüttes,egyéb,n/a
Ebergőc,Soproni településegyüttes,településegyüttes,egyéb,n/a
Fertőboz,Soproni településegyüttes,településegyüttes,egyéb,n/a
Fertőhomok,Soproni településegyüttes,településegyüttes,egyéb,n/a
Fertőrákos,Soproni településegyüttes,településegyüttes,egyéb,n/a
Harka,Soproni településegyüttes,településegyüttes,egyéb,n/a
Hegykő,Soproni településegyüttes,településegyüttes,egyéb,n/a
Hidegség,Soproni településegyüttes,településegyüttes,egyéb,n/a
Kópháza,Soproni településegyüttes,településegyüttes,egyéb,n/a
Nagycenk,Soproni településegyüttes,településegyüttes,egyéb,n/a
Nagylózs,Soproni településegyüttes,településegyüttes,egyéb,n/a
Pereszteg,Soproni településegyüttes,településegyüttes,egyéb,n/a
Pinnye,Soproni településegyüttes,településegyüttes,egyéb,n/a
Röjtökmuzsaj,Soproni településegyüttes,településegyüttes,egyéb,n/a
Sopron,Soproni településegyüttes,településegyüttes,központ,n/a
Ágfalva,Soproni településegyüttes,településegyüttes,egyéb,n/a
Algyő,Szegedi településegyüttes,településegyüttes,egyéb,n/a
Bordány,Szegedi településegyüttes,településegyüttes,egyéb,n/a
Deszk,Szegedi településegyüttes,településegyüttes,egyéb,n/a
Domaszék,Szegedi településegyüttes,településegyüttes,egyéb,n/a
Dóc,Szegedi településegyüttes,településegyüttes,egyéb,n/a
Ferencszállás,Szegedi településegyüttes,településegyüttes,egyéb,n/a
Klárafalva,Szegedi településegyüttes,településegyüttes,egyéb,n/a
Kübekháza,Szegedi településegyüttes,településegyüttes,egyéb,n/a
Röszke,Szegedi településegyüttes,településegyüttes,egyéb,n/a
Szatymaz,Szegedi településegyüttes,településegyüttes,egyéb,n/a
Szeged,Szegedi településegyüttes,településegyüttes,központ,n/a
Sándorfalva,Szegedi településegyüttes,településegyüttes,egyéb,n/a
Tiszasziget,Szegedi településegyüttes,településegyüttes,egyéb,n/a
Zsombó,Szegedi településegyüttes,településegyüttes,egyéb,n/a
Újszentiván,Szegedi településegyüttes,településegyüttes,egyéb,n/a
Üllés,Szegedi településegyüttes,településegyüttes,egyéb,n/a
Decs,Szekszárdi településegyüttes,településegyüttes,egyéb,n/a
Harc,Szekszárdi településegyüttes,településegyüttes,egyéb,n/a
Kakasd,Szekszárdi településegyüttes,településegyüttes,egyéb,n/a
Kéty,Szekszárdi településegyüttes,településegyüttes,egyéb,n/a
Sióagárd,Szekszárdi településegyüttes,településegyüttes,egyéb,n/a
Szekszárd,Szekszárdi településegyüttes,településegyüttes,központ,n/a
Szálka,Szekszárdi településegyüttes,településegyüttes,egyéb,n/a
Várdomb,Szekszárdi településegyüttes,településegyüttes,egyéb,n/a
Zomba,Szekszárdi településegyüttes,településegyüttes,egyéb,n/a
Őcsény,Szekszárdi településegyüttes,településegyüttes,egyéb,n/a
Besenyszög,Szolnoki településegyüttes,településegyüttes,egyéb,n/a
Rákóczifalva,Szolnoki településegyüttes,településegyüttes,egyéb,n/a
Rákócziújfalu,Szolnoki településegyüttes,településegyüttes,egyéb,n/a
Szajol,Szolnoki településegyüttes,településegyüttes,egyéb,n/a
Szolnok,Szolnoki településegyüttes,településegyüttes,központ,n/a
Szászberek,Szolnoki településegyüttes,településegyüttes,egyéb,n/a
Tiszajenő,Szolnoki településegyüttes,településegyüttes,egyéb,n/a
Tiszatenyő,Szolnoki településegyüttes,településegyüttes,egyéb,n/a
Tiszavárkony,Szolnoki településegyüttes,településegyüttes,egyéb,n/a
Tószeg,Szolnoki településegyüttes,településegyüttes,egyéb,n/a
Vezseny,Szolnoki településegyüttes,településegyüttes,egyéb,n/a
Zagyvarékas,Szolnoki településegyüttes,településegyüttes,egyéb,n/a
Újszász,Szolnoki településegyüttes,településegyüttes,egyéb,n/a
Acsád,Szombathelyi agglomerálódó térség,agglomerálódó térség,egyéb,n/a
Balogunyom,Szombathelyi agglomerálódó térség,agglomerálódó térség,egyéb,n/a
Bozsok,Szombathelyi agglomerálódó térség,agglomerálódó térség,egyéb,n/a
Bozzai,Szombathelyi agglomerálódó térség,agglomerálódó térség,egyéb,n/a
Bucsu,Szombathelyi agglomerálódó térség,agglomerálódó térség,egyéb,n/a
Bögöt,Szombathelyi agglomerálódó térség,agglomerálódó térség,egyéb,n/a
Csempeszkopács,Szombathelyi agglomerálódó térség,agglomerálódó térség,egyéb,n/a
Csipkerek,Szombathelyi agglomerálódó térség,agglomerálódó térség,egyéb,n/a
Dozmat,Szombathelyi agglomerálódó térség,agglomerálódó térség,egyéb,n/a
Egyházasrádóc,Szombathelyi agglomerálódó térség,agglomerálódó térség,egyéb,n/a
Felsőcsatár,Szombathelyi agglomerálódó térség,agglomerálódó térség,egyéb,n/a
Gencsapáti,Szombathelyi agglomerálódó térség,agglomerálódó térség,egyéb,n/a
Gyanógeregye,Szombathelyi agglomerálódó térség,agglomerálódó térség,egyéb,n/a
Gyöngyösfalu,Szombathelyi agglomerálódó térség,agglomerálódó térség,egyéb,n/a
Harasztifalu,Szombathelyi agglomerálódó térség,agglomerálódó térség,egyéb,n/a
Horvátlövő,Szombathelyi agglomerálódó térség,agglomerálódó térség,egyéb,n/a
Ják,Szombathelyi agglomerálódó térség,agglomerálódó térség,egyéb,n/a
Kenéz,Szombathelyi agglomerálódó térség,agglomerálódó térség,egyéb,n/a
Kisunyom,Szombathelyi agglomerálódó térség,agglomerálódó térség,egyéb,n/a
Kám,Szombathelyi agglomerálódó térség,agglomerálódó térség,egyéb,n/a
Kőszegpaty,Szombathelyi agglomerálódó térség,agglomerálódó térség,egyéb,n/a
Lukácsháza,Szombathelyi agglomerálódó térség,agglomerálódó térség,egyéb,n/a
Meggyeskovácsi,Szombathelyi agglomerálódó térség,agglomerálódó térség,egyéb,n/a
Megyehíd,Szombathelyi agglomerálódó térség,agglomerálódó térség,egyéb,n/a
Meszlen,Szombathelyi agglomerálódó térség,agglomerálódó térség,egyéb,n/a
Nagykölked,Szombathelyi agglomerálódó térség,agglomerálódó térség,egyéb,n/a
Narda,Szombathelyi agglomerálódó térség,agglomerálódó térség,egyéb,n/a
Nemesbőd,Szombathelyi agglomerálódó térség,agglomerálódó térség,egyéb,n/a
Nemeskolta,Szombathelyi agglomerálódó térség,agglomerálódó térség,egyéb,n/a
Nemesrempehollós,Szombathelyi agglomerálódó térség,agglomerálódó térség,egyéb,n/a
Nárai,Szombathelyi agglomerálódó térség,agglomerálódó térség,egyéb,n/a
Pecöl,Szombathelyi agglomerálódó térség,agglomerálódó térség,egyéb,n/a
Perenye,Szombathelyi agglomerálódó térség,agglomerálódó térség,egyéb,n/a
Pornóapáti,Szombathelyi agglomerálódó térség,agglomerálódó térség,egyéb,n/a
Pósfa,Szombathelyi agglomerálódó térség,agglomerálódó térség,egyéb,n/a
Püspökmolnári,Szombathelyi agglomerálódó térség,agglomerálódó térség,egyéb,n/a
Rum,Szombathelyi agglomerálódó térség,agglomerálódó térség,egyéb,n/a
Rábahídvég,Szombathelyi agglomerálódó térség,agglomerálódó térség,egyéb,n/a
Rábatöttös,Szombathelyi agglomerálódó térség,agglomerálódó térség,egyéb,n/a
Rádóckölked,Szombathelyi agglomerálódó térség,agglomerálódó térség,egyéb,n/a
Salköveskút,Szombathelyi agglomerálódó térség,agglomerálódó térség,egyéb,n/a
Sorkifalud,Szombathelyi agglomerálódó térség,agglomerálódó térség,egyéb,n/a
Sorkikápolna,Szombathelyi agglomerálódó térség,agglomerálódó térség,egyéb,n/a
Sorokpolány,Szombathelyi agglomerálódó térség,agglomerálódó térség,egyéb,n/a
Szeleste,Szombathelyi agglomerálódó térség,agglomerálódó térség,egyéb,n/a
Szemenye,Szombathelyi agglomerálódó térség,agglomerálódó térség,egyéb,n/a
Szentpéterfa,Szombathelyi agglomerálódó térség,agglomerálódó térség,egyéb,n/a
Szombathely,Szombathelyi agglomerálódó térség,agglomerálódó térség,központ,n/a
Sé,Szombathelyi agglomerálódó térség,agglomerálódó térség,egyéb,n/a
Söpte,Szombathelyi agglomerálódó térség,agglomerálódó térség,egyéb,n/a
Tanakajd,Szombathelyi agglomerálódó térség,agglomerálódó térség,egyéb,n/a
Torony,Szombathelyi agglomerálódó térség,agglomerálódó térség,egyéb,n/a
Táplánszentkereszt,Szombathelyi agglomerálódó térség,agglomerálódó térség,egyéb,n/a
Tömörd,Szombathelyi agglomerálódó térség,agglomerálódó térség,egyéb,n/a
Vasasszonyfa,Szombathelyi agglomerálódó térség,agglomerálódó térség,egyéb,n/a
Vaskeresztes,Szombathelyi agglomerálódó térség,agglomerálódó térség,egyéb,n/a
Vassurány,Szombathelyi agglomerálódó térség,agglomerálódó térség,egyéb,n/a
Vasszilvágy,Szombathelyi agglomerálódó térség,agglomerálódó térség,egyéb,n/a
Vasszécseny,Szombathelyi agglomerálódó térség,agglomerálódó térség,egyéb,n/a
Vát,Szombathelyi agglomerálódó térség,agglomerálódó térség,egyéb,n/a
Vép,Szombathelyi agglomerálódó térség,agglomerálódó térség,egyéb,n/a
Zsennye,Szombathelyi agglomerálódó térség,agglomerálódó térség,egyéb,n/a
Ölbő,Szombathelyi agglomerálódó térség,agglomerálódó térség,egyéb,n/a
Aba,Székesfehérvári településegyüttes,településegyüttes,egyéb,n/a
Bakonykúti,Székesfehérvári településegyüttes,településegyüttes,egyéb,n/a
Bodajk,Székesfehérvári településegyüttes,településegyüttes,egyéb,n/a
Csákberény,Székesfehérvári településegyüttes,településegyüttes,egyéb,n/a
Csór,Székesfehérvári településegyüttes,településegyüttes,egyéb,n/a
Csősz,Székesfehérvári településegyüttes,településegyüttes,egyéb,n/a
Fehérvárcsurgó,Székesfehérvári településegyüttes,településegyüttes,egyéb,n/a
Füle,Székesfehérvári településegyüttes,településegyüttes,egyéb,n/a
Gánt,Székesfehérvári településegyüttes,településegyüttes,egyéb,n/a
Hantos,Székesfehérvári településegyüttes,településegyüttes,egyéb,n/a
Iszkaszentgyörgy,Székesfehérvári településegyüttes,településegyüttes,egyéb,n/a
Isztimér,Székesfehérvári településegyüttes,településegyüttes,egyéb,n/a
Jenő,Székesfehérvári településegyüttes,településegyüttes,egyéb,n/a
Kincsesbánya,Székesfehérvári településegyüttes,településegyüttes,egyéb,n/a
Kisláng,Székesfehérvári településegyüttes,településegyüttes,egyéb,n/a
Káloz,Székesfehérvári településegyüttes,településegyüttes,egyéb,n/a
Kőszárhegy,Székesfehérvári településegyüttes,településegyüttes,egyéb,n/a
Lepsény,Székesfehérvári településegyüttes,településegyüttes,egyéb,n/a
Lovasberény,Székesfehérvári településegyüttes,településegyüttes,egyéb,n/a
Magyaralmás,Székesfehérvári településegyüttes,településegyüttes,egyéb,n/a
Moha,Székesfehérvári településegyüttes,településegyüttes,egyéb,n/a
Nagylók,Székesfehérvári településegyüttes,településegyüttes,egyéb,n/a
Nádasdladány,Székesfehérvári településegyüttes,településegyüttes,egyéb,n/a
Polgárdi,Székesfehérvári településegyüttes,településegyüttes,egyéb,n/a
Pákozd,Székesfehérvári településegyüttes,településegyüttes,egyéb,n/a
Pátka,Székesfehérvári településegyüttes,településegyüttes,egyéb,n/a
Seregélyes,Székesfehérvári településegyüttes,településegyüttes,egyéb,n/a
Soponya,Székesfehérvári településegyüttes,településegyüttes,egyéb,n/a
Sukoró,Székesfehérvári településegyüttes,településegyüttes,egyéb,n/a
Szabadbattyán,Székesfehérvári településegyüttes,településegyüttes,egyéb,n/a
Szabadegyháza,Székesfehérvári településegyüttes,településegyüttes,egyéb,n/a
Székesfehérvár,Székesfehérvári településegyüttes,településegyüttes,központ,n/a
Sárkeresztes,Székesfehérvári településegyüttes,településegyüttes,egyéb,n/a
Sárkeresztúr,Székesfehérvári településegyüttes,településegyüttes,egyéb,n/a
Sárkeszi,Székesfehérvári településegyüttes,településegyüttes,egyéb,n/a
Sárosd,Székesfehérvári településegyüttes,településegyüttes,egyéb,n/a
Sárszentmihály,Székesfehérvári településegyüttes,településegyüttes,egyéb,n/a
Sárszentágota,Székesfehérvári településegyüttes,településegyüttes,egyéb,n/a
Söréd,Székesfehérvári településegyüttes,településegyüttes,egyéb,n/a
Tác,Székesfehérvári településegyüttes,településegyüttes,egyéb,n/a
Zichyújfalu,Székesfehérvári településegyüttes,településegyüttes,egyéb,n/a
Zámoly,Székesfehérvári településegyüttes,településegyüttes,egyéb,n/a
Úrhida,Székesfehérvári településegyüttes,településegyüttes,egyéb,n/a
Héreg,Tatabányai településegyüttes,településegyüttes,egyéb,n/a
Kecskéd,Tatabányai településegyüttes,településegyüttes,egyéb,n/a
Kömlőd,Tatabányai településegyüttes,településegyüttes,egyéb,n/a
Környe,Tatabányai településegyüttes,településegyüttes,egyéb,n/a
Szárliget,Tatabányai településegyüttes,településegyüttes,egyéb,n/a
Tarján,Tatabányai településegyüttes,településegyüttes,egyéb,n/a
Tatabánya,Tatabányai településegyüttes,településegyüttes,központ,n/a
Várgesztes,Tatabányai településegyüttes,településegyüttes,egyéb,n/a
Vértessomló,Tatabányai településegyüttes,településegyüttes,egyéb,n/a
Vértesszőlős,Tatabányai településegyüttes,településegyüttes,egyéb,n/a
Vértestolna,Tatabányai településegyüttes,településegyüttes,egyéb,n/a
Borzavár,Veszprémi településegyüttes,településegyüttes,egyéb,n/a
Bánd,Veszprémi településegyüttes,településegyüttes,egyéb,n/a
Csehbánya,Veszprémi településegyüttes,településegyüttes,egyéb,n/a
Eplény,Veszprémi településegyüttes,településegyüttes,egyéb,n/a
Hajmáskér,Veszprémi településegyüttes,településegyüttes,egyéb,n/a
Herend,Veszprémi településegyüttes,településegyüttes,egyéb,n/a
Hidegkút,Veszprémi településegyüttes,településegyüttes,egyéb,n/a
Hárskút,Veszprémi településegyüttes,településegyüttes,egyéb,n/a
Királyszentistván,Veszprémi településegyüttes,településegyüttes,egyéb,n/a
Litér,Veszprémi településegyüttes,településegyüttes,egyéb,n/a
Lókút,Veszprémi településegyüttes,településegyüttes,egyéb,n/a
Márkó,Veszprémi településegyüttes,településegyüttes,egyéb,n/a
Nagyesztergár,Veszprémi településegyüttes,településegyüttes,egyéb,n/a
Nemesvámos,Veszprémi településegyüttes,településegyüttes,egyéb,n/a
Olaszfalu,Veszprémi településegyüttes,településegyüttes,egyéb,n/a
Porva,Veszprémi településegyüttes,településegyüttes,egyéb,n/a
Pénzesgyőr,Veszprémi településegyüttes,településegyüttes,egyéb,n/a
Szentgál,Veszprémi településegyüttes,településegyüttes,egyéb,n/a
Szentkirályszabadja,Veszprémi településegyüttes,településegyüttes,egyéb,n/a
Sóly,Veszprémi településegyüttes,településegyüttes,egyéb,n/a
Tótvázsony,Veszprémi településegyüttes,településegyüttes,egyéb,n/a
Veszprém,Veszprémi településegyüttes,településegyüttes,központ,n/a
Veszprémfajsz,Veszprémi településegyüttes,településegyüttes,egyéb,n/a
Vilonya,Veszprémi településegyüttes,településegyüttes,egyéb,n/a
Zirc,Veszprémi településegyüttes,településegyüttes,egyéb,n/a
Öskü,Veszprémi településegyüttes,településegyüttes,egyéb,n/a
Úrkút,Veszprémi településegyüttes,településegyüttes,egyéb,n/a
Alibánfa,Zalaegerszegi agglomerálódó térség,agglomerálódó térség,egyéb,n/a
Almásháza,Zalaegerszegi agglomerálódó térség,agglomerálódó térség,egyéb,n/a
Alsónemesapáti,Zalaegerszegi agglomerálódó térség,agglomerálódó térség,egyéb,n/a
Babosdöbréte,Zalaegerszegi agglomerálódó térség,agglomerálódó térség,egyéb,n/a
Bagod,Zalaegerszegi agglomerálódó térség,agglomerálódó térség,egyéb,n/a
Bak,Zalaegerszegi agglomerálódó térség,agglomerálódó térség,egyéb,n/a
Baktüttös,Zalaegerszegi agglomerálódó térség,agglomerálódó térség,egyéb,n/a
Becsvölgye,Zalaegerszegi agglomerálódó térség,agglomerálódó térség,egyéb,n/a
Bocfölde,Zalaegerszegi agglomerálódó térség,agglomerálódó térség,egyéb,n/a
Boncodfölde,Zalaegerszegi agglomerálódó térség,agglomerálódó térség,egyéb,n/a
Böde,Zalaegerszegi agglomerálódó térség,agglomerálódó térség,egyéb,n/a
Búcsúszentlászló,Zalaegerszegi agglomerálódó térség,agglomerálódó térség,egyéb,n/a
Csatár,Zalaegerszegi agglomerálódó térség,agglomerálódó térség,egyéb,n/a
Csonkahegyhát,Zalaegerszegi agglomerálódó térség,agglomerálódó térség,egyéb,n/a
Dobronhegy,Zalaegerszegi agglomerálódó térség,agglomerálódó térség,egyéb,n/a
Egervár,Zalaegerszegi agglomerálódó térség,agglomerálódó térség,egyéb,n/a
Gellénháza,Zalaegerszegi agglomerálódó térség,agglomerálódó térség,egyéb,n/a
Gombosszeg,Zalaegerszegi agglomerálódó térség,agglomerálódó térség,egyéb,n/a
Gősfa,Zalaegerszegi agglomerálódó térség,agglomerálódó térség,egyéb,n/a
Hagyárosbörönd,Zalaegerszegi agglomerálódó térség,agglomerálódó térség,egyéb,n/a
Hottó,Zalaegerszegi agglomerálódó térség,agglomerálódó térség,egyéb,n/a
Kemendollár,Zalaegerszegi agglomerálódó térség,agglomerálódó térség,egyéb,n/a
Kisbucsa,Zalaegerszegi agglomerálódó térség,agglomerálódó térség,egyéb,n/a
Kiskutas,Zalaegerszegi agglomerálódó térség,agglomerálódó térség,egyéb,n/a
Kispáli,Zalaegerszegi agglomerálódó térség,agglomerálódó térség,egyéb,n/a
Kávás,Zalaegerszegi agglomerálódó térség,agglomerálódó térség,egyéb,n/a
Lakhegy,Zalaegerszegi agglomerálódó térség,agglomerálódó térség,egyéb,n/a
Lickóvadamos,Zalaegerszegi agglomerálódó térség,agglomerálódó térség,egyéb,n/a
Milejszeg,Zalaegerszegi agglomerálódó térség,agglomerálódó térség,egyéb,n/a
Misefa,Zalaegerszegi agglomerálódó térség,agglomerálódó térség,egyéb,n/a
Nagykapornak,Zalaegerszegi agglomerálódó térség,agglomerálódó térség,egyéb,n/a
Nagykutas,Zalaegerszegi agglomerálódó térség,agglomerálódó térség,egyéb,n/a
Nagylengyel,Zalaegerszegi agglomerálódó térség,agglomerálódó térség,egyéb,n/a
Nagypáli,Zalaegerszegi agglomerálódó térség,agglomerálódó térség,egyéb,n/a
Nemesapáti,Zalaegerszegi agglomerálódó térség,agglomerálódó térség,egyéb,n/a
Nemesszentandrás,Zalaegerszegi agglomerálódó térség,agglomerálódó térség,egyéb,n/a
Nemessándorháza,Zalaegerszegi agglomerálódó térség,agglomerálódó térség,egyéb,n/a
Németfalu,Zalaegerszegi agglomerálódó térség,agglomerálódó térség,egyéb,n/a
Ormándlak,Zalaegerszegi agglomerálódó térség,agglomerálódó térség,egyéb,n/a
Ozmánbük,Zalaegerszegi agglomerálódó térség,agglomerálódó térség,egyéb,n/a
Pakod,Zalaegerszegi agglomerálódó térség,agglomerálódó térség,egyéb,n/a
Pethőhenye,Zalaegerszegi agglomerálódó térség,agglomerálódó térség,egyéb,n/a
Petrikeresztúr,Zalaegerszegi agglomerálódó térség,agglomerálódó térség,egyéb,n/a
Pusztaederics,Zalaegerszegi agglomerálódó térség,agglomerálódó térség,egyéb,n/a
Pusztaszentlászló,Zalaegerszegi agglomerálódó térség,agglomerálódó térség,egyéb,n/a
Pálfiszeg,Zalaegerszegi agglomerálódó térség,agglomerálódó térség,egyéb,n/a
Pókaszepetk,Zalaegerszegi agglomerálódó térség,agglomerálódó térség,egyéb,n/a
Salomvár,Zalaegerszegi agglomerálódó térség,agglomerálódó térség,egyéb,n/a
Szentkozmadombja,Zalaegerszegi agglomerálódó térség,agglomerálódó térség,egyéb,n/a
Szilvágy,Zalaegerszegi agglomerálódó térség,agglomerálódó térség,egyéb,n/a
Sárhida,Zalaegerszegi agglomerálódó térség,agglomerálódó térség,egyéb,n/a
Söjtör,Zalaegerszegi agglomerálódó térség,agglomerálódó térség,egyéb,n/a
Teskánd,Zalaegerszegi agglomerálódó térség,agglomerálódó térség,egyéb,n/a
Tófej,Zalaegerszegi agglomerálódó térség,agglomerálódó térség,egyéb,n/a
Vasboldogasszony,Zalaegerszegi agglomerálódó térség,agglomerálódó térség,egyéb,n/a
Vaspör,Zalaegerszegi agglomerálódó térség,agglomerálódó térség,egyéb,n/a
Vöckönd,Zalaegerszegi agglomerálódó térség,agglomerálódó térség,egyéb,n/a
Zalaboldogfa,Zalaegerszegi agglomerálódó térség,agglomerálódó térség,egyéb,n/a
Zalabér,Zalaegerszegi agglomerálódó térség,agglomerálódó térség,egyéb,n/a
Zalacséb,Zalaegerszegi agglomerálódó térség,agglomerálódó térség,egyéb,n/a
Zalaegerszeg,Zalaegerszegi agglomerálódó térség,agglomerálódó térség,központ,n/a
Zalaháshágy,Zalaegerszegi agglomerálódó térség,agglomerálódó térség,egyéb,n/a
Zalaistvánd,Zalaegerszegi agglomerálódó térség,agglomerálódó térség,egyéb,n/a
Zalaszentgyörgy,Zalaegerszegi agglomerálódó térség,agglomerálódó térség,egyéb,n/a
Zalaszentiván,Zalaegerszegi agglomerálódó térség,agglomerálódó térség,egyéb,n/a
Zalaszentlőrinc,Zalaegerszegi agglomerálódó térség,agglomerálódó térség,egyéb,n/a
Zalaszentmihály,Zalaegerszegi agglomerálódó térség,agglomerálódó térség,egyéb,n/a
