variable,init_yr,last_yr,country,unit,val_init,val_2010,val_last
median_hourly_earnings,2006,2022,Austria,constant_PPS,84.75747423515924,85.60092109277164,93.61252783153418
median_hourly_earnings,2006,2022,Austria,constant_euro_2006,82.56035502653091,85.00956330623993,86.3113249618123
median_hourly_earnings,2006,2022,Austria,current_PPS,84.75747423515924,85.60092109277164,93.61252783153418
median_hourly_earnings,2006,2022,Belgium,constant_PPS,100.66862463309528,107.83966124038267,126.84140221448334
median_hourly_earnings,2006,2022,Belgium,constant_euro_2006,101.12757650030866,106.57069852714993,115.75519716610427
median_hourly_earnings,2006,2022,Belgium,current_PPS,100.66862463309528,107.83966124038267,126.84140221448334
median_hourly_earnings,2006,2022,Bulgaria,constant_PPS,15.987646313310721,24.936554526173676,40.01756914935812
median_hourly_earnings,2006,2022,Bulgaria,constant_euro_2006,5.652481133445369,8.437488423170494,17.630746814461055
median_hourly_earnings,2006,2022,Bulgaria,current_PPS,15.987646313310721,24.936554526173683,40.017569149358124
median_hourly_earnings,2006,2022,Croatia,constant_PPS,NA,50.310592465087254,55.976956845828326
median_hourly_earnings,2006,2022,Croatia,constant_euro_2006,NA,29.608264577576293,33.99484246122032
median_hourly_earnings,2006,2022,Croatia,current_PPS,NA,50.310592465087254,55.976956845828326
median_hourly_earnings,2006,2022,Czechia,constant_PPS,44.750110494195084,46.22741394618161,60.80050312722417
median_hourly_earnings,2006,2022,Czechia,constant_euro_2006,25.72466645106159,26.54226675352517,32.45982563891332
median_hourly_earnings,2006,2022,Czechia,current_PPS,44.750110494195084,46.22741394618161,60.80050312722418
median_hourly_earnings,2006,2022,Denmark,constant_PPS,116.80926277715538,131.9741628431999,133.33234721043576
median_hourly_earnings,2006,2022,Denmark,constant_euro_2006,148.6095122142445,160.43585135351012,160.1929362351062
median_hourly_earnings,2006,2022,Denmark,current_PPS,116.80926277715538,131.9741628431999,133.33234721043576
median_hourly_earnings,2006,2022,Estonia,constant_PPS,34.882137410859755,43.45668566549566,62.229702025415534
median_hourly_earnings,2006,2022,Estonia,constant_euro_2006,20.653349248576262,23.790932490120696,35.04546296825684
median_hourly_earnings,2006,2022,Estonia,current_PPS,34.882137410859755,43.456685665495655,62.229702025415534
median_hourly_earnings,2006,2022,Finland,constant_PPS,89.95919648063833,97.41297323674864,92.8383784283472
median_hourly_earnings,2006,2022,Finland,constant_euro_2006,97.22987733596604,103.35863112787523,100.101615165923
median_hourly_earnings,2006,2022,Finland,current_PPS,89.95919648063833,97.41297323674864,92.83837842834718
median_hourly_earnings,2006,2022,France,constant_PPS,91.3361229573828,89.17370229681407,92.18332893334282
median_hourly_earnings,2006,2022,France,constant_euro_2006,93.75738171682437,90.9307160030831,91.86973455498143
median_hourly_earnings,2006,2022,France,current_PPS,91.3361229573828,89.17370229681407,92.18332893334282
median_hourly_earnings,2006,2022,Germany,constant_PPS,110.30710997030653,107.40217782764279,103.20007044023455
median_hourly_earnings,2006,2022,Germany,constant_euro_2006,105.09614292218484,102.04339702940058,100.53849760534676
median_hourly_earnings,2006,2022,Germany,current_PPS,110.30710997030653,107.40217782764279,103.20007044023455
median_hourly_earnings,2006,2022,Hungary,constant_PPS,33.964186426363455,41.050526895426266,52.76125932489777
median_hourly_earnings,2006,2022,Hungary,constant_euro_2006,19.754300902436242,20.893645019452663,32.97715953617851
median_hourly_earnings,2006,2022,Hungary,current_PPS,33.964186426363455,41.050526895426266,52.76125932489776
median_hourly_earnings,2006,2022,Latvia,constant_PPS,26.00861122739544,22.894965266720867,53.17810900353691
median_hourly_earnings,2006,2022,Latvia,constant_euro_2006,13.71356313361392,15.690387371385487,27.63575243958551
median_hourly_earnings,2006,2022,Latvia,current_PPS,26.008611227395434,22.894965266720867,53.17810900353691
median_hourly_earnings,2006,2022,Lithuania,constant_PPS,30.292382488378212,33.17582546610826,69.79254619501148
median_hourly_earnings,2006,2022,Lithuania,constant_euro_2006,15.167661989474821,15.339765291139374,33.83074045636013
median_hourly_earnings,2006,2022,Lithuania,current_PPS,30.292382488378212,33.17582546610826,69.7925461950115
median_hourly_earnings,2006,2022,Netherlands,constant_PPS,91.56561070350688,100.98575444079107,96.4113756738256
median_hourly_earnings,2006,2022,Netherlands,constant_euro_2006,90.42662061274973,103.01921437436685,94.98104958550412
median_hourly_earnings,2006,2022,Netherlands,current_PPS,91.56561070350688,100.98575444079107,96.4113756738256
median_hourly_earnings,2006,2022,Poland,constant_PPS,41.46078613308331,49.071056128990904,66.87459844453745
median_hourly_earnings,2006,2022,Poland,constant_euro_2006,22.962512285877466,26.283442479882336,37.931219957690175
median_hourly_earnings,2006,2022,Poland,current_PPS,41.46078613308331,49.071056128990904,66.87459844453745
median_hourly_earnings,2006,2022,Romania,constant_PPS,21.265864474164502,28.509335730216108,59.13310441266758
median_hourly_earnings,2006,2022,Romania,constant_euro_2006,10.39009652321618,13.631926194581737,31.134095877661633
median_hourly_earnings,2006,2022,Romania,current_PPS,21.265864474164502,28.50933573021611,59.13310441266758
median_hourly_earnings,2006,2022,Slovakia,constant_PPS,28.303488688636214,42.80046054638582,58.00165528493275
median_hourly_earnings,2006,2022,Slovakia,constant_euro_2006,22.06986025955402,25.79680765100018,37.20559642045828
median_hourly_earnings,2006,2022,Slovakia,current_PPS,28.303488688636207,42.80046054638582,58.00165528493276
median_hourly_earnings,2006,2022,Slovenia,constant_PPS,56.14800188502426,62.41430021755752,73.48464334867252
median_hourly_earnings,2006,2022,Slovenia,constant_euro_2006,38.831495521299736,45.117285087963076,52.729527860825165
median_hourly_earnings,2006,2022,Slovenia,current_PPS,56.14800188502426,62.41430021755752,73.4846433486725
median_hourly_earnings,2006,2022,Sweden,constant_PPS,90.64765971901055,93.91310593482955,90.63503012696886
median_hourly_earnings,2006,2022,Sweden,constant_euro_2006,101.26630091327031,106.3528562281685,116.04061352011823
median_hourly_earnings,2006,2022,Sweden,current_PPS,90.64765971901055,93.91310593482955,90.63503012696886
