country,region,start_yr,end_yr,start,end,pop_start,pop_end,mean_end,mean_start,scaling,change,log_change,mean_lin_diff,mean_log_diff,label_color,label_txt_linear,label_txt_log,label_final,x_text,mean_start_end_lin,mean_start_end_log,mean_label_val,mean_label_txt,region_lab,period_lab_T_F,period_lab,x_start,x_end,type_scale,sel_var
"South
Korea",Asia,1995,2023,7.693996299,26.467398799999998,45368368,51748695,26467.3988,7693.996299,0.001,18.773402501,1.235473418365082,18.773402500999996,1.235473418365082,black,$19k,1.24,$19k,17.080697549499998,8 → 26,2.04 → 3.28,19,+19k (8 → 26),"Asia
+19k (8 → 26)",TRUE,(1995-2023),7.693996299,26.467398799999998,linear,value
Poland,CEE,1995,2024,6.44377779,24.729887790000003,38364630,36554707,20774.492289228394,4974.414488671181,0.001,18.28611,1.3448975626391242,15.800077800557213,1.4294182289328234,black,$18k,1.34,$18k,15.586832790000003,5 → 21,1.6 → 3.03,16,+16k (5 → 21),"CEE
+16k (5 → 21)",FALSE,,6.44377779,24.729887790000003,linear,value
Romania,CEE,1996,2024,2.20810705,19.906769960000002,22541865,19069340,20774.492289228394,4974.414488671181,0.001,17.698662910000003,2.198924262841413,15.800077800557213,1.4294182289328234,black,$18k,2.2,$18k,11.057438505,5 → 21,1.6 → 3.03,16,+16k (5 → 21),"CEE
+16k (5 → 21)",TRUE,(1996-2024),2.20810705,19.906769960000002,linear,value
Lithuania,CEE,1995,2024,2.766778431,20.396713130000002,3626997,2888055,20774.492289228394,4974.414488671181,0.001,17.629934699000003,1.99769014472484,15.800077800557213,1.4294182289328234,black,$18k,2,$18k,11.5817457805,5 → 21,1.6 → 3.03,16,+16k (5 → 21),"CEE
+16k (5 → 21)",FALSE,,2.766778431,20.396713130000002,linear,value
Slovenia,CEE,1995,2024,11.42759261,25.03814762,1988051,2126324,20774.492289228394,4974.414488671181,0.001,13.61055501,0.7843697313327291,15.800077800557213,1.4294182289328234,black,$14k,0.78,$14k,18.232870115,5 → 21,1.6 → 3.03,16,+16k (5 → 21),"CEE
+16k (5 → 21)",FALSE,,11.42759261,25.03814762,linear,value
Latvia,CEE,1995,2024,3.248420368,15.415446280000001,2485908,1862441,20774.492289228394,4974.414488671181,0.001,12.167025912000001,1.5572011743705387,15.800077800557213,1.4294182289328234,black,$12k,1.56,$12k,9.331933324000001,5 → 21,1.6 → 3.03,16,+16k (5 → 21),"CEE
+16k (5 → 21)",FALSE,,3.248420368,15.415446280000001,linear,value
Hungary,CEE,1995,2024,4.725967013000001,16.53377145,10322744,9562314,20774.492289228394,4974.414488671181,0.001,11.807804436999998,1.252332844861693,15.800077800557213,1.4294182289328234,black,$12k,1.25,$12k,10.6298692315,5 → 21,1.6 → 3.03,16,+16k (5 → 21),"CEE
+16k (5 → 21)",FALSE,,4.725967013000001,16.53377145,linear,value
Czechia,CEE,1995,2024,5.171672924,15.3256995,10311979,10882164,20774.492289228394,4974.414488671181,0.001,10.154026576,1.0863349059951637,15.800077800557213,1.4294182289328234,black,$10k,1.09,$10k,10.248686212,5 → 21,1.6 → 3.03,16,+16k (5 → 21),"CEE
+16k (5 → 21)",FALSE,,5.171672924,15.3256995,linear,value
Slovakia,CEE,1995,2024,6.092254658,15.944301240000001,5354244,5422069,20774.492289228394,4974.414488671181,0.001,9.852046582000002,0.9620832401650173,15.800077800557213,1.4294182289328234,black,$10k,0.96,$10k,11.018277949000002,5 → 21,1.6 → 3.03,16,+16k (5 → 21),"CEE
+16k (5 → 21)",FALSE,,6.092254658,15.944301240000001,linear,value
Spain,Southern Europe,1995,2024,17.171076239999998,26.215626670000002,40052688,48807137,24309.323664905445,16239.80684397011,0.001,9.044550430000005,0.4231293163889188,8.069516820935336,0.4033945258515609,black,$9k,0.42,$9k,21.693351455,16 → 24,2.79 → 3.19,8,+8k (16 → 24),"Southern Europe
+8k (16 → 24)",FALSE,,17.171076239999998,26.215626670000002,linear,value
Portugal,Southern Europe,1995,2024,11.72718047,19.81390805,10031702,10701636,24309.323664905445,16239.80684397011,0.001,8.086727579999998,0.5244748532488175,8.069516820935336,0.4033945258515609,black,$8k,0.52,$8k,15.77054426,16 → 24,2.79 → 3.19,8,+8k (16 → 24),"Southern Europe
+8k (16 → 24)",FALSE,,11.72718047,19.81390805,linear,value
Chile,Latin America,1995,2024,4.183854172999999,10.93140856,14527329,19764771,7289.974793600483,3301.0178290080453,0.001,6.747554387,0.960407292216808,3.988956964592438,0.792269234397131,black,$7k,0.96,$7k,7.557631366499999,3 → 7,1.19 → 1.99,4,+4k (3 → 7),"Latin America
+4k (3 → 7)",FALSE,,4.183854172999999,10.93140856,linear,value
Costa Rica,Latin America,1995,2024,8.510492247,13.468669850000001,3535133,5129910,7289.974793600483,3301.0178290080453,0.001,4.958177603000001,0.45906645220107806,3.988956964592438,0.792269234397131,black,$5k,0.46,$5k,10.9895810485,3 → 7,1.19 → 1.99,4,+4k (3 → 7),"Latin America
+4k (3 → 7)",FALSE,,8.510492247,13.468669850000001,linear,value
Brazil,Latin America,1995,2024,2.606243988,6.7118321,161735036,211998573,7289.974793600483,3301.0178290080453,0.001,4.1055881119999995,0.9459618541536142,3.988956964592438,0.792269234397131,black,$4k,0.95,$4k,4.659038044,3 → 7,1.19 → 1.99,4,+4k (3 → 7),"Latin America
+4k (3 → 7)",FALSE,,2.606243988,6.7118321,linear,value
Colombia,Latin America,1995,2024,7.046999138,11.10741,35804622,52886363,7289.974793600483,3301.0178290080453,0.001,4.0604108619999995,0.4550105811384214,3.988956964592438,0.792269234397131,black,$4k,0.46,$4k,9.077204569,3 → 7,1.19 → 1.99,4,+4k (3 → 7),"Latin America
+4k (3 → 7)",FALSE,,7.046999138,11.10741,linear,value
Mexico,Latin America,1995,2024,2.7177665120000003,5.891597261,90862395,130861007,7289.974793600483,3301.0178290080453,0.001,3.173830749,0.7737167350364291,3.988956964592438,0.792269234397131,black,$3k,0.77,$3k,4.3046818865,3 → 7,1.19 → 1.99,4,+4k (3 → 7),"Latin America
+4k (3 → 7)",FALSE,,2.7177665120000003,5.891597261,linear,value
Greece,Southern Europe,1995,2024,16.99742057,19.984197690000002,10519187,10388805,24309.323664905445,16239.80684397011,0.001,2.986777120000003,0.1618802443808176,8.069516820935336,0.4033945258515609,black,$3k,0.16,$3k,18.490809130000002,16 → 24,2.79 → 3.19,8,+8k (16 → 24),"Southern Europe
+8k (16 → 24)",FALSE,,16.99742057,19.984197690000002,linear,value
Romania,CEE,1996,2024,9.022667602290461,62.90725485448347,22541865,19069340,65.64933856858575,20.612179284110102,1,53.88458725219301,1.941921463155348,45.03715928447565,1.1584453971078383,black,+54%,1.94,+54%,35.96496122838697,21 → 66,3.03 → 4.18,45,+45% (21 → 66),"CEE
+45% (21 → 66)",TRUE,(1996-2024),9.022667602290461,62.90725485448347,linear,% of W_EUR3
Lithuania,CEE,1995,2024,11.483256827800263,64.45552109362393,3626997,2888055,65.64933856858575,20.612179284110102,1,52.97226426582367,1.7250853440149356,45.03715928447565,1.1584453971078383,black,+53%,1.73,+53%,37.969388960712095,21 → 66,3.03 → 4.18,45,+45% (21 → 66),"CEE
+45% (21 → 66)",FALSE,,11.483256827800263,64.45552109362393,linear,% of W_EUR3
"South
Korea",Asia,1995,2023,31.93321682127921,83.84830619009736,45368368,51748695,83.84830619009736,31.933216821279206,1,51.91508936881815,0.9653625398902027,51.91508936881816,0.9653625398902029,black,+52%,0.97,+52%,57.89076150568829,32 → 84,3.46 → 4.43,52,+52% (32 → 84),"Asia
+52% (32 → 84)",TRUE,(1995-2023),31.93321682127921,83.84830619009736,linear,% of W_EUR3
Poland,CEE,1995,2024,26.744301052361784,78.14875827943254,38364630,36554707,65.64933856858575,20.612179284110102,1,51.40445722707076,1.0722927619292195,45.03715928447565,1.1584453971078383,black,+51%,1.07,+51%,52.44652966589716,21 → 66,3.03 → 4.18,45,+45% (21 → 66),"CEE
+45% (21 → 66)",FALSE,,26.744301052361784,78.14875827943254,linear,% of W_EUR3
Latvia,CEE,1995,2024,13.482266939936775,48.71425197458599,2485908,1862441,65.64933856858575,20.612179284110102,1,35.23198503464921,1.2845963736606343,45.03715928447565,1.1584453971078383,black,+35%,1.28,+35%,31.098259457261385,21 → 66,3.03 → 4.18,45,+45% (21 → 66),"CEE
+45% (21 → 66)",FALSE,,13.482266939936775,48.71425197458599,linear,% of W_EUR3
Hungary,CEE,1995,2024,19.614687017195077,52.24826410316005,10322744,9562314,65.64933856858575,20.612179284110102,1,32.63357708596497,0.9797280441517887,45.03715928447565,1.1584453971078383,black,+33%,0.98,+33%,35.93147556017756,21 → 66,3.03 → 4.18,45,+45% (21 → 66),"CEE
+45% (21 → 66)",FALSE,,19.614687017195077,52.24826410316005,linear,% of W_EUR3
Slovenia,CEE,1995,2024,47.429161436925455,79.1228881722366,1988051,2126324,65.64933856858575,20.612179284110102,1,31.693726735311145,0.5117649306228249,45.03715928447565,1.1584453971078383,black,+32%,0.51,+32%,63.27602480458103,21 → 66,3.03 → 4.18,45,+45% (21 → 66),"CEE
+45% (21 → 66)",FALSE,,47.429161436925455,79.1228881722366,linear,% of W_EUR3
Czechia,CEE,1995,2024,21.464547992087752,48.430643756217385,10311979,10882164,65.64933856858575,20.612179284110102,1,26.966095764129633,0.8137301052852591,45.03715928447565,1.1584453971078383,black,+27%,0.81,+27%,34.94759587415257,21 → 66,3.03 → 4.18,45,+45% (21 → 66),"CEE
+45% (21 → 66)",FALSE,,21.464547992087752,48.430643756217385,linear,% of W_EUR3
Slovakia,CEE,1995,2024,25.28533695157191,50.38548310935205,5354244,5422069,65.64933856858575,20.612179284110102,1,25.10014615778014,0.6894784394551128,45.03715928447565,1.1584453971078383,black,+25%,0.69,+25%,37.83541003046198,21 → 66,3.03 → 4.18,45,+45% (21 → 66),"CEE
+45% (21 → 66)",FALSE,,25.28533695157191,50.38548310935205,linear,% of W_EUR3
Chile,Latin America,1995,2024,17.364698040261274,34.544273409708005,14527329,19764771,23.037002142751746,13.700567815235738,1,17.17957536944673,0.6878024915069033,9.336434327516008,0.5196644336872265,black,+17%,0.69,+17%,25.95448572498464,14 → 23,2.62 → 3.14,9,+9% (14 → 23),"Latin America
+9% (14 → 23)",FALSE,,17.364698040261274,34.544273409708005,linear,% of W_EUR3
Portugal,Southern Europe,1995,2024,48.672573016372986,62.61380253397228,10031702,10701636,76.81973631086923,67.4018095318805,1,13.941229517599297,0.251870052538913,9.417926778988729,0.13078972514165638,black,+14%,0.25,+14%,55.643187775172635,67 → 77,4.21 → 4.34,9,+9% (67 → 77),"Southern Europe
+9% (67 → 77)",FALSE,,48.672573016372986,62.61380253397228,linear,% of W_EUR3
Spain,Southern Europe,1995,2024,71.26695663967276,82.84383209397794,40052688,48807137,76.81973631086923,67.4018095318805,1,11.576875454305181,0.15052451567901437,9.417926778988729,0.13078972514165638,black,+12%,0.15,+12%,77.05539436682534,67 → 77,4.21 → 4.34,9,+9% (67 → 77),"Southern Europe
+9% (67 → 77)",FALSE,,71.26695663967276,82.84383209397794,linear,% of W_EUR3
Brazil,Latin America,1995,2024,10.816973536727122,21.210017160172324,161735036,211998573,23.037002142751746,13.700567815235738,1,10.393043623445202,0.6733570534437096,9.336434327516008,0.5196644336872265,black,+10%,0.67,+10%,16.013495348449723,14 → 23,2.62 → 3.14,9,+9% (14 → 23),"Latin America
+9% (14 → 23)",FALSE,,10.816973536727122,21.210017160172324,linear,% of W_EUR3
Mexico,Latin America,1995,2024,11.279837411487652,18.61799835645982,90862395,130861007,23.037002142751746,13.700567815235738,1,7.33816094497217,0.5011119343265246,9.336434327516008,0.5196644336872265,black,+7%,0.5,+7%,14.948917883973737,14 → 23,2.62 → 3.14,9,+9% (14 → 23),"Latin America
+9% (14 → 23)",FALSE,,11.279837411487652,18.61799835645982,linear,% of W_EUR3
Costa Rica,Latin America,1995,2024,35.32200739615494,42.56225638349858,3535133,5129910,23.037002142751746,13.700567815235738,1,7.240248987343641,0.1864616514911735,9.336434327516008,0.5196644336872265,black,+7%,0.19,+7%,38.942131889826754,14 → 23,2.62 → 3.14,9,+9% (14 → 23),"Latin America
+9% (14 → 23)",FALSE,,35.32200739615494,42.56225638349858,linear,% of W_EUR3
Colombia,Latin America,1995,2024,29.247915214408096,35.10045442064465,35804622,52886363,23.037002142751746,13.700567815235738,1,5.852539206236557,0.18240578042851704,9.336434327516008,0.5196644336872265,black,+6%,0.18,+6%,32.174184817526374,14 → 23,2.62 → 3.14,9,+9% (14 → 23),"Latin America
+9% (14 → 23)",FALSE,,29.247915214408096,35.10045442064465,linear,% of W_EUR3
Greece,Southern Europe,1995,2024,70.54621491497564,63.15193372271278,10519187,10388805,76.81973631086923,67.4018095318805,1,-7.394281192262852,-0.11072455632908688,9.417926778988729,0.13078972514165638,red,-7%,-0.11,-7%,66.8490743188442,67 → 77,4.21 → 4.34,9,+9% (67 → 77),"Southern Europe
+9% (67 → 77)",FALSE,,70.54621491497564,63.15193372271278,linear,% of W_EUR3
Romania,CEE,1996,2024,13.57676440382331,81.8894438792583,22541865,19069340,85.45894807933234,30.626222141669974,1,68.31267947543499,1.7970102603158,54.832725937662374,1.0261795464804429,black,+68%,1.8,+68%,47.7331041415408,31 → 85,3.42 → 4.45,55,+55% (31 → 85),"CEE
+55% (31 → 85)",TRUE,(1996-2024),13.57676440382331,81.8894438792583,linear,% of S_EUR4
Lithuania,CEE,1995,2024,17.037015634378147,83.90489760702825,3626997,2888055,85.45894807933234,30.626222141669974,1,66.8678819726501,1.594295618873279,54.832725937662374,1.0261795464804429,black,+67%,1.59,+67%,50.4709566207032,31 → 85,3.42 → 4.45,55,+55% (31 → 85),"CEE
+55% (31 → 85)",FALSE,,17.037015634378147,83.90489760702825,linear,% of S_EUR4
"South
Korea",Asia,1995,2023,47.37738800050325,111.91998167036442,45368368,51748695,111.91998167036442,47.377388000503245,1,64.54259366986116,0.8596390981074601,64.54259366986118,0.8596390981074603,black,+65%,0.86,+65%,79.64868483543384,47 → 112,3.86 → 4.72,65,+65% (47 → 112),"Asia
+65% (47 → 112)",TRUE,(1995-2023),47.37738800050325,111.91998167036442,linear,% of S_EUR4
Poland,CEE,1995,2024,39.67890660222104,101.73005276038062,38364630,36554707,85.45894807933234,30.626222141669974,1,62.051146158159575,0.9415030367875631,54.832725937662374,1.0261795464804429,black,+62%,0.94,+62%,70.70447968130082,31 → 85,3.42 → 4.45,55,+55% (31 → 85),"CEE
+55% (31 → 85)",FALSE,,39.67890660222104,101.73005276038062,linear,% of S_EUR4
Latvia,CEE,1995,2024,20.00282638340707,63.4137193304755,2485908,1862441,85.45894807933234,30.626222141669974,1,43.41089294706843,1.153806648518978,54.832725937662374,1.0261795464804429,black,+43%,1.15,+43%,41.708272856941285,31 → 85,3.42 → 4.45,55,+55% (31 → 85),"CEE
+55% (31 → 85)",FALSE,,20.00282638340707,63.4137193304755,linear,% of S_EUR4
Hungary,CEE,1995,2024,29.101128224038984,68.0141153983204,10322744,9562314,85.45894807933234,30.626222141669974,1,38.91298717428141,0.8489383190101322,54.832725937662374,1.0261795464804429,black,+39%,0.85,+39%,48.55762181117969,31 → 85,3.42 → 4.45,55,+55% (31 → 85),"CEE
+55% (31 → 85)",FALSE,,29.101128224038984,68.0141153983204,linear,% of S_EUR4
Slovenia,CEE,1995,2024,70.36778651245535,102.99812518497474,1988051,2126324,85.45894807933234,30.626222141669974,1,32.630338672519386,0.38097520548116826,54.832725937662374,1.0261795464804429,black,+33%,0.38,+33%,86.68295584871504,31 → 85,3.42 → 4.45,55,+55% (31 → 85),"CEE
+55% (31 → 85)",FALSE,,70.36778651245535,102.99812518497474,linear,% of S_EUR4
Czechia,CEE,1995,2024,31.845655392879618,63.044532670915885,10311979,10882164,85.45894807933234,30.626222141669974,1,31.198877278036267,0.6829403801436027,54.832725937662374,1.0261795464804429,black,+31%,0.68,+31%,47.44509403189775,31 → 85,3.42 → 4.45,55,+55% (31 → 85),"CEE
+55% (31 → 85)",FALSE,,31.845655392879618,63.044532670915885,linear,% of S_EUR4
Slovakia,CEE,1995,2024,37.51432955166011,65.58924246427412,5354244,5422069,85.45894807933234,30.626222141669974,1,28.07491291261401,0.5586887143134563,54.832725937662374,1.0261795464804429,black,+28%,0.56,+28%,51.55178600796712,31 → 85,3.42 → 4.45,55,+55% (31 → 85),"CEE
+55% (31 → 85)",FALSE,,37.51432955166011,65.58924246427412,linear,% of S_EUR4
Chile,Latin America,1995,2024,25.7629552690984,44.96796665627233,14527329,19764771,29.988390027176177,20.32670622701232,1,19.205011387173933,0.557012766365247,9.661683800163857,0.38887470854557005,black,+19%,0.56,+19%,35.36546096268536,20 → 30,3.01 → 3.4,10,+10% (20 → 30),"Latin America
+10% (20 → 30)",FALSE,,25.7629552690984,44.96796665627233,linear,% of S_EUR4
Brazil,Latin America,1995,2024,16.048491296974426,27.610114507996972,161735036,211998573,29.988390027176177,20.32670622701232,1,11.561623211022546,0.5425673283020533,9.661683800163857,0.38887470854557005,black,+12%,0.54,+12%,21.8293029024857,20 → 30,3.01 → 3.4,10,+10% (20 → 30),"Latin America
+10% (20 → 30)",FALSE,,16.048491296974426,27.610114507996972,linear,% of S_EUR4
Mexico,Latin America,1995,2024,16.735214514014466,24.23595712580643,90862395,130861007,29.988390027176177,20.32670622701232,1,7.5007426117919636,0.37032220918486813,9.661683800163857,0.38887470854557005,black,+8%,0.37,+8%,20.485585819910447,20 → 30,3.01 → 3.4,10,+10% (20 → 30),"Latin America
+10% (20 → 30)",FALSE,,16.735214514014466,24.23595712580643,linear,% of S_EUR4
Costa Rica,Latin America,1995,2024,52.40513220857656,55.40536641685456,3535133,5129910,29.988390027176177,20.32670622701232,1,3.000234208278002,0.05567192634951705,9.661683800163857,0.38887470854557005,black,+3%,0.06,+3%,53.90524931271556,20 → 30,3.01 → 3.4,10,+10% (20 → 30),"Latin America
+10% (20 → 30)",FALSE,,52.40513220857656,55.40536641685456,linear,% of S_EUR4
Colombia,Latin America,1995,2024,43.39336794893329,45.691974623034845,35804622,52886363,29.988390027176177,20.32670622701232,1,2.2986066741015563,0.05161605528686052,9.661683800163857,0.38887470854557005,black,+2%,0.05,+2%,44.54267128598407,20 → 30,3.01 → 3.4,10,+10% (20 → 30),"Latin America
+10% (20 → 30)",FALSE,,43.39336794893329,45.691974623034845,linear,% of S_EUR4
"South
Korea",Asia,1995,2023,43.188031588402836,121.29156767093976,45368368,51748695,121.29156767093976,43.188031588402836,1,78.10353608253692,1.0326338869173888,78.10353608253692,1.0326338869173888,black,+78%,1.03,+78%,82.2397996296713,43 → 121,3.77 → 4.8,78,+78% (43 → 121),"Asia
+78% (43 → 121)",TRUE,(1995-2023),43.188031588402836,121.29156767093976,linear,% of G7
Romania,CEE,1996,2024,12.294347657390947,89.63240759133068,22541865,19069340,93.53942222232199,27.898660014915343,1,77.33805993393973,1.9865773297457117,65.64076220740665,1.2098043159460405,black,+77%,1.99,+77%,50.96337762436081,28 → 94,3.33 → 4.54,66,+66% (28 → 94),"CEE
+66% (28 → 94)",TRUE,(1996-2024),12.294347657390947,89.63240759133068,linear,% of G7
Lithuania,CEE,1995,2024,15.530513615098844,91.83843026594185,3626997,2888055,93.53942222232199,27.898660014915343,1,76.30791665084301,1.7772241313126418,65.64076220740665,1.2098043159460405,black,+76%,1.78,+76%,53.684471940520346,28 → 94,3.33 → 4.54,66,+66% (28 → 94),"CEE
+66% (28 → 94)",FALSE,,15.530513615098844,91.83843026594185,linear,% of G7
Poland,CEE,1995,2024,36.17029017538504,111.34902279652162,38364630,36554707,93.53942222232199,27.898660014915343,1,75.17873262113659,1.1244315492269257,65.64076220740665,1.2098043159460405,black,+75%,1.12,+75%,73.75965648595333,28 → 94,3.33 → 4.54,66,+66% (28 → 94),"CEE
+66% (28 → 94)",FALSE,,36.17029017538504,111.34902279652162,linear,% of G7
Latvia,CEE,1995,2024,18.23407186767548,69.40973181222326,2485908,1862441,93.53942222232199,27.898660014915343,1,51.175659944547775,1.3367351609583402,65.64076220740665,1.2098043159460405,black,+51%,1.34,+51%,43.82190183994937,28 → 94,3.33 → 4.54,66,+66% (28 → 94),"CEE
+66% (28 → 94)",FALSE,,18.23407186767548,69.40973181222326,linear,% of G7
Slovenia,CEE,1995,2024,64.14549883319079,112.73699637446084,1988051,2126324,93.53942222232199,27.898660014915343,1,48.59149754127006,0.5639037179205308,65.64076220740665,1.2098043159460405,black,+49%,0.56,+49%,88.44124760382581,28 → 94,3.33 → 4.54,66,+66% (28 → 94),"CEE
+66% (28 → 94)",FALSE,,64.14549883319079,112.73699637446084,linear,% of G7
Hungary,CEE,1995,2024,26.527854279020335,74.44511312513838,10322744,9562314,93.53942222232199,27.898660014915343,1,47.917258846118045,1.0318668314494948,65.64076220740665,1.2098043159460405,black,+48%,1.03,+48%,50.486483702079354,28 → 94,3.33 → 4.54,66,+66% (28 → 94),"CEE
+66% (28 → 94)",FALSE,,26.527854279020335,74.44511312513838,linear,% of G7
Czechia,CEE,1995,2024,29.029696002794978,69.00563712578575,10311979,10882164,93.53942222232199,27.898660014915343,1,39.975941122990776,0.865868892582965,65.64076220740665,1.2098043159460405,black,+40%,0.87,+40%,49.017666564290366,28 → 94,3.33 → 4.54,66,+66% (28 → 94),"CEE
+66% (28 → 94)",FALSE,,29.029696002794978,69.00563712578575,linear,% of G7
Slovakia,CEE,1995,2024,34.19711634752091,71.79095907443937,5354244,5422069,93.53942222232199,27.898660014915343,1,37.59384272691846,0.7416172267528187,65.64076220740665,1.2098043159460405,black,+38%,0.74,+38%,52.99403771098014,28 → 94,3.33 → 4.54,66,+66% (28 → 94),"CEE
+66% (28 → 94)",FALSE,,34.19711634752091,71.79095907443937,linear,% of G7
Chile,Latin America,1995,2024,23.48486003408656,49.219861864384605,14527329,19764771,32.823908315788124,18.52931256174502,1,25.735001830298046,0.7399412788046092,14.294595754043105,0.5718032209849325,black,+26%,0.74,+26%,36.35236094923558,19 → 33,2.92 → 3.49,14,+14% (19 → 33),"Latin America
+14% (19 → 33)",FALSE,,23.48486003408656,49.219861864384605,linear,% of G7
Portugal,Southern Europe,1995,2024,65.82714897420576,89.21428669157875,10031702,10701636,109.45538685485393,91.15747703935068,1,23.387137717372994,0.3040088398366189,18.297909815503246,0.18292851243936223,black,+23%,0.3,+23%,77.52071783289225,91 → 109,4.51 → 4.7,18,+18% (91 → 109),"Southern Europe
+18% (91 → 109)",FALSE,,65.82714897420576,89.21428669157875,linear,% of G7
Spain,Southern Europe,1995,2024,96.38488949577193,118.03872449770346,40052688,48807137,109.45538685485393,91.15747703935068,1,21.653835001931526,0.2026633029767203,18.297909815503246,0.18292851243936223,black,+22%,0.2,+22%,107.21180699673769,91 → 109,4.51 → 4.7,18,+18% (91 → 109),"Southern Europe
+18% (91 → 109)",FALSE,,96.38488949577193,118.03872449770346,linear,% of G7
Brazil,Latin America,1995,2024,14.629399769201655,30.220757645796237,161735036,211998573,32.823908315788124,18.52931256174502,1,15.591357876594582,0.7254958407414155,14.294595754043105,0.5718032209849325,black,+16%,0.73,+16%,22.425078707498947,19 → 33,2.92 → 3.49,14,+14% (19 → 33),"Latin America
+14% (19 → 33)",FALSE,,14.629399769201655,30.220757645796237,linear,% of G7
Costa Rica,Latin America,1995,2024,47.77119636047454,60.64415814991749,3535133,5129910,32.823908315788124,18.52931256174502,1,12.872961789442947,0.23860043878887952,14.294595754043105,0.5718032209849325,black,+13%,0.24,+13%,54.20767725519602,19 → 33,2.92 → 3.49,14,+14% (19 → 33),"Latin America
+14% (19 → 33)",FALSE,,47.77119636047454,60.64415814991749,linear,% of G7
Mexico,Latin America,1995,2024,15.255399328098818,26.527560630027963,90862395,130861007,32.823908315788124,18.52931256174502,1,11.272161301929145,0.5532507216242305,14.294595754043105,0.5718032209849325,black,+11%,0.55,+11%,20.89147997906339,19 → 33,2.92 → 3.49,14,+14% (19 → 33),"Latin America
+14% (19 → 33)",FALSE,,15.255399328098818,26.527560630027963,linear,% of G7
Colombia,Latin America,1995,2024,39.556299424649815,50.01232758526448,35804622,52886363,32.823908315788124,18.52931256174502,1,10.456028160614665,0.234544567726223,14.294595754043105,0.5718032209849325,black,+10%,0.23,+10%,44.78431350495715,19 → 33,2.92 → 3.49,14,+14% (19 → 33),"Latin America
+14% (19 → 33)",FALSE,,39.556299424649815,50.01232758526448,linear,% of G7
Greece,Southern Europe,1995,2024,95.41012342232841,89.98103440864843,10519187,10388805,109.45538685485393,91.15747703935068,1,-5.4290890136799845,-0.05858576903138107,18.297909815503246,0.18292851243936223,red,-5%,-0.06,-5%,92.69557891548843,91 → 109,4.51 → 4.7,18,+18% (91 → 109),"Southern Europe
+18% (91 → 109)",FALSE,,95.41012342232841,89.98103440864843,linear,% of G7
Romania,CEE,1996,2024,67.12012388764421,273.0704909634968,22541865,19069340,284.9734447294018,150.747556514523,1,205.9503670758526,1.4032460625916203,134.2258882148788,0.636789372922353,black,+206%,1.4,+206%,170.09530742557052,151 → 285,5.02 → 5.65,134,+134% (151 → 285),"CEE
+134% (151 → 285)",TRUE,(1996-2024),67.12012388764421,273.0704909634968,linear,% of LAT_AM
Lithuania,CEE,1995,2024,83.81591903826269,279.79127099184615,3626997,2888055,284.9734447294018,150.747556514523,1,195.97535195358347,1.2054209103277094,134.2258882148788,0.636789372922353,black,+196%,1.21,+196%,181.8035950150544,151 → 285,5.02 → 5.65,134,+134% (151 → 285),"CEE
+134% (151 → 285)",FALSE,,83.81591903826269,279.79127099184615,linear,% of LAT_AM
"South
Korea",Asia,1995,2023,233.07951357875712,390.33925450350375,45368368,51748695,390.33925450350375,233.07951357875712,1,157.25974092474664,0.515636588992346,157.25974092474664,0.515636588992346,black,+157%,0.52,+157%,311.7093840411304,233 → 390,5.45 → 5.97,157,+157% (233 → 390),"Asia
+157% (233 → 390)",TRUE,(1995-2023),233.07951357875712,390.33925450350375,linear,% of LAT_AM
Poland,CEE,1995,2024,195.20578572386424,339.2314581349332,38364630,36554707,284.9734447294018,150.747556514523,1,144.02567241106894,0.5526283282419934,134.2258882148788,0.636789372922353,black,+144%,0.55,+144%,267.2186219293987,151 → 285,5.02 → 5.65,134,+134% (151 → 285),"CEE
+134% (151 → 285)",FALSE,,195.20578572386424,339.2314581349332,linear,% of LAT_AM
Latvia,CEE,1995,2024,98.40662899346258,211.4608996115114,2485908,1862441,284.9734447294018,150.747556514523,1,113.05427061804882,0.764931939973408,134.2258882148788,0.636789372922353,black,+113%,0.76,+113%,154.933764302487,151 → 285,5.02 → 5.65,134,+134% (151 → 285),"CEE
+134% (151 → 285)",FALSE,,98.40662899346258,211.4608996115114,linear,% of LAT_AM
Hungary,CEE,1995,2024,143.16696418510867,226.8014899655648,10322744,9562314,284.9734447294018,150.747556514523,1,83.63452578045613,0.46006361046456246,134.2258882148788,0.636789372922353,black,+84%,0.46,+84%,184.98422707533672,151 → 285,5.02 → 5.65,134,+134% (151 → 285),"CEE
+134% (151 → 285)",FALSE,,143.16696418510867,226.8014899655648,linear,% of LAT_AM
Czechia,CEE,1995,2024,156.66903942636645,210.22980097892372,10311979,10882164,284.9734447294018,150.747556514523,1,53.56076155255727,0.29406567159803265,134.2258882148788,0.636789372922353,black,+54%,0.29,+54%,183.4494202026451,151 → 285,5.02 → 5.65,134,+134% (151 → 285),"CEE
+134% (151 → 285)",FALSE,,156.66903942636645,210.22980097892372,linear,% of LAT_AM
Slovakia,CEE,1995,2024,184.55685408493295,218.71545089561536,5354244,5422069,284.9734447294018,150.747556514523,1,34.15859681068241,0.1698140057678864,134.2258882148788,0.636789372922353,black,+34%,0.17,+34%,201.63615249027416,151 → 285,5.02 → 5.65,134,+134% (151 → 285),"CEE
+134% (151 → 285)",FALSE,,184.55685408493295,218.71545089561536,linear,% of LAT_AM
Slovenia,CEE,1995,2024,346.18391059808323,343.4600026598142,1988051,2126324,284.9734447294018,150.747556514523,1,-2.723907938269008,-0.007899503064401509,134.2258882148788,0.636789372922353,red,-3%,-0.01,-3%,344.8219566289487,151 → 285,5.02 → 5.65,134,+134% (151 → 285),"CEE
+134% (151 → 285)",FALSE,,346.18391059808323,343.4600026598142,linear,% of LAT_AM
Portugal,Southern Europe,1995,2024,355.25953137684246,271.7966606330885,10031702,10701636,333.4623829734697,491.9636210765383,1,-83.46287074375397,-0.26779438114831344,-158.5012381030686,-0.38887470854556994,red,-83%,-0.27,-83%,313.5280960049655,492 → 333,6.2 → 5.81,-159,-159% (492 → 333),"Southern Europe
-159% (492 → 333)",FALSE,,355.25953137684246,271.7966606330885,linear,% of LAT_AM
Spain,Southern Europe,1995,2024,520.1752044205075,359.61203450269045,40052688,48807137,333.4623829734697,491.9636210765383,1,-160.56316991781705,-0.36913991800821205,-158.5012381030686,-0.38887470854556994,red,-161%,-0.37,-161%,439.893619461599,492 → 333,6.2 → 5.81,-159,-159% (492 → 333),"Southern Europe
-159% (492 → 333)",FALSE,,520.1752044205075,359.61203450269045,linear,% of LAT_AM
Greece,Southern Europe,1995,2024,514.9145339547505,274.13260341507856,10519187,10388805,333.4623829734697,491.9636210765383,1,-240.78193053967192,-0.6303889900163133,-158.5012381030686,-0.38887470854556994,red,-241%,-0.63,-241%,394.5235686849145,492 → 333,6.2 → 5.81,-159,-159% (492 → 333),"Southern Europe
-159% (492 → 333)",FALSE,,514.9145339547505,274.13260341507856,linear,% of LAT_AM
Romania,CEE,1996,2024,2208.10705,19906.76996,22541865,19069340,20774.492289228394,4974.414488671181,1,17698.662910000003,2.198924262841413,15800.077800557214,1.4294182289328234,black,$17699k,2.2,2.2,8.799353020432296,4974 → 20774,8.51 → 9.94,1.43,+1.43 (log ratio) (8.51 → 9.94),"CEE
+1.43 (log ratio) (8.51 → 9.94)",TRUE,(1996-2024),7.699890889011589,9.898815151853002,logratio,value
Lithuania,CEE,1995,2024,2766.778431,20396.71313,3626997,2888055,20774.492289228394,4974.414488671181,1,17629.934699,1.99769014472484,15800.077800557214,1.4294182289328234,black,$17630k,2,2,8.924283973410061,4974 → 20774,8.51 → 9.94,1.43,+1.43 (log ratio) (8.51 → 9.94),"CEE
+1.43 (log ratio) (8.51 → 9.94)",FALSE,,7.925438901047641,9.92312904577248,logratio,value
Latvia,CEE,1995,2024,3248.420368,15415.44628,2485908,1862441,20774.492289228394,4974.414488671181,1,12167.025912000001,1.5572011743705387,15800.077800557214,1.4294182289328234,black,$12167k,1.56,1.56,8.86452470373764,4974 → 20774,8.51 → 9.94,1.43,+1.43 (log ratio) (8.51 → 9.94),"CEE
+1.43 (log ratio) (8.51 → 9.94)",FALSE,,8.085924116552372,9.64312529092291,logratio,value
Poland,CEE,1995,2024,6443.77779,24729.88779,38364630,36554707,20774.492289228394,4974.414488671181,1,18286.11,1.344897562639124,15800.077800557214,1.4294182289328234,black,$18286k,1.34,1.34,9.443319041781642,4974 → 20774,8.51 → 9.94,1.43,+1.43 (log ratio) (8.51 → 9.94),"CEE
+1.43 (log ratio) (8.51 → 9.94)",FALSE,,8.77087026046208,10.115767823101205,logratio,value
Hungary,CEE,1995,2024,4725.967013,16533.77145,10322744,9562314,20774.492289228394,4974.414488671181,1,11807.804436999999,1.2523328448616933,15800.077800557214,1.4294182289328234,black,$11808k,1.25,1.25,9.086993900254907,4974 → 20774,8.51 → 9.94,1.43,+1.43 (log ratio) (8.51 → 9.94),"CEE
+1.43 (log ratio) (8.51 → 9.94)",FALSE,,8.46082747782406,9.713160322685752,logratio,value
"South
Korea",Asia,1995,2023,7693.996299,26467.3988,45368368,51748695,26467.3988,7693.996299,1,18773.402500999997,1.235473418365082,18773.402500999997,1.235473418365082,black,$18773k,1.24,1.24,9.56593231147049,7694 → 26467,8.95 → 10.18,1.24,+1.24 (log ratio) (8.95 → 10.18),"Asia
+1.24 (log ratio) (8.95 → 10.18)",TRUE,(1995-2023),8.94819560228795,10.183669020653031,logratio,value
Czechia,CEE,1995,2024,5171.672924,15325.6995,10311979,10882164,20774.492289228394,4974.414488671181,1,10154.026576,1.0863349059951637,15800.077800557214,1.4294182289328234,black,$10154k,1.09,1.09,9.094118951137098,4974 → 20774,8.51 → 9.94,1.43,+1.43 (log ratio) (8.51 → 9.94),"CEE
+1.43 (log ratio) (8.51 → 9.94)",FALSE,,8.550951498139517,9.63728640413468,logratio,value
Slovakia,CEE,1995,2024,6092.254658,15944.30124,5354244,5422069,20774.492289228394,4974.414488671181,1,9852.046582,0.9620832401650173,15800.077800557214,1.4294182289328234,black,$9852k,0.96,0.96,9.195815135259338,4974 → 20774,8.51 → 9.94,1.43,+1.43 (log ratio) (8.51 → 9.94),"CEE
+1.43 (log ratio) (8.51 → 9.94)",FALSE,,8.714773515176828,9.676856755341845,logratio,value
Chile,Latin America,1995,2024,4183.854173,10931.40856,14527329,19764771,7289.974793600483,3301.0178290080453,1,6747.554387,0.9604072922168078,3988.956964592438,0.792269234397131,black,$6748k,0.96,0.96,8.819191797756282,3301 → 7290,8.1 → 8.89,0.79,+0.79 (log ratio) (8.1 → 8.89),"Latin America
+0.79 (log ratio) (8.1 → 8.89)",FALSE,,8.338988151647879,9.299395443864686,logratio,value
Brazil,Latin America,1995,2024,2606.243988,6711.8321,161735036,211998573,7289.974793600483,3301.0178290080453,1,4105.5881119999995,0.9459618541536142,3988.956964592438,0.792269234397131,black,$4106k,0.95,0.95,8.338646305858667,3301 → 7290,8.1 → 8.89,0.79,+0.79 (log ratio) (8.1 → 8.89),"Latin America
+0.79 (log ratio) (8.1 → 8.89)",FALSE,,7.865665378781861,8.811627232935475,logratio,value
Slovenia,CEE,1995,2024,11427.59261,25038.14762,1988051,2126324,20774.492289228394,4974.414488671181,1,13610.55501,0.7843697313327291,15800.077800557214,1.4294182289328234,black,$13611k,0.78,0.78,9.735970979974187,4974 → 20774,8.51 → 9.94,1.43,+1.43 (log ratio) (8.51 → 9.94),"CEE
+1.43 (log ratio) (8.51 → 9.94)",FALSE,,9.343786114307823,10.128155845640553,logratio,value
Mexico,Latin America,1995,2024,2717.766512,5891.597261,90862395,130861007,7289.974793600483,3301.0178290080453,1,3173.8307489999997,0.7737167350364291,3988.956964592438,0.792269234397131,black,$3174k,0.77,0.77,8.294424054197886,3301 → 7290,8.1 → 8.89,0.79,+0.79 (log ratio) (8.1 → 8.89),"Latin America
+0.79 (log ratio) (8.1 → 8.89)",FALSE,,7.907565686679672,8.681282421716102,logratio,value
Portugal,Southern Europe,1995,2024,11727.18047,19813.90805,10031702,10701636,24309.323664905445,16239.80684397011,1,8086.727579999999,0.5244748532488175,8069.516820935336,0.4033945258515609,black,$8087k,0.52,0.52,9.631901970239678,16240 → 24309,9.7 → 10.1,0.4,+0.4 (log ratio) (9.7 → 10.1),"Southern Europe
+0.4 (log ratio) (9.7 → 10.1)",FALSE,,9.36966454361527,9.894139396864087,logratio,value
Costa Rica,Latin America,1995,2024,8510.492247,13468.66985,3535133,5129910,7289.974793600483,3301.0178290080453,1,4958.177603,0.45906645220107795,3988.956964592438,0.792269234397131,black,$4958k,0.46,0.46,9.278588289355849,3301 → 7290,8.1 → 8.89,0.79,+0.79 (log ratio) (8.1 → 8.89),"Latin America
+0.79 (log ratio) (8.1 → 8.89)",FALSE,,9.04905506325531,9.508121515456388,logratio,value
Colombia,Latin America,1995,2024,7046.999138,11107.41,35804622,52886363,7289.974793600483,3301.0178290080453,1,4060.4108619999997,0.4550105811384214,3988.956964592438,0.792269234397131,black,$4060k,0.46,0.46,9.087862441574671,3301 → 7290,8.1 → 8.89,0.79,+0.79 (log ratio) (8.1 → 8.89),"Latin America
+0.79 (log ratio) (8.1 → 8.89)",FALSE,,8.86035715100546,9.315367732143882,logratio,value
Spain,Southern Europe,1995,2024,17171.07624,26215.62667,40052688,48807137,24309.323664905445,16239.80684397011,1,9044.550430000003,0.4231293163889188,8069.516820935336,0.4033945258515609,black,$9045k,0.42,0.42,9.962546291542665,16240 → 24309,9.7 → 10.1,0.4,+0.4 (log ratio) (9.7 → 10.1),"Southern Europe
+0.4 (log ratio) (9.7 → 10.1)",FALSE,,9.750981633348207,10.174110949737125,logratio,value
Greece,Southern Europe,1995,2024,16997.42057,19984.19769,10519187,10388805,24309.323664905445,16239.80684397011,1,2986.7771200000025,0.1618802443808176,8069.516820935336,0.4033945258515609,black,$2987k,0.16,0.16,9.821757002539952,16240 → 24309,9.7 → 10.1,0.4,+0.4 (log ratio) (9.7 → 10.1),"Southern Europe
+0.4 (log ratio) (9.7 → 10.1)",FALSE,,9.740816880349543,9.902697124730361,logratio,value
Romania,CEE,1996,2024,0.09022667602290461,0.6290725485448347,22541865,19069340,65.64933856858575,20.612179284110102,0.01,0.5388458725219302,1.941921463155348,0.4503715928447565,1.1584453971078383,black,+1%,1.94,1.94,-1.434469421011517,0 → 1,-1.58 → -0.42,1.16,+1.16 (log ratio) (-1.58 → -0.42),"CEE
+1.16 (log ratio) (-1.58 → -0.42)",TRUE,(1996-2024),-2.405430152589191,-0.46350868943384277,logratio,% of W_EUR3
Lithuania,CEE,1995,2024,0.11483256827800263,0.6445552109362394,3626997,2888055,65.64933856858575,20.612179284110102,0.01,0.5297226426582368,1.7250853440149356,0.4503715928447565,1.1584453971078383,black,+1%,1.73,1.73,-1.3017374675218312,0 → 1,-1.58 → -0.42,1.16,+1.16 (log ratio) (-1.58 → -0.42),"CEE
+1.16 (log ratio) (-1.58 → -0.42)",FALSE,,-2.164280139529299,-0.4391947955143633,logratio,% of W_EUR3
Latvia,CEE,1995,2024,0.13482266939936774,0.4871425197458599,2485908,1862441,65.64933856858575,20.612179284110102,0.01,0.35231985034649216,1.2845963736606343,0.4503715928447565,1.1584453971078383,black,+0%,1.28,1.28,-1.3614967371942515,0 → 1,-1.58 → -0.42,1.16,+1.16 (log ratio) (-1.58 → -0.42),"CEE
+1.16 (log ratio) (-1.58 → -0.42)",FALSE,,-2.0037949240245685,-0.7191985503639343,logratio,% of W_EUR3
Poland,CEE,1995,2024,0.26744301052361785,0.7814875827943254,38364630,36554707,65.64933856858575,20.612179284110102,0.01,0.5140445722707075,1.0722927619292195,0.4503715928447565,1.1584453971078383,black,+1%,1.07,1.07,-0.7827023991502492,0 → 1,-1.58 → -0.42,1.16,+1.16 (log ratio) (-1.58 → -0.42),"CEE
+1.16 (log ratio) (-1.58 → -0.42)",FALSE,,-1.318848780114859,-0.24655601818563935,logratio,% of W_EUR3
Hungary,CEE,1995,2024,0.1961468701719508,0.5224826410316005,10322744,9562314,65.64933856858575,20.612179284110102,0.01,0.3263357708596497,0.9797280441517886,0.4503715928447565,1.1584453971078383,black,+0%,0.98,0.98,-1.139027540676986,0 → 1,-1.58 → -0.42,1.16,+1.16 (log ratio) (-1.58 → -0.42),"CEE
+1.16 (log ratio) (-1.58 → -0.42)",FALSE,,-1.6288915627528804,-0.6491635186010918,logratio,% of W_EUR3
"South
Korea",Asia,1995,2023,0.3193321682127921,0.8384830619009737,45368368,51748695,83.84830619009736,31.933216821279206,0.01,0.5191508936881816,0.9653625398902029,0.5191508936881816,0.9653625398902029,black,+1%,0.97,0.97,-0.6588421683438884,0 → 1,-1.14 → -0.18,0.97,+0.97 (log ratio) (-1.14 → -0.18),"Asia
+0.97 (log ratio) (-1.14 → -0.18)",TRUE,(1995-2023),-1.1415234382889898,-0.176160898398787,logratio,% of W_EUR3
Czechia,CEE,1995,2024,0.2146454799208775,0.48430643756217384,10311979,10882164,65.64933856858575,20.612179284110102,0.01,0.26966095764129633,0.8137301052852591,0.4503715928447565,1.1584453971078383,black,+0%,0.81,0.81,-1.1319024897947934,0 → 1,-1.58 → -0.42,1.16,+1.16 (log ratio) (-1.58 → -0.42),"CEE
+1.16 (log ratio) (-1.58 → -0.42)",FALSE,,-1.5387675424374228,-0.7250374371521637,logratio,% of W_EUR3
Slovakia,CEE,1995,2024,0.25285336951571913,0.5038548310935205,5354244,5422069,65.64933856858575,20.612179284110102,0.01,0.25100146157780134,0.6894784394551126,0.4503715928447565,1.1584453971078383,black,+0%,0.69,0.69,-1.0302063056725554,0 → 1,-1.58 → -0.42,1.16,+1.16 (log ratio) (-1.58 → -0.42),"CEE
+1.16 (log ratio) (-1.58 → -0.42)",FALSE,,-1.3749455254001117,-0.6854670859449992,logratio,% of W_EUR3
Chile,Latin America,1995,2024,0.17364698040261276,0.34544273409708004,14527329,19764771,23.037002142751746,13.700567815235738,0.01,0.17179575369446728,0.6878024915069033,0.09336434327516008,0.5196644336872265,black,+0%,0.69,0.69,-1.4068296431756102,0 → 0,-1.99 → -1.47,0.52,+0.52 (log ratio) (-1.99 → -1.47),"Latin America
+0.52 (log ratio) (-1.99 → -1.47)",FALSE,,-1.7507308889290618,-1.0629283974221586,logratio,% of W_EUR3
Brazil,Latin America,1995,2024,0.10816973536727123,0.21210017160172323,161735036,211998573,23.037002142751746,13.700567815235738,0.01,0.103930436234452,0.6733570534437094,0.09336434327516008,0.5196644336872265,black,+0%,0.67,0.67,-1.887375135073224,0 → 0,-1.99 → -1.47,0.52,+0.52 (log ratio) (-1.99 → -1.47),"Latin America
+0.52 (log ratio) (-1.99 → -1.47)",FALSE,,-2.224053661795079,-1.5506966083513691,logratio,% of W_EUR3
Slovenia,CEE,1995,2024,0.47429161436925454,0.791228881722366,1988051,2126324,65.64933856858575,20.612179284110102,0.01,0.3169372673531115,0.511764930622825,0.4503715928447565,1.1584453971078383,black,+0%,0.51,0.51,-0.49005046095770377,0 → 1,-1.58 → -0.42,1.16,+1.16 (log ratio) (-1.58 → -0.42),"CEE
+1.16 (log ratio) (-1.58 → -0.42)",FALSE,,-0.7459329262691162,-0.2341679956462913,logratio,% of W_EUR3
Mexico,Latin America,1995,2024,0.11279837411487652,0.18617998356459822,90862395,130861007,23.037002142751746,13.700567815235738,0.01,0.0733816094497217,0.5011119343265246,0.09336434327516008,0.5196644336872265,black,+0%,0.5,0.5,-1.9315973867340053,0 → 0,-1.99 → -1.47,0.52,+0.52 (log ratio) (-1.99 → -1.47),"Latin America
+0.52 (log ratio) (-1.99 → -1.47)",FALSE,,-2.1821533538972675,-1.681041419570743,logratio,% of W_EUR3
Portugal,Southern Europe,1995,2024,0.4867257301637299,0.6261380253397228,10031702,10701636,76.81973631086923,67.4018095318805,0.01,0.13941229517599296,0.2518700525389128,0.09417926778988729,0.13078972514165638,black,+0%,0.25,0.25,-0.5941194706922139,1 → 1,-0.39 → -0.26,0.13,+0.13 (log ratio) (-0.39 → -0.26),"Southern Europe
+0.13 (log ratio) (-0.39 → -0.26)",FALSE,,-0.7200544969616703,-0.4681844444227574,logratio,% of W_EUR3
Costa Rica,Latin America,1995,2024,0.35322007396154936,0.4256225638349858,3535133,5129910,23.037002142751746,13.700567815235738,0.01,0.07240248987343645,0.18646165149117366,0.09336434327516008,0.5196644336872265,black,+0%,0.19,0.19,-0.9474331515760439,0 → 0,-1.99 → -1.47,0.52,+0.52 (log ratio) (-1.99 → -1.47),"Latin America
+0.52 (log ratio) (-1.99 → -1.47)",FALSE,,-1.0406639773216306,-0.8542023258304571,logratio,% of W_EUR3
Colombia,Latin America,1995,2024,0.292479152144081,0.35100454420644656,35804622,52886363,23.037002142751746,13.700567815235738,0.01,0.05852539206236557,0.18240578042851688,0.09336434327516008,0.5196644336872265,black,+0%,0.18,0.18,-1.1381589993572216,0 → 0,-1.99 → -1.47,0.52,+0.52 (log ratio) (-1.99 → -1.47),"Latin America
+0.52 (log ratio) (-1.99 → -1.47)",FALSE,,-1.2293618895714802,-1.046956109142963,logratio,% of W_EUR3
Spain,Southern Europe,1995,2024,0.7126695663967276,0.8284383209397794,40052688,48807137,76.81973631086923,67.4018095318805,0.01,0.1157687545430518,0.15052451567901437,0.09417926778988729,0.13078972514165638,black,+0%,0.15,0.15,-0.26347514938922656,1 → 1,-0.39 → -0.26,0.13,+0.13 (log ratio) (-0.39 → -0.26),"Southern Europe
+0.13 (log ratio) (-0.39 → -0.26)",FALSE,,-0.3387374072287337,-0.18821289154971937,logratio,% of W_EUR3
Greece,Southern Europe,1995,2024,0.7054621491497564,0.6315193372271278,10519187,10388805,76.81973631086923,67.4018095318805,0.01,-0.07394281192262853,-0.11072455632908688,0.09417926778988729,0.13078972514165638,red,0%,-0.11,-0.11,-0.4042644383919405,1 → 1,-0.39 → -0.26,0.13,+0.13 (log ratio) (-0.39 → -0.26),"Southern Europe
+0.13 (log ratio) (-0.39 → -0.26)",FALSE,,-0.34890216022739706,-0.45962671655648396,logratio,% of W_EUR3
Romania,CEE,1996,2024,0.1357676440382331,0.818894438792583,22541865,19069340,85.45894807933234,30.626222141669974,0.01,0.6831267947543498,1.7970102603158,0.5483272593766237,1.0261795464804429,black,+1%,1.8,1.8,-1.0983052239571909,0 → 1,-1.18 → -0.16,1.03,+1.03 (log ratio) (-1.18 → -0.16),"CEE
+1.03 (log ratio) (-1.18 → -0.16)",TRUE,(1996-2024),-1.9968103541150908,-0.19980009379929087,logratio,% of S_EUR4
Lithuania,CEE,1995,2024,0.17037015634378147,0.8390489760702825,3626997,2888055,85.45894807933234,30.626222141669974,0.01,0.668678819726501,1.5942956188732793,0.5483272593766237,1.0261795464804429,black,+1%,1.59,1.59,-0.972634009316451,0 → 1,-1.18 → -0.16,1.03,+1.03 (log ratio) (-1.18 → -0.16),"CEE
+1.03 (log ratio) (-1.18 → -0.16)",FALSE,,-1.7697818187530907,-0.17548619987981137,logratio,% of S_EUR4
Latvia,CEE,1995,2024,0.20002826383407069,0.634137193304755,2485908,1862441,85.45894807933234,30.626222141669974,0.01,0.43410892947068436,1.153806648518978,0.5483272593766237,1.0261795464804429,black,+0%,1.15,1.15,-1.0323932789888712,0 → 1,-1.18 → -0.16,1.03,+1.03 (log ratio) (-1.18 → -0.16),"CEE
+1.03 (log ratio) (-1.18 → -0.16)",FALSE,,-1.6092966032483602,-0.4554899547293823,logratio,% of S_EUR4
Poland,CEE,1995,2024,0.3967890660222104,1.017300527603806,38364630,36554707,85.45894807933234,30.626222141669974,0.01,0.6205114615815956,0.9415030367875631,0.5483272593766237,1.0261795464804429,black,+1%,0.94,0.94,-0.453598940944869,0 → 1,-1.18 → -0.16,1.03,+1.03 (log ratio) (-1.18 → -0.16),"CEE
+1.03 (log ratio) (-1.18 → -0.16)",FALSE,,-0.9243504593386506,0.01715257744891252,logratio,% of S_EUR4
"South
Korea",Asia,1995,2023,0.4737738800050325,1.1191998167036443,45368368,51748695,111.91998167036442,47.377388000503245,0.01,0.6454259366986118,0.8596390981074603,0.6454259366986118,0.8596390981074603,black,+1%,0.86,0.86,-0.31720556845905135,0 → 1,-0.75 → 0.11,0.86,+0.86 (log ratio) (-0.75 → 0.11),"Asia
+0.86 (log ratio) (-0.75 → 0.11)",TRUE,(1995-2023),-0.7470251175127814,0.11261398059467878,logratio,% of S_EUR4
Hungary,CEE,1995,2024,0.29101128224038986,0.680141153983204,10322744,9562314,85.45894807933234,30.626222141669974,0.01,0.3891298717428141,0.8489383190101322,0.5483272593766237,1.0261795464804429,black,+0%,0.85,0.85,-0.8099240824716061,0 → 1,-1.18 → -0.16,1.03,+1.03 (log ratio) (-1.18 → -0.16),"CEE
+1.03 (log ratio) (-1.18 → -0.16)",FALSE,,-1.234393241976672,-0.38545492296654,logratio,% of S_EUR4
Czechia,CEE,1995,2024,0.3184565539287962,0.6304453267091589,10311979,10882164,85.45894807933234,30.626222141669974,0.01,0.3119887727803627,0.6829403801436028,0.5483272593766237,1.0261795464804429,black,+0%,0.68,0.68,-0.8027990315894129,0 → 1,-1.18 → -0.16,1.03,+1.03 (log ratio) (-1.18 → -0.16),"CEE
+1.03 (log ratio) (-1.18 → -0.16)",FALSE,,-1.1442692216612143,-0.4613288415176116,logratio,% of S_EUR4
Slovakia,CEE,1995,2024,0.37514329551660114,0.6558924246427412,5354244,5422069,85.45894807933234,30.626222141669974,0.01,0.2807491291261401,0.5586887143134563,0.5483272593766237,1.0261795464804429,black,+0%,0.56,0.56,-0.7011028474671753,0 → 1,-1.18 → -0.16,1.03,+1.03 (log ratio) (-1.18 → -0.16),"CEE
+1.03 (log ratio) (-1.18 → -0.16)",FALSE,,-0.9804472046239034,-0.42175849031044715,logratio,% of S_EUR4
Chile,Latin America,1995,2024,0.257629552690984,0.44967966656272335,14527329,19764771,29.988390027176177,20.32670622701232,0.01,0.19205011387173937,0.5570127663652471,0.09661683800163857,0.38887470854557005,black,+0%,0.56,0.56,-1.07772618497023,0 → 0,-1.59 → -1.2,0.39,+0.39 (log ratio) (-1.59 → -1.2),"Latin America
+0.39 (log ratio) (-1.59 → -1.2)",FALSE,,-1.3562325681528535,-0.7992198017876065,logratio,% of S_EUR4
Brazil,Latin America,1995,2024,0.16048491296974426,0.27610114507996975,161735036,211998573,29.988390027176177,20.32670622701232,0.01,0.11561623211022548,0.5425673283020533,0.09661683800163857,0.38887470854557005,black,+0%,0.54,0.54,-1.5582716768678435,0 → 0,-1.59 → -1.2,0.39,+0.39 (log ratio) (-1.59 → -1.2),"Latin America
+0.39 (log ratio) (-1.59 → -1.2)",FALSE,,-1.8295553410188703,-1.286988012716817,logratio,% of S_EUR4
Slovenia,CEE,1995,2024,0.7036778651245535,1.0299812518497473,1988051,2126324,85.45894807933234,30.626222141669974,0.01,0.32630338672519377,0.38097520548116826,0.5483272593766237,1.0261795464804429,black,+0%,0.38,0.38,-0.16094700275232368,0 → 1,-1.18 → -0.16,1.03,+1.03 (log ratio) (-1.18 → -0.16),"CEE
+1.03 (log ratio) (-1.18 → -0.16)",FALSE,,-0.3514346054929078,0.02954059998826043,logratio,% of S_EUR4
Mexico,Latin America,1995,2024,0.16735214514014465,0.2423595712580643,90862395,130861007,29.988390027176177,20.32670622701232,0.01,0.07500742611791963,0.37032220918486813,0.09661683800163857,0.38887470854557005,black,+0%,0.37,0.37,-1.602493928528625,0 → 0,-1.59 → -1.2,0.39,+0.39 (log ratio) (-1.59 → -1.2),"Latin America
+0.39 (log ratio) (-1.59 → -1.2)",FALSE,,-1.7876550331210592,-1.417332823936191,logratio,% of S_EUR4
Costa Rica,Latin America,1995,2024,0.5240513220857657,0.5540536641685456,3535133,5129910,29.988390027176177,20.32670622701232,0.01,0.030002342082779965,0.05567192634951684,0.09661683800163857,0.38887470854557005,black,+0%,0.06,0.06,-0.6183296933706637,0 → 0,-1.59 → -1.2,0.39,+0.39 (log ratio) (-1.59 → -1.2),"Latin America
+0.39 (log ratio) (-1.59 → -1.2)",FALSE,,-0.6461656565454222,-0.5904937301959052,logratio,% of S_EUR4
Colombia,Latin America,1995,2024,0.4339336794893329,0.4569197462303485,35804622,52886363,29.988390027176177,20.32670622701232,0.01,0.022986066741015554,0.05161605528686052,0.09661683800163857,0.38887470854557005,black,+0%,0.05,0.05,-0.8090555411518414,0 → 0,-1.59 → -1.2,0.39,+0.39 (log ratio) (-1.59 → -1.2),"Latin America
+0.39 (log ratio) (-1.59 → -1.2)",FALSE,,-0.8348635687952717,-0.7832475135084112,logratio,% of S_EUR4
Romania,CEE,1996,2024,0.12294347657390947,0.8963240759133068,22541865,19069340,93.53942222232199,27.898660014915343,0.01,0.7733805993393973,1.9865773297457117,0.6564076220740666,1.2098043159460405,black,+1%,1.99,1.99,-1.102741904407268,0 → 1,-1.28 → -0.07,1.21,+1.21 (log ratio) (-1.28 → -0.07),"CEE
+1.21 (log ratio) (-1.28 → -0.07)",TRUE,(1996-2024),-2.0960305692801238,-0.10945323953441222,logratio,% of G7
Lithuania,CEE,1995,2024,0.15530513615098845,0.9183843026594185,3626997,2888055,93.53942222232199,27.898660014915343,0.01,0.76307916650843,1.7772241313126416,0.6564076220740666,1.2098043159460405,black,+1%,1.78,1.78,-0.9737514112712535,0 → 1,-1.28 → -0.07,1.21,+1.21 (log ratio) (-1.28 → -0.07),"CEE
+1.21 (log ratio) (-1.28 → -0.07)",FALSE,,-1.8623634769275743,-0.08513934561493275,logratio,% of G7
Latvia,CEE,1995,2024,0.18234071867675478,0.6940973181222326,2485908,1862441,93.53942222232199,27.898660014915343,0.01,0.5117565994454778,1.3367351609583404,0.6564076220740666,1.2098043159460405,black,+1%,1.34,1.34,-1.0335106809436738,0 → 1,-1.28 → -0.07,1.21,+1.21 (log ratio) (-1.28 → -0.07),"CEE
+1.21 (log ratio) (-1.28 → -0.07)",FALSE,,-1.701878261422844,-0.36514310046450354,logratio,% of G7
Poland,CEE,1995,2024,0.3617029017538504,1.1134902279652164,38364630,36554707,93.53942222232199,27.898660014915343,0.01,0.7517873262113659,1.124431549226926,0.6564076220740666,1.2098043159460405,black,+1%,1.12,1.12,-0.45471634289967156,0 → 1,-1.28 → -0.07,1.21,+1.21 (log ratio) (-1.28 → -0.07),"CEE
+1.21 (log ratio) (-1.28 → -0.07)",FALSE,,-1.0169321175131345,0.10749943171379141,logratio,% of G7
"South
Korea",Asia,1995,2023,0.43188031588402837,1.2129156767093976,45368368,51748695,121.29156767093976,43.188031588402836,0.01,0.7810353608253693,1.0326338869173888,0.7810353608253692,1.0326338869173888,black,+1%,1.03,1.03,-0.32328983222857066,0 → 1,-0.84 → 0.19,1.03,+1.03 (log ratio) (-0.84 → 0.19),"Asia
+1.03 (log ratio) (-0.84 → 0.19)",TRUE,(1995-2023),-0.839606775687265,0.19302711123012373,logratio,% of G7
Hungary,CEE,1995,2024,0.26527854279020335,0.7444511312513837,10322744,9562314,93.53942222232199,27.898660014915343,0.01,0.4791725884611804,1.0318668314494948,0.6564076220740666,1.2098043159460405,black,+0%,1.03,1.03,-0.8110414844264087,0 → 1,-1.28 → -0.07,1.21,+1.21 (log ratio) (-1.28 → -0.07),"CEE
+1.21 (log ratio) (-1.28 → -0.07)",FALSE,,-1.326974900151156,-0.2951080687016613,logratio,% of G7
Czechia,CEE,1995,2024,0.2902969600279498,0.6900563712578576,10311979,10882164,93.53942222232199,27.898660014915343,0.01,0.39975941122990777,0.865868892582965,0.6564076220740666,1.2098043159460405,black,+0%,0.87,0.87,-0.8039164335442156,0 → 1,-1.28 → -0.07,1.21,+1.21 (log ratio) (-1.28 → -0.07),"CEE
+1.21 (log ratio) (-1.28 → -0.07)",FALSE,,-1.236850879835698,-0.37098198725273307,logratio,% of G7
Slovakia,CEE,1995,2024,0.3419711634752091,0.7179095907443938,5354244,5422069,93.53942222232199,27.898660014915343,0.01,0.37593842726918464,0.7416172267528187,0.6564076220740666,1.2098043159460405,black,+0%,0.74,0.74,-0.7022202494219778,0 → 1,-1.28 → -0.07,1.21,+1.21 (log ratio) (-1.28 → -0.07),"CEE
+1.21 (log ratio) (-1.28 → -0.07)",FALSE,,-1.0730288627983873,-0.33141163604556845,logratio,% of G7
Chile,Latin America,1995,2024,0.2348486003408656,0.49219861864384606,14527329,19764771,32.823908315788124,18.52931256174502,0.01,0.25735001830298043,0.7399412788046092,0.14294595754043105,0.5718032209849325,black,+0%,0.74,0.74,-1.0788435869250326,0 → 0,-1.69 → -1.11,0.57,+0.57 (log ratio) (-1.69 → -1.11),"Latin America
+0.57 (log ratio) (-1.69 → -1.11)",FALSE,,-1.4488142263273371,-0.7088729475227279,logratio,% of G7
Brazil,Latin America,1995,2024,0.14629399769201654,0.30220757645796237,161735036,211998573,32.823908315788124,18.52931256174502,0.01,0.15591357876594583,0.7254958407414157,0.14294595754043105,0.5718032209849325,black,+0%,0.73,0.73,-1.5593890788226463,0 → 0,-1.69 → -1.11,0.57,+0.57 (log ratio) (-1.69 → -1.11),"Latin America
+0.57 (log ratio) (-1.69 → -1.11)",FALSE,,-1.9221369991933541,-1.1966411584519385,logratio,% of G7
Slovenia,CEE,1995,2024,0.6414549883319078,1.1273699637446084,1988051,2126324,93.53942222232199,27.898660014915343,0.01,0.48591497541270057,0.5639037179205308,0.6564076220740666,1.2098043159460405,black,+0%,0.56,0.56,-0.16206440470712627,0 → 1,-1.28 → -0.07,1.21,+1.21 (log ratio) (-1.28 → -0.07),"CEE
+1.21 (log ratio) (-1.28 → -0.07)",FALSE,,-0.44401626366739166,0.11988745425313914,logratio,% of G7
Mexico,Latin America,1995,2024,0.15255399328098818,0.26527560630027963,90862395,130861007,32.823908315788124,18.52931256174502,0.01,0.11272161301929146,0.5532507216242305,0.14294595754043105,0.5718032209849325,black,+0%,0.55,0.55,-1.6036113304834276,0 → 0,-1.69 → -1.11,0.57,+0.57 (log ratio) (-1.69 → -1.11),"Latin America
+0.57 (log ratio) (-1.69 → -1.11)",FALSE,,-1.880236691295543,-1.3269859696713124,logratio,% of G7
Portugal,Southern Europe,1995,2024,0.6582714897420575,0.8921428669157875,10031702,10701636,109.45538685485393,91.15747703935068,0.01,0.23387137717372997,0.3040088398366189,0.18297909815503247,0.18292851243936223,black,+0%,0.3,0.3,-0.2661334144416363,1 → 1,-0.09 → 0.09,0.18,+0.18 (log ratio) (-0.09 → 0.09),"Southern Europe
+0.18 (log ratio) (-0.09 → 0.09)",FALSE,,-0.4181378343599458,-0.11412899452332684,logratio,% of G7
Costa Rica,Latin America,1995,2024,0.47771196360474544,0.6064415814991749,3535133,5129910,32.823908315788124,18.52931256174502,0.01,0.1287296178944295,0.23860043878887952,0.14294595754043105,0.5718032209849325,black,+0%,0.24,0.24,-0.6194470953254663,0 → 0,-1.69 → -1.11,0.57,+0.57 (log ratio) (-1.69 → -1.11),"Latin America
+0.57 (log ratio) (-1.69 → -1.11)",FALSE,,-0.7387473147199061,-0.5001468759310265,logratio,% of G7
Colombia,Latin America,1995,2024,0.39556299424649816,0.5001232758526448,35804622,52886363,32.823908315788124,18.52931256174502,0.01,0.10456028160614667,0.234544567726223,0.14294595754043105,0.5718032209849325,black,+0%,0.23,0.23,-0.810172943106644,0 → 0,-1.69 → -1.11,0.57,+0.57 (log ratio) (-1.69 → -1.11),"Latin America
+0.57 (log ratio) (-1.69 → -1.11)",FALSE,,-0.9274452269697556,-0.6929006592435325,logratio,% of G7
Spain,Southern Europe,1995,2024,0.9638488949577193,1.1803872449770345,40052688,48807137,109.45538685485393,91.15747703935068,0.01,0.2165383500193152,0.2026633029767203,0.18297909815503247,0.18292851243936223,black,+0%,0.2,0.2,0.06451090686135105,1 → 1,-0.09 → 0.09,0.18,+0.18 (log ratio) (-0.09 → 0.09),"Southern Europe
+0.18 (log ratio) (-0.09 → 0.09)",FALSE,,-0.036820744627009114,0.16584255834971123,logratio,% of G7
Greece,Southern Europe,1995,2024,0.9541012342232841,0.8998103440864843,10519187,10388805,109.45538685485393,91.15747703935068,0.01,-0.054290890136799774,-0.05858576903138095,0.18297909815503247,0.18292851243936223,red,0%,-0.06,-0.06,-0.07627838214136283,1 → 1,-0.09 → 0.09,0.18,+0.18 (log ratio) (-0.09 → 0.09),"Southern Europe
+0.18 (log ratio) (-0.09 → 0.09)",FALSE,,-0.046985497625672334,-0.10557126665705333,logratio,% of G7
Romania,CEE,1996,2024,0.6712012388764421,2.730704909634968,22541865,19069340,284.9734447294018,150.747556514523,0.01,2.059503670758526,1.4032460625916203,1.3422588821487882,0.636789372922353,black,+2%,1.4,1.4,0.3029367532284376,2 → 3,0.41 → 1.05,0.64,+0.64 (log ratio) (0.41 → 1.05),"CEE
+0.64 (log ratio) (0.41 → 1.05)",TRUE,(1996-2024),-0.3986862780673725,1.0045597845242478,logratio,% of LAT_AM
Lithuania,CEE,1995,2024,0.838159190382627,2.7979127099184615,3626997,2888055,284.9734447294018,150.747556514523,0.01,1.9597535195358344,1.2054209103277094,1.3422588821487882,0.636789372922353,black,+2%,1.21,1.21,0.42616322327987266,2 → 3,0.41 → 1.05,0.64,+0.64 (log ratio) (0.41 → 1.05),"CEE
+0.64 (log ratio) (0.41 → 1.05)",FALSE,,-0.17654723188398197,1.0288736784437273,logratio,% of LAT_AM
Latvia,CEE,1995,2024,0.9840662899346257,2.114608996115114,2485908,1862441,284.9734447294018,150.747556514523,0.01,1.1305427061804882,0.764931939973408,1.3422588821487882,0.636789372922353,black,+1%,0.76,0.76,0.3664039536074523,2 → 3,0.41 → 1.05,0.64,+0.64 (log ratio) (0.41 → 1.05),"CEE
+0.64 (log ratio) (0.41 → 1.05)",FALSE,,-0.016062016379251674,0.7488699235941563,logratio,% of LAT_AM
Poland,CEE,1995,2024,1.9520578572386424,3.392314581349332,38364630,36554707,284.9734447294018,150.747556514523,0.01,1.4402567241106896,0.5526283282419934,1.3422588821487882,0.636789372922353,black,+1%,0.55,0.55,0.9451982916514546,2 → 3,0.41 → 1.05,0.64,+0.64 (log ratio) (0.41 → 1.05),"CEE
+0.64 (log ratio) (0.41 → 1.05)",FALSE,,0.668884127530458,1.2215124557724513,logratio,% of LAT_AM
"South
Korea",Asia,1995,2023,2.330795135787571,3.9033925450350377,45368368,51748695,390.33925450350375,233.07951357875712,0.01,1.5725974092474666,0.5156365889923461,1.5725974092474664,0.515636588992346,black,+2%,0.52,0.52,1.1040277638525002,2 → 4,0.85 → 1.36,0.52,+0.52 (log ratio) (0.85 → 1.36),"Asia
+0.52 (log ratio) (0.85 → 1.36)",TRUE,(1995-2023),0.8462094693563271,1.3618460583486731,logratio,% of LAT_AM
Hungary,CEE,1995,2024,1.4316696418510868,2.268014899655648,10322744,9562314,284.9734447294018,150.747556514523,0.01,0.8363452578045614,0.46006361046456246,1.3422588821487882,0.636789372922353,black,+1%,0.46,0.46,0.5888731501247176,2 → 3,0.41 → 1.05,0.64,+0.64 (log ratio) (0.41 → 1.05),"CEE
+0.64 (log ratio) (0.41 → 1.05)",FALSE,,0.3588413448924364,0.8189049553569989,logratio,% of LAT_AM
Czechia,CEE,1995,2024,1.5666903942636645,2.102298009789237,10311979,10882164,284.9734447294018,150.747556514523,0.01,0.5356076155255727,0.29406567159803265,1.3422588821487882,0.636789372922353,black,+1%,0.29,0.29,0.5959982010069105,2 → 3,0.41 → 1.05,0.64,+0.64 (log ratio) (0.41 → 1.05),"CEE
+0.64 (log ratio) (0.41 → 1.05)",FALSE,,0.44896536520789415,0.7430310368059269,logratio,% of LAT_AM
Slovakia,CEE,1995,2024,1.8455685408493296,2.1871545089561537,5354244,5422069,284.9734447294018,150.747556514523,0.01,0.34158596810682407,0.1698140057678864,1.3422588821487882,0.636789372922353,black,+0%,0.17,0.17,0.6976943851291482,2 → 3,0.41 → 1.05,0.64,+0.64 (log ratio) (0.41 → 1.05),"CEE
+0.64 (log ratio) (0.41 → 1.05)",FALSE,,0.612787382245205,0.7826013880130914,logratio,% of LAT_AM
Slovenia,CEE,1995,2024,3.4618391059808324,3.4346000265981425,1988051,2126324,284.9734447294018,150.747556514523,0.01,-0.02723907938268999,-0.007899503064401396,1.3422588821487882,0.636789372922353,red,0%,-0.01,-0.01,1.237850229844,2 → 3,0.41 → 1.05,0.64,+0.64 (log ratio) (0.41 → 1.05),"CEE
+0.64 (log ratio) (0.41 → 1.05)",FALSE,,1.2417999813762006,1.2339004783117993,logratio,% of LAT_AM
Portugal,Southern Europe,1995,2024,3.5525953137684247,2.717966606330885,10031702,10701636,333.4623829734697,491.9636210765383,0.01,-0.8346287074375396,-0.26779438114831344,-1.585012381030686,-0.38887470854556994,red,-1%,-0.27,-0.27,1.13378122010949,5 → 3,1.59 → 1.2,-0.39,-0.39 (log ratio) (1.59 → 1.2),"Southern Europe
-0.39 (log ratio) (1.59 → 1.2)",FALSE,,1.2676784106836467,0.9998840295353332,logratio,% of LAT_AM
Spain,Southern Europe,1995,2024,5.201752044205075,3.5961203450269044,40052688,48807137,333.4623829734697,491.9636210765383,0.01,-1.6056316991781707,-0.36913991800821205,-1.585012381030686,-0.38887470854556994,red,-2%,-0.37,-0.37,1.4644255414124772,5 → 3,1.59 → 1.2,-0.39,-0.39 (log ratio) (1.59 → 1.2),"Southern Europe
-0.39 (log ratio) (1.59 → 1.2)",FALSE,,1.6489955004165833,1.279855582408371,logratio,% of LAT_AM
Greece,Southern Europe,1995,2024,5.149145339547505,2.7413260341507857,10519187,10388805,333.4623829734697,491.9636210765383,0.01,-2.407819305396719,-0.6303889900163131,-1.585012381030686,-0.38887470854556994,red,-2%,-0.63,-0.63,1.3236362524097633,5 → 3,1.59 → 1.2,-0.39,-0.39 (log ratio) (1.59 → 1.2),"Southern Europe
-0.39 (log ratio) (1.59 → 1.2)",FALSE,,1.63883074741792,1.0084417574016067,logratio,% of LAT_AM
