country,year,rel_val-2005,rel_val-2010,var_name
Bulgaria,2006,100,NA,median_equiv_net_income
Bulgaria,2007,103.09375,NA,median_equiv_net_income
Bulgaria,2008,148.90625,NA,median_equiv_net_income
Bulgaria,2009,179.71875,NA,median_equiv_net_income
Bulgaria,2010,183.90625,100,median_equiv_net_income
Bulgaria,2011,182.21875,99.08241291418861,median_equiv_net_income
Bulgaria,2012,178.03125,96.8054375531011,median_equiv_net_income
Bulgaria,2013,184.375,100.25488530161428,median_equiv_net_income
Bulgaria,2014,211.0625,114.76635514018692,median_equiv_net_income
Bulgaria,2015,215.0625,116.94137638062871,median_equiv_net_income
Bulgaria,2016,210.6875,114.5624468988955,median_equiv_net_income
Bulgaria,2017,235.40625,128.00339847068818,median_equiv_net_income
Bulgaria,2018,225.5625,122.65080713678844,median_equiv_net_income
Bulgaria,2019,261.59375,142.2429906542056,median_equiv_net_income
Bulgaria,2020,270.21875,146.93288020390824,median_equiv_net_income
Bulgaria,2021,292.96875,159.30331350892098,median_equiv_net_income
Bulgaria,2022,302.21875,164.33305012744265,median_equiv_net_income
Bulgaria,2023,348.59375,189.54970263381477,median_equiv_net_income
Bulgaria,2024,408.71875,222.2429906542056,median_equiv_net_income
Croatia,2010,100,100,median_equiv_net_income
Croatia,2011,97.52924168747536,97.52924168747536,median_equiv_net_income
Croatia,2012,97.37153371008017,97.37153371008017,median_equiv_net_income
Croatia,2013,96.71441713760021,96.71441713760021,median_equiv_net_income
Croatia,2014,100.30227362334078,100.30227362334078,median_equiv_net_income
Croatia,2015,108.46366145354186,108.46366145354186,median_equiv_net_income
Croatia,2016,118.08384807464844,118.08384807464844,median_equiv_net_income
Croatia,2017,124.11617821001445,124.11617821001445,median_equiv_net_income
Croatia,2018,129.7148114075437,129.7148114075437,median_equiv_net_income
Croatia,2019,141.06978577999737,141.06978577999737,median_equiv_net_income
Croatia,2020,145.74845577605467,145.74845577605467,median_equiv_net_income
Croatia,2021,149.62544355368644,149.62544355368644,median_equiv_net_income
Croatia,2022,161.34840320672888,161.34840320672888,median_equiv_net_income
Croatia,2023,176.6066500197135,176.6066500197135,median_equiv_net_income
Croatia,2024,213.91772900512552,213.91772900512552,median_equiv_net_income
Czechia,2005,100,NA,median_equiv_net_income
Czechia,2006,108.11412118832614,NA,median_equiv_net_income
Czechia,2007,115.70475068708284,NA,median_equiv_net_income
Czechia,2008,127.2739170265672,NA,median_equiv_net_income
Czechia,2009,132.23400078523753,NA,median_equiv_net_income
Czechia,2010,126.42324303101688,100,median_equiv_net_income
Czechia,2011,130.72896217772544,103.40579710144928,median_equiv_net_income
Czechia,2012,134.9692448632378,106.75983436853002,median_equiv_net_income
Czechia,2013,141.36893076822406,111.82194616977226,median_equiv_net_income
Czechia,2014,145.15115822536316,114.8136645962733,median_equiv_net_income
Czechia,2015,152.4931291715744,120.62111801242236,median_equiv_net_income
Czechia,2016,163.30323256118308,129.1718426501035,median_equiv_net_income
Czechia,2017,165.4364611961785,130.8592132505176,median_equiv_net_income
Czechia,2018,173.58984426122234,137.30848861283644,median_equiv_net_income
Czechia,2019,183.68014657767307,145.28985507246378,median_equiv_net_income
Czechia,2020,185.1982724774244,146.49068322981367,median_equiv_net_income
Czechia,2021,180.80094228504123,143.01242236024845,median_equiv_net_income
Czechia,2022,200.94228504122498,158.944099378882,median_equiv_net_income
Czechia,2023,212.11883261353225,167.78467908902692,median_equiv_net_income
Czechia,2024,222.11752388430833,175.6935817805383,median_equiv_net_income
Estonia,2005,100,NA,median_equiv_net_income
Estonia,2006,119.06474820143885,NA,median_equiv_net_income
Estonia,2007,137.3677528565383,NA,median_equiv_net_income
Estonia,2008,160.0507829030893,NA,median_equiv_net_income
Estonia,2009,171.41345746931867,NA,median_equiv_net_income
Estonia,2010,156.8556919170546,100,median_equiv_net_income
Estonia,2011,158.37917900973338,100.9712666936463,median_equiv_net_income
Estonia,2012,166.9699534490055,106.44813166059625,median_equiv_net_income
Estonia,2013,182.120186203978,116.10683933630109,median_equiv_net_income
Estonia,2014,195.53533643673296,124.65938216646433,median_equiv_net_income
Estonia,2015,220.73635209479474,140.72575205719681,median_equiv_net_income
Estonia,2016,251.10029623360134,160.0836368541751,median_equiv_net_income
Estonia,2017,262.6745662293694,167.46256576284904,median_equiv_net_income
Estonia,2018,283.07236563690225,180.4667476055578,median_equiv_net_income
Estonia,2019,301.3118916631401,192.0949682989343,median_equiv_net_income
Estonia,2020,303.23741007194246,193.3225414811817,median_equiv_net_income
Estonia,2021,313.3728311468472,199.7841629569675,median_equiv_net_income
Estonia,2022,361.06644096487514,230.1902063941724,median_equiv_net_income
Estonia,2023,327.80363944138804,208.98421691622823,median_equiv_net_income
Estonia,2024,348.7515869657215,222.33913395386483,median_equiv_net_income
Hungary,2005,100,NA,median_equiv_net_income
Hungary,2006,109.27890667146197,NA,median_equiv_net_income
Hungary,2007,116.7056284840856,NA,median_equiv_net_income
Hungary,2008,118.62974285200504,NA,median_equiv_net_income
Hungary,2009,122.92753101960079,NA,median_equiv_net_income
Hungary,2010,120.62578672900557,100,median_equiv_net_income
Hungary,2011,128.30426182341304,106.36553369111509,median_equiv_net_income
Hungary,2012,136.73799676317208,113.3571854502087,median_equiv_net_income
Hungary,2013,130.85775939579213,108.48240906380441,median_equiv_net_income
Hungary,2014,135.9287897860097,112.68634466308885,median_equiv_net_income
Hungary,2015,142.40244560330876,118.0530709600477,median_equiv_net_income
Hungary,2016,148.6603128933645,123.24090638044126,median_equiv_net_income
Hungary,2017,149.82916741593237,124.20989862850328,median_equiv_net_income
Hungary,2018,154.70239165617696,128.24985092426954,median_equiv_net_income
Hungary,2019,168.02733321345082,139.2963625521765,median_equiv_net_income
Hungary,2020,162.84840855961158,135.00298151460942,median_equiv_net_income
Hungary,2021,179.1044776119403,148.47942754919498,median_equiv_net_income
Hungary,2022,190.97284661032188,158.31842576028623,median_equiv_net_income
Hungary,2023,196.2416831505125,162.68634466308885,median_equiv_net_income
Hungary,2024,201.3846430498112,166.9499105545617,median_equiv_net_income
Latvia,2005,100,NA,median_equiv_net_income
Latvia,2006,114.42086422909742,NA,median_equiv_net_income
Latvia,2007,142.85349015597035,NA,median_equiv_net_income
Latvia,2008,182.51086678598824,NA,median_equiv_net_income
Latvia,2009,182.3574533367425,NA,median_equiv_net_income
Latvia,2010,150.2429046279724,100,median_equiv_net_income
Latvia,2011,151.98159038609052,101.1572498298162,median_equiv_net_income
Latvia,2012,155.99590897468678,103.82913546630361,median_equiv_net_income
Latvia,2013,164.81718230631552,109.70047651463581,median_equiv_net_income
Latvia,2014,187.164408079775,124.57454050374405,median_equiv_net_income
Latvia,2015,206.9036052160573,137.71272974812797,median_equiv_net_income
Latvia,2016,236.69138327793402,157.53914227365556,median_equiv_net_income
Latvia,2017,236.46126310406547,157.3859768550034,median_equiv_net_income
Latvia,2018,256.48171823063154,170.71136827773995,median_equiv_net_income
Latvia,2019,282.0506264382511,187.7297481279782,median_equiv_net_income
Latvia,2020,289.9258501661979,192.9714091218516,median_equiv_net_income
Latvia,2021,306.1876757862439,203.79509870660314,median_equiv_net_income
Latvia,2022,328.4326259268729,218.6010891763104,median_equiv_net_income
Latvia,2023,338.2255177703912,225.11912865895167,median_equiv_net_income
Latvia,2024,376.3998977243672,250.5275697753574,median_equiv_net_income
Lithuania,2005,100,NA,median_equiv_net_income
Lithuania,2006,120.09357941252924,NA,median_equiv_net_income
Lithuania,2007,148.53132310891604,NA,median_equiv_net_income
Lithuania,2008,178.11281518066025,NA,median_equiv_net_income
Lithuania,2009,185.83311671432284,NA,median_equiv_net_income
Lithuania,2010,156.4335846113855,100,median_equiv_net_income
Lithuania,2011,157.73329867429166,100.83084081090063,median_equiv_net_income
Lithuania,2012,174.7855471796205,111.73147224991692,median_equiv_net_income
Lithuania,2013,189.29035612165325,121.00365569956796,median_equiv_net_income
Lithuania,2014,197.4265661554458,126.20471917580592,median_equiv_net_income
Lithuania,2015,214.47881466077462,137.1053506148222,median_equiv_net_income
Lithuania,2016,243.41044970106577,155.59986706547025,median_equiv_net_income
Lithuania,2017,255.23784767351182,163.160518444666,median_equiv_net_income
Lithuania,2018,278.1907980244346,177.83316716517115,median_equiv_net_income
Lithuania,2019,299.16818299974005,191.24293785310735,median_equiv_net_income
Lithuania,2020,326.1242526644138,208.47457627118644,median_equiv_net_income
Lithuania,2021,357.2134130491292,228.34828846792954,median_equiv_net_income
Lithuania,2022,369.17078242786584,235.99202392821536,median_equiv_net_income
Lithuania,2023,372.0301533662594,237.81987371219674,median_equiv_net_income
Lithuania,2024,392.77358981024173,251.08009305417082,median_equiv_net_income
Poland,2005,100,NA,median_equiv_net_income
Poland,2006,107.06030678714015,NA,median_equiv_net_income
Poland,2007,117.86089514603908,NA,median_equiv_net_income
Poland,2008,141.45828955662955,NA,median_equiv_net_income
Poland,2009,154.99054423198152,NA,median_equiv_net_income
Poland,2010,159.23513343139314,100,median_equiv_net_income
Poland,2011,174.86866988863207,109.8178939034046,median_equiv_net_income
Poland,2012,181.4456818659382,113.94827131169174,median_equiv_net_income
Poland,2013,192.43538558520697,120.84982845077857,median_equiv_net_income
Poland,2014,200.88253834839253,126.15465822116653,median_equiv_net_income
Poland,2015,209.07753729775163,131.30113486408024,median_equiv_net_income
Poland,2016,228.30426560201724,143.37556083399315,median_equiv_net_income
Poland,2017,232.8010086152553,146.19952494061758,median_equiv_net_income
Poland,2018,241.92057154864466,151.9266297176036,median_equiv_net_income
Poland,2019,259.1931077957554,162.77381894959092,median_equiv_net_income
Poland,2020,280.52111788190797,176.16785431512272,median_equiv_net_income
Poland,2021,291.4477831477201,183.029823172341,median_equiv_net_income
Poland,2022,313.2170624080689,196.70097651095276,median_equiv_net_income
Poland,2023,347.78314772010924,218.4085510688836,median_equiv_net_income
Poland,2024,379.5755410800588,238.3742412245975,median_equiv_net_income
Romania,2007,100,NA,median_equiv_net_income
Romania,2008,110.02515271289975,NA,median_equiv_net_income
Romania,2009,123.75134746676248,NA,median_equiv_net_income
Romania,2010,127.09306503772908,100,median_equiv_net_income
Romania,2011,130.901904419691,102.99689001979078,median_equiv_net_income
Romania,2012,133.3093783686669,104.89115069267741,median_equiv_net_income
Romania,2013,139.63348904060368,109.86711902742437,median_equiv_net_income
Romania,2014,144.23284225655766,113.48600508905852,median_equiv_net_income
Romania,2015,156.55767157743443,123.1834888323438,median_equiv_net_income
Romania,2016,169.74487962630255,133.55951371218546,median_equiv_net_income
Romania,2017,190.94502335609056,150.2403166525304,median_equiv_net_income
Romania,2018,225.58390226374416,177.4950523042126,median_equiv_net_income
Romania,2019,263.6722960833633,207.46395250212043,median_equiv_net_income
Romania,2020,277.54222062522456,218.37715578173592,median_equiv_net_income
Romania,2021,312.5404240028746,245.91461690698333,median_equiv_net_income
Romania,2022,360.5102407473949,283.65846762793325,median_equiv_net_income
Romania,2023,398.27524254401726,313.37291489963246,median_equiv_net_income
Romania,2024,467.94825727632053,368.1933842239186,median_equiv_net_income
Slovakia,2005,100,NA,median_equiv_net_income
Slovakia,2006,115.78947368421052,NA,median_equiv_net_income
Slovakia,2007,140.55137844611528,NA,median_equiv_net_income
Slovakia,2008,169.4987468671679,NA,median_equiv_net_income
Slovakia,2009,196.79197994987467,NA,median_equiv_net_income
Slovakia,2010,209.52380952380952,100,median_equiv_net_income
Slovakia,2011,224.937343358396,107.35645933014354,median_equiv_net_income
Slovakia,2012,245.5889724310777,117.21291866028709,median_equiv_net_income
Slovakia,2013,239.8997493734336,114.49760765550239,median_equiv_net_income
Slovakia,2014,245.7644110275689,117.29665071770334,median_equiv_net_income
Slovakia,2015,256.140350877193,122.2488038277512,median_equiv_net_income
Slovakia,2016,262.30576441102755,125.19138755980862,median_equiv_net_income
Slovakia,2017,240.7268170426065,114.89234449760765,median_equiv_net_income
Slovakia,2018,244.21052631578948,116.55502392344498,median_equiv_net_income
Slovakia,2019,263.23308270676694,125.63397129186603,median_equiv_net_income
Slovakia,2020,252.531328320802,120.52631578947368,median_equiv_net_income
Slovakia,2021,236.21553884711778,112.73923444976077,median_equiv_net_income
Slovakia,2022,246.265664160401,117.53588516746412,median_equiv_net_income
Slovakia,2023,267.4185463659148,127.63157894736842,median_equiv_net_income
Slovakia,2024,286.54135338345867,136.75837320574163,median_equiv_net_income
Slovenia,2005,100,NA,median_equiv_net_income
Slovenia,2006,104.97538222337393,NA,median_equiv_net_income
Slovenia,2007,111.61786300423253,NA,median_equiv_net_income
Slovenia,2008,119.30551956465406,NA,median_equiv_net_income
Slovenia,2009,123.7885462555066,NA,median_equiv_net_income
Slovenia,2010,115.30621058996286,100,median_equiv_net_income
Slovenia,2011,120.41116005873715,104.4272979249382,median_equiv_net_income
Slovenia,2012,123.27027727390515,106.90688441081728,median_equiv_net_income
Slovenia,2013,122.76064610866374,106.46490373810772,median_equiv_net_income
Slovenia,2014,123.76263280642654,107.33388268784178,median_equiv_net_income
Slovenia,2015,130.44830266908525,113.1320698179639,median_equiv_net_income
Slovenia,2016,131.72669949036884,114.24076709865908,median_equiv_net_income
Slovenia,2017,131.6835104085687,114.2033111094464,median_equiv_net_income
Slovenia,2018,136.22700181394143,118.14368117461983,median_equiv_net_income
Slovenia,2019,143.67279951628228,124.60109371488501,median_equiv_net_income
Slovenia,2020,146.73922432409088,127.26046894898494,median_equiv_net_income
Slovenia,2021,151.84417379286518,131.68776687392315,median_equiv_net_income
Slovenia,2022,162.3218450375745,140.7745898569181,median_equiv_net_income
Slovenia,2023,175.11445106677033,151.8690538617125,median_equiv_net_income
Slovenia,2024,186.33497451844173,161.6001198591655,median_equiv_net_income
